e_chr	e_start	e_end	name	activity	activity_025	activity_050	activity_975	sd_activity	shape	rate
chr22	18213195	18213695	chr22:18213195-18213695	43.4175219043116	35.6657480419715	43.2853737053569	51.920196068875	4.14993938464583	109.457760309057	2.52105038491816
chr22	18996359	18996859	chr22:18996359-18996859	24.7625873214415	19.3056350445807	24.6448619368519	30.8884418828057	2.95854663258334	70.0543651946992	2.82904061216738
chr22	19863310	19863810	chr22:19863310-19863810	41.3543546911117	35.881241535134	41.2869898846373	47.2102727953394	2.89135094838623	204.569497658451	4.94674621781533
chr22	19874409	19874909	chr22:19874409-19874909	76.0808797296897	68.3383501057139	76.0088209853661	84.2328985370006	4.05581694647558	351.879819461689	4.62507558682149
chr22	19901718	19902218	chr22:19901718-19902218	35.4040634230585	30.4446208403872	35.3391736172929	40.7322437354711	2.6257075386294	181.808221324653	5.13523600814256
chr22	26137738	26138238	chr22:26137738-26138238	333.398568375136	288.737695857377	332.841682912148	381.223974217088	23.6042421586964	199.502038805283	0.598389008619874
chr22	38347195	38347695	chr22:38347195-38347695	45.8410000212902	41.2667201276631	45.7993012791533	50.6522422483943	2.39488302314038	366.386578049645	7.99255203593905
chr22	16921660	16922160	chr22:16921660-16922160	20.2630760219439	13.4296897255062	20.0195891469969	28.4795373695871	3.85143558222348	27.6799608032413	1.36602955904944
chr22	16928087	16928587	chr22:16928087-16928587	15.578817483256	9.9647358182014	15.3615116826458	22.4271644799443	3.19089389548613	23.8365969035001	1.53006458475552
chr22	17024109	17024609	chr22:17024109-17024609	18.2055229188725	12.9446685625397	18.0500786932063	24.3494646923037	2.91596949565027	38.9798678598757	2.14110124897691
chr22	17030693	17031193	chr22:17030693-17031193	24.727709620244	18.5004648360969	24.5711575010855	31.8444117961425	3.4097973653463	52.5909047797118	2.12680048364273
chr22	17032003	17032503	chr22:17032003-17032503	13.5299108606941	9.34546230143223	13.3957776406255	18.4763370507592	2.33541569703881	33.5630547101093	2.48065601138687
chr22	17038351	17038851	chr22:17038351-17038851	20.9622436232346	15.5605377658136	20.8227715124814	27.1563562305401	2.96334617359915	50.0392454146631	2.3871130549785
chr22	17049520	17050020	chr22:17049520-17050020	17.1864204474428	12.7559872874339	17.0719752158588	22.2670707300373	2.43058943036214	49.9974269197942	2.90912392564173
chr22	17055517	17056017	chr22:17055517-17056017	16.2271951719955	12.1743289464011	16.1262784375134	20.8534265100603	2.21771673408339	53.5395568609558	3.29937221395803
chr22	17059408	17059908	chr22:17059408-17059908	18.0703335708685	13.9269939790907	17.9768196852874	22.7449998612893	2.25259415578564	64.3526496196596	3.56123196991801
chr22	17066527	17067526	chr22:17066527-17067526	144.533552128735	133.136873345987	144.452370019115	156.391572320746	5.93330715839634	593.394735639268	4.10558466805503
chr22	17080519	17081019	chr22:17080519-17081019	194.701270176437	186.235349511085	194.668622409008	203.352724235283	4.36695019047159	1987.83847744163	10.2096841774082
chr22	17081915	17082415	chr22:17081915-17082415	420.211586589672	407.715972317534	420.178861467693	432.893174485564	6.42300533348561	4280.15484534578	10.1857135356081
chr22	17083727	17084928	chr22:17083727-17084928	196.257072457361	187.757369752034	196.22442738441	204.942293253241	4.38418154888859	2003.8885904074	10.2105293089132
chr22	17086148	17086648	chr22:17086148-17086648	93.7197177758874	87.8901142014765	93.6872447906825	99.7338602250046	3.02169484002707	961.968250043131	10.2643101459555
chr22	17096799	17097299	chr22:17096799-17097299	32.0270948938941	27.1139958460832	31.9561653483868	37.3432467555723	2.61107136908858	150.451876148951	4.69764356234614
chr22	17097433	17097933	chr22:17097433-17097933	24.5527415168194	20.2537231682428	24.481013235881	29.2593404454069	2.29915929389199	114.041221377175	4.64474491775401
chr22	17098513	17099013	chr22:17098513-17099013	46.9832333116035	40.6836105315674	46.9046026522791	53.7296792309935	3.32960558325168	199.113276816286	4.23796454142952
chr22	17105323	17105823	chr22:17105323-17105823	65.670397184724	57.266965624199	65.570633827269	74.640742963404	4.43393930534189	219.361192371569	3.34033600793565
chr22	17135067	17135567	chr22:17135067-17135567	45.3004391434809	36.6392979324504	45.1411446369295	54.8667166383158	4.6542384741283	94.7343676020864	2.09124612019836
chr22	17136208	17136708	chr22:17136208-17136708	23.7719275756538	17.8456500415058	23.6246774542835	30.5348172263784	3.24236430257544	53.7533057985619	2.26120938773235
chr22	17138883	17139383	chr22:17138883-17139383	32.2032597280849	24.9967706434086	32.0450551453242	40.3086438356836	3.9112087698369	67.7918792977063	2.10512475662779
chr22	17162794	17163294	chr22:17162794-17163294	18.2224560379276	12.8364999294355	18.0589696100348	24.537172134777	2.99195834706796	37.0939204290761	2.03561585506752
chr22	17198765	17199265	chr22:17198765-17199265	34.1846788593859	25.6457053151839	33.9720262776453	43.9318520548099	4.67254936563303	53.5248195623675	1.56575464062526
chr22	17210904	17211404	chr22:17210904-17211404	22.0198968092235	15.4977888122475	21.8214225642968	29.6695273842037	3.62386995145958	36.9220113130304	1.67675678196479
chr22	17217494	17217994	chr22:17217494-17217994	21.0905767064827	14.7173361508111	20.8919150610557	28.5923866329826	3.54838063106098	35.327793307778	1.67505108084214
chr22	17228220	17228983	chr22:17228220-17228983	37.9728650614159	28.5816008788156	37.7416644629077	48.6777173668482	5.13486215702948	54.6876362871769	1.44017672089602
chr22	17230167	17230667	chr22:17230167-17230667	21.101260127771	14.6649223767454	20.8983617574821	28.6902267053035	3.5869902699162	34.6063969834077	1.64001565659403
chr22	17239415	17239915	chr22:17239415-17239915	24.8537799027787	17.631325147266	24.6389428134198	33.2967312753214	4.00542987949632	38.5022961027777	1.54915253347331
chr22	17255367	17256112	chr22:17255367-17256112	184.306687104177	160.650968427701	184.024945122721	209.563429256619	12.4829172438061	217.996741921401	1.18279344795656
chr22	17256908	17257408	chr22:17256908-17257408	32.3704415483349	23.7126190883109	32.1369626659143	42.3547388373455	4.76474796939098	46.1548537931982	1.42583330920218
chr22	17262360	17262860	chr22:17262360-17262860	125.651122718844	106.366811358626	125.372579223482	146.518240364867	10.2488741616952	150.307421753474	1.19622824294057
chr22	17264732	17265232	chr22:17264732-17265232	80.1488097425516	65.1461908314321	79.8793074632469	96.6827917469638	8.05231563668453	99.0723749905739	1.23610538083856
chr22	17270629	17271129	chr22:17270629-17271129	27.6902608152332	19.8116457584571	27.4617178325509	36.8672557969787	4.3604400789834	40.326770825099	1.45635214829447
chr22	17276382	17276882	chr22:17276382-17276882	29.5713234766137	21.32952386807	29.3380228406626	39.1385505142455	4.55262445890352	42.1908105936903	1.42674745778817
chr22	17280498	17280998	chr22:17280498-17280998	28.6359083195142	20.5524469717489	28.4036129455889	38.0390746162595	4.47046840658674	41.0313557060546	1.4328637753772
chr22	17290980	17291480	chr22:17290980-17291480	24.8897718811576	17.4950911089042	24.663920211396	33.5675020309654	4.10995811998006	36.6747396504224	1.47348637125061
chr22	17295759	17296259	chr22:17295759-17296259	20.2060237935989	13.7771590023814	19.9927350303	27.8464989405597	3.59913758461814	31.5184478753078	1.55985404141177
chr22	17306036	17306536	chr22:17306036-17306536	47.4499574966832	36.2576433141008	47.1890332460101	60.1247712242587	6.09746957123693	60.5581183104809	1.27625231939805
chr22	17372746	17373246	chr22:17372746-17373246	21.1740911355674	14.5104605633966	20.9559324115552	29.0770086272412	3.72608433041483	32.2926879810812	1.52510385330481
chr22	17392359	17392859	chr22:17392359-17392859	41.9452702377964	31.5782550071016	41.6902379510735	53.7612760598915	5.66808531719754	54.7637571673669	1.3056002943097
chr22	17398218	17398718	chr22:17398218-17398718	98.7840728973811	81.6470303138964	98.5010448770668	117.529364992615	9.16072499589041	116.282447683579	1.1771376120964
chr22	17403011	17403511	chr22:17403011-17403511	22.1377467413644	15.2984082752433	21.9187927199461	30.2209099502674	3.81672437348256	33.6422654236041	1.51967884611958
chr22	17490292	17490792	chr22:17490292-17490792	15.7261479159012	10.7520664374863	15.5623046686828	21.6309640222627	2.78287713960835	31.9342444915141	2.0306463262516
chr22	17505259	17505759	chr22:17505259-17505759	20.0233440537057	14.7522374554717	19.8838127669224	26.0871839640384	2.89691871398337	47.7749895676815	2.38596457412617
chr22	17518337	17518837	chr22:17518337-17518837	34.1080805666607	28.0811890769711	34.006505422163	40.7121497906013	3.22476761215795	111.871049825736	3.27989872098184
chr22	17518953	17519453	chr22:17518953-17519453	25.7708668006513	20.6380143597339	25.6720570251571	31.4651649966793	2.76486471544009	86.8780931391938	3.37117466056665
chr22	17538962	17539462	chr22:17538962-17539462	40.5662481186775	31.6974816367268	40.3766364960359	50.5123696495319	4.80570512197782	71.2550168830191	1.75650991125827
chr22	17544404	17544904	chr22:17544404-17544904	25.3971423421298	18.5728565966635	25.2121065399679	33.2726779424926	3.75720595858424	45.6919508807757	1.79909811368739
chr22	17548825	17549325	chr22:17548825-17549325	17.5992425749598	12.1625279297424	17.425210503938	24.0245913212656	3.03395534748553	33.6488003393633	1.91194593722112
chr22	17555546	17556046	chr22:17555546-17556046	44.6857240251754	34.6830901166301	44.4660655019918	55.9364250090213	5.4288781630946	67.751264889112	1.51617247716389
chr22	17565510	17566010	chr22:17565510-17566010	351.907698126413	320.000361995881	351.644697908423	385.309600436571	16.6641031616459	445.957676020963	1.26725751779594
chr22	17568584	17569084	chr22:17568584-17569084	69.6677750191667	56.3673441343602	69.4235555628313	84.3558996059625	7.14665309276414	95.0295075035979	1.36403821533634
chr22	17579312	17579812	chr22:17579312-17579812	91.5898583518374	75.8382899468663	91.3321866381863	108.805597079724	8.41640675746216	118.42444060608	1.29298639322226
chr22	17583069	17583569	chr22:17583069-17583569	92.3634103376832	76.4785439905708	92.1035533420802	109.724864449713	8.48763783572698	118.420322588575	1.28211292930423
chr22	17601180	17601680	chr22:17601180-17601680	21.206075213067	14.6767305888585	20.9978992888285	28.9180202178916	3.64242068795039	33.8953706138852	1.59838019403983
chr22	17636784	17637284	chr22:17636784-17637284	212.610509800198	186.869921385382	212.322488687067	239.987814245926	13.5555626015581	245.999578925003	1.15704336138502
chr22	17639697	17640197	chr22:17639697-17640197	70.0796119521653	56.1633415897049	69.8126118642588	85.5130014891904	7.49479949213493	87.4305759600072	1.24758932768756
chr22	17652044	17652544	chr22:17652044-17652544	161.960917058481	139.684114432657	161.675130598439	185.861711672972	11.7856854944013	188.847290942971	1.16600532012783
chr22	17652633	17653133	chr22:17652633-17653133	173.881276189909	150.728785119389	173.594447369719	198.663689637657	12.2338247016675	202.013843512089	1.16179181530422
chr22	17672116	17672616	chr22:17672116-17672616	26.738190103374	19.0294727428646	26.5110433750737	35.7373430021592	4.2718072134935	39.1778612553283	1.46523983500232
chr22	17679519	17680019	chr22:17679519-17680019	30.4756259610978	22.0828986701496	30.2413872222408	40.1991207112372	4.63090792088977	43.3084836217828	1.42108594182991
chr22	17682066	17682566	chr22:17682066-17682566	83.67409036693	68.2316645394644	83.4010080642867	100.668227530485	8.2818899715886	102.07586919707	1.2199220660714
chr22	17684182	17684682	chr22:17684182-17684682	25.7871453049978	18.2622606690015	25.5622004528355	34.58994516814	4.17485185326797	38.1526226340042	1.47952098546596
chr22	17694821	17695321	chr22:17694821-17695321	50.0853562643883	38.6610413560745	49.8290425932563	62.9659960463831	6.20870230352069	65.0758517751567	1.29929896937614
chr22	17709358	17709858	chr22:17709358-17709858	14.5672034404524	9.50620316360314	14.3800816267099	20.6910745314338	2.86296200613906	25.8893532733066	1.77723564987176
chr22	17710488	17710988	chr22:17710488-17710988	18.2909849279495	12.3418281947112	18.0882322164951	25.3918770069148	3.33885031507787	30.0109874150456	1.64075294650685
chr22	17714923	17715423	chr22:17714923-17715423	16.425288759584	10.9121751132486	16.2299860580136	23.0477830522816	3.10554469540918	27.973735130944	1.70308939711161
chr22	17724291	17724791	chr22:17724291-17724791	63.9234390199853	50.7661439350685	63.6606453014737	78.5739350654607	7.10162569955179	81.0223258677309	1.26749009611951
chr22	17731606	17732106	chr22:17731606-17732106	19.2100074965182	13.0701597733083	19.0051748396418	26.513424864663	3.43907504616204	31.2012334422891	1.62421766092201
chr22	17738986	17739486	chr22:17738986-17739486	107.00521060623	89.3992206181294	106.730854293536	126.170192815932	9.38685035081156	129.948138852096	1.21440944899677
chr22	17741781	17742281	chr22:17741781-17742281	46.2270060366474	35.4154635666236	45.9774016040158	58.4567373964903	5.88633047438376	61.6740191627882	1.33415560406172
chr22	17749328	17749828	chr22:17749328-17749828	44.3164118722457	33.8344934201403	44.0712785725867	56.1911083035991	5.71161899809951	60.2019725026258	1.35845773516535
chr22	17756221	17756721	chr22:17756221-17756721	60.9579770118661	48.2965453726833	60.7024907266354	75.0710841193194	6.83789487005423	79.4723861420313	1.30372413977191
chr22	17765692	17766192	chr22:17765692-17766192	12.6826856186862	8.15342048943118	12.5093537759496	18.1964613310647	2.57124196102015	24.3296891751823	1.91833889971504
chr22	17784991	17785491	chr22:17784991-17785491	15.4532864675099	10.246991343574	15.2679990327472	21.7120682632548	2.93402995797448	27.7403938735841	1.79511289924687
chr22	17788289	17788789	chr22:17788289-17788789	24.7411623591455	17.5614340902961	24.5279502116885	33.1321571345749	3.98119326245323	38.6201252295504	1.56096648447378
chr22	17794066	17794566	chr22:17794066-17794566	13.5960905134885	8.85673311977438	13.4201322086126	19.3349050770565	2.68213754697631	25.6960283437643	1.8899571401258
chr22	17796244	17796744	chr22:17796244-17796744	29.3801474217603	21.3692949964893	29.159173951234	38.6464120939412	4.41622327014014	44.2594382664939	1.50644030580028
chr22	17800387	17800887	chr22:17800387-17800887	24.7301503627729	17.5763751427076	24.5185112600511	33.08625835085	3.96557539174557	38.8902819794366	1.57258574690995
chr22	17819979	17820479	chr22:17819979-17820479	46.0122812187374	35.5105112258377	45.7764988799135	57.853720662484	5.70758452821616	64.9894448033943	1.41243692079603
chr22	17827873	17828373	chr22:17827873-17828373	137.850362818299	118.281346953443	137.590614951833	158.895398678748	10.3660549339473	176.843383256517	1.28286483721203
chr22	17840347	17840847	chr22:17840347-17840847	425.171682939102	389.817575980336	424.90550113437	462.038443230562	18.4270648811905	532.373383454397	1.25213744192519
chr22	17847096	17847596	chr22:17847096-17847596	54.2189357904761	42.7707514497718	53.9836174989235	67.0041932295115	6.18917134582281	76.7426807181502	1.41542211405098
chr22	17847712	17848212	chr22:17847712-17848212	103.080036484295	86.5624050281461	102.829973409867	121.018624646808	8.79562392998709	137.345938988409	1.33242035677136
chr22	17848474	17848974	chr22:17848474-17848974	56.963424805341	45.1863795074044	56.7270189393444	70.0837325654638	6.35841570715193	80.2591116396145	1.40895867679798
chr22	17849586	17850086	chr22:17849586-17850086	173.784874303785	151.839547324748	173.528015818954	197.18982492458	11.573660674688	225.466725611005	1.29738981320594
chr22	17856811	17857311	chr22:17856811-17857311	43.1376555976063	33.2011680694594	42.9122146795417	54.3550496204293	5.40391437215236	63.7229921334319	1.47720109613393
chr22	17859260	17859760	chr22:17859260-17859760	233.859352421753	208.30259314427	233.602889395544	260.873509258077	13.4150649139241	303.895261561256	1.29947876111962
chr22	17864676	17865176	chr22:17864676-17865176	59.5661142557532	47.6621130478515	59.3360906975813	72.7771279899872	6.4135174790296	86.2593090454313	1.44812717974297
chr22	17890250	17890750	chr22:17890250-17890750	20.9200503081316	14.7700130078468	20.734570211989	28.1237970858855	3.41457831891651	37.5362853823023	1.79427318909038
chr22	17891991	17892491	chr22:17891991-17892491	47.6098528155908	37.3343640976635	47.3933454762621	59.1155214440446	5.56316578790788	73.2402254770911	1.53834177477455
chr22	17900738	17901238	chr22:17900738-17901238	70.2585562555991	57.453085309698	70.0352189262425	84.3330812091142	6.86300229183109	104.802140922351	1.4916637418663
chr22	17902030	17902530	chr22:17902030-17902530	87.2514003686027	72.7950075307948	87.0243957668557	102.997713946298	7.71018776870321	128.060414347063	1.46771758167844
chr22	17909565	17910065	chr22:17909565-17910065	30.1251029551915	22.4326190947724	29.9285754656415	38.9341576388931	4.21687416743829	51.0359021550103	1.69413204100652
chr22	17910145	17910645	chr22:17910145-17910645	24.5912437826731	17.8305855764393	24.4029352237477	32.421730066116	3.72979205668874	43.4702112696234	1.76771096467485
chr22	17912492	17912992	chr22:17912492-17912992	48.4568214658659	38.2138103537452	48.246009141442	59.8976628604216	5.53802654905294	76.5596218048285	1.57995550448473
chr22	17915612	17916112	chr22:17915612-17916112	217.75091658829	194.265041447727	217.518490784522	242.55759489101	12.3232159639525	312.228012444612	1.43387691467197
chr22	17921793	17922293	chr22:17921793-17922293	44.775443183035	35.0663878568558	44.5697852029117	55.6530310576708	5.2581356058722	72.5130582234122	1.61948275814915
chr22	17922473	17922973	chr22:17922473-17922973	175.181589914517	154.381257062054	174.953625775214	197.277360157931	10.9468319422582	256.094366846422	1.46187945303721
chr22	17928639	17929139	chr22:17928639-17929139	43.8400601600352	34.302840195713	43.6372962384257	54.529367443847	5.16619999718156	72.0111676833656	1.64258824966238
chr22	17936755	17937255	chr22:17936755-17937255	18.1006410069178	12.6667234484265	17.9325909425423	24.4892327948325	3.02336040889065	35.8433065636708	1.98022305121526
chr22	17938734	17939234	chr22:17938734-17939234	36.4934623684878	28.0194441443192	36.299424334357	46.0699588401742	4.61124659992181	62.6315908849171	1.71624139832234
chr22	17945865	17946365	chr22:17945865-17946365	30.0544725478448	22.5756648025945	29.8690395282317	38.5868322731246	4.09118305976752	53.9660207834492	1.79560698320487
chr22	17948369	17948869	chr22:17948369-17948869	19.0073082533676	13.4410764848549	18.8402066518766	25.5228443181033	3.08926184941345	37.8557446650344	1.99164153916046
chr22	17949460	17949960	chr22:17949460-17949960	22.6893804495654	16.4462487852507	22.5153115257934	29.9214407113049	3.44454486493116	43.389194034392	1.91231286067236
chr22	17950956	17951456	chr22:17950956-17951456	29.124580614438	21.8227176400058	28.9419594634019	37.4640157014627	3.99677908293305	53.1005565622876	1.82322132858332
chr22	17955774	17956274	chr22:17955774-17956274	46.4675523647625	36.8332930494529	46.2735435378835	57.2041723317356	5.20245542245976	79.7779475116855	1.71685280269212
chr22	17956395	17956895	chr22:17956395-17956895	92.8113738789889	78.5526942008116	92.6051936482682	108.241659831065	7.57828191767248	149.989510734634	1.61606820873265
chr22	17965192	17965692	chr22:17965192-17965692	27.2558089437293	20.341958789792	27.0805277516458	35.1655226583481	3.78798518503835	51.772794712167	1.89951414830703
chr22	17980628	17981128	chr22:17980628-17981128	90.6710155214545	77.0069486802516	90.4775258724011	105.434578870124	7.2561517299773	156.143621828087	1.72208969900795
chr22	18008743	18009243	chr22:18008743-18009243	13.4050539891941	9.26187997795639	13.2723468323075	18.3021049316794	2.31222158558529	33.610752241832	2.50731942362379
chr22	18009306	18009806	chr22:18009306-18009806	23.4704080570176	17.5105989133237	23.3191317180471	30.2896962345288	3.26555847474719	51.6566634062615	2.20092736695374
chr22	18020029	18020529	chr22:18020029-18020529	19.7796688398173	14.5235997484424	19.6389996088628	25.8349319320479	2.89099214371	46.8106001730204	2.3666018148286
chr22	18038120	18038620	chr22:18038120-18038620	26.0728471915796	20.0714713741965	25.9367992156917	32.8472183977523	3.26365146210073	63.8218477349624	2.44782808973674
chr22	18042552	18043052	chr22:18042552-18043052	167.56132429979	150.889349731703	167.409806257151	185.094333864527	8.72799815722622	368.568551998067	2.19960395716764
chr22	18049563	18050496	chr22:18049563-18050496	37.6534315932968	30.4525074680699	37.5209555249531	45.6071053900078	3.86961802049158	94.6832007855363	2.5145968582155
chr22	18051090	18051590	chr22:18051090-18051590	34.956621872672	28.0886475105975	34.8264130379257	42.5644572788027	3.69649487504625	89.4290663562949	2.55828685855391
chr22	18055376	18055876	chr22:18055376-18055876	18.7147613470551	14.0570732475217	18.5992571389677	24.0286954503889	2.54795613845788	53.9491605452379	2.88270630572199
chr22	18056536	18057036	chr22:18056536-18057036	42.8455665035772	35.2843435303592	42.7183101092436	51.1298953108992	4.0454655042521	112.169497497872	2.61799543456864
chr22	18060945	18061445	chr22:18060945-18061445	19.5809464964512	14.8883708304658	19.4695378330172	24.9065107776315	2.55951867683287	58.5262577456559	2.98893915859803
chr22	18062863	18063363	chr22:18062863-18063363	123.386215310269	110.317609088767	123.259343602595	137.175794846305	6.85355798849751	324.116471816582	2.626845073427
chr22	18089249	18089749	chr22:18089249-18089749	17.4300718621031	13.7833382265391	17.3558832318484	21.4983449366367	1.9703535505688	78.2546284317906	4.48963314958752
chr22	18106431	18106931	chr22:18106431-18106931	27.8996959181491	24.7871093211786	27.8677694036325	31.1937103826368	1.63485922075084	291.231413141081	10.4385156739874
chr22	18111411	18111911	chr22:18111411-18111911	331.682611463563	320.98616811445	331.652192595634	342.551922132611	5.50170175676762	3634.55562960869	10.9579323847309
chr22	18115898	18116398	chr22:18115898-18116398	178.730456176173	171.505628506309	178.704594858287	186.102250779145	3.72383836944234	2303.64462409144	12.8889315977617
chr22	18121101	18121601	chr22:18121101-18121601	198.914666618362	190.208731475174	198.880867801995	207.812676413476	4.49108564580818	1961.69252872849	9.86198032592639
chr22	18122254	18122754	chr22:18122254-18122754	66.6656049063332	61.5929043688395	66.6307859673057	71.9361746850229	2.63900056438042	638.152804357759	9.57244451999467
chr22	18136065	18136565	chr22:18136065-18136565	20.6378742197752	16.9039312455147	20.5732790218868	24.7388626322824	2.00038951166003	106.438999809094	5.15745946872302
chr22	18155752	18156252	chr22:18155752-18156252	160.522604616883	146.803244820625	160.416305638386	174.846037570792	7.15515191091097	503.308979233356	3.13543989916309
chr22	18156685	18157185	chr22:18156685-18157185	54.4193962441219	46.6533783723694	54.3157274971013	62.7745124008561	4.11467126059304	174.919066901647	3.21427797759775
chr22	18164607	18165107	chr22:18164607-18165107	16.8618197673044	12.7548623386913	16.7624787973686	21.5331966239592	2.24288142977812	56.5192324682575	3.35190585881186
chr22	18182520	18183020	chr22:18182520-18183020	16.9991721301091	12.6650631569193	16.8886414764707	21.9612614742458	2.37557707215095	51.2055803769171	3.01223965408417
chr22	18189183	18189683	chr22:18189183-18189683	44.4960277760302	36.7431827405789	44.3673698508311	52.9799447277854	4.1452581549906	115.223037669873	2.58951289427106
chr22	18195255	18195755	chr22:18195255-18195755	34.594544090198	27.819808262636	34.4665692111259	42.096448090611	3.64561099712339	90.0481037569328	2.6029567992615
chr22	18204732	18205232	chr22:18204732-18205232	33.8613830227871	27.1150049371771	33.7314665475206	41.3459577702937	3.63407576153063	86.8203296620331	2.56399242770466
chr22	18207574	18208555	chr22:18207574-18208555	74.7298617268633	64.1983844792247	74.5911687001034	86.049464415974	5.57707978068783	179.545548899748	2.40259442143737
chr22	18225158	18225658	chr22:18225158-18225658	89.6176720511579	78.1896041514444	89.4825044789758	101.81384210995	6.02909404192531	220.94450274855	2.46541220823527
chr22	18247502	18248002	chr22:18247502-18248002	14.0732618189737	10.6317947612897	13.9896341719207	17.989869961809	1.88002754554448	56.0352236715885	3.98167989712528
chr22	18255992	18256492	chr22:18255992-18256492	180.612501449963	168.440147379211	180.538837587316	193.203474707372	6.31796955294597	817.222956458625	4.52473084586023
chr22	18256494	18256994	chr22:18256494-18256994	55.8883335970325	49.2947847063491	55.8165623182555	62.8897328581621	3.4693347921354	259.507490702645	4.6433213159253
chr22	18259954	18260454	chr22:18259954-18260454	285.248242932695	269.838476629558	285.174009470895	301.079867720958	7.97043497786112	1280.80174170462	4.49013017060662
chr22	18262118	18262618	chr22:18262118-18262618	260.188919725017	245.392672327312	260.113777349737	275.412190374539	7.65876315159417	1154.14484923938	4.43579553833095
chr22	18264040	18264540	chr22:18264040-18264540	84.7891437939838	75.8289366860547	84.7023652882894	94.2424868375333	4.69868575600116	325.632465898832	3.84049715951887
chr22	18267886	18268386	chr22:18267886-18268386	125.19302475819	113.107779194298	125.086634703096	137.882856737763	6.32170250566018	392.186062832655	3.13265106894062
chr22	18269273	18269773	chr22:18269273-18269773	1306.26674924651	1265.0912483044	1306.1523369629	1348.0924436138	21.1746515359321	3805.67064362254	2.91339471499046
chr22	18275060	18275560	chr22:18275060-18275560	21.5201703607038	16.590108883439	21.4090107975531	27.0818178876188	2.68014140509412	64.4727201453098	2.99592052779647
chr22	18275814	18276314	chr22:18275814-18276314	35.3944164861297	28.7552254712371	35.2748742334213	42.7128688783869	3.56385238606042	98.6347842900286	2.7867328828173
chr22	18280927	18281427	chr22:18280927-18281427	42.8693403970053	35.2254748158347	42.7392204034313	51.2525817291923	4.09188767611214	109.760529988384	2.56035033363964
chr22	18285495	18285995	chr22:18285495-18285995	36.6492257716474	29.5133110533549	36.5152913762066	44.5461726345039	3.838670832039	91.1523486806169	2.48715618847081
chr22	18307144	18307644	chr22:18307144-18307644	15.3806912603274	10.9692199649366	15.2514978014615	20.5261218326524	2.44341263989115	39.6239782686276	2.5762156978492
chr22	18312665	18313165	chr22:18312665-18313165	111.267016561517	97.1147718503115	111.100089913233	126.367837592529	7.46560003488934	222.128072654207	1.99635147520466
chr22	18330102	18330602	chr22:18330102-18330602	72.5514001089705	61.0950998852775	72.3807166740051	84.9775934321633	6.09635606019276	141.628595197827	1.95211388043654
chr22	18335954	18336454	chr22:18335954-18336454	52.2758998421509	42.6952882016037	52.1077830641364	62.8117882752047	5.13619624174985	103.590473207151	1.98161052262986
chr22	18350129	18350629	chr22:18350129-18350629	25.4503636279764	19.1594417184632	25.2955842893187	32.6206792621308	3.43954381239958	54.7502733745971	2.15125701836388
chr22	18355173	18355673	chr22:18355173-18355673	19.9022303060283	14.5001325317006	19.754007794915	26.1464241278456	2.97686420201728	44.697727960499	2.24586527606206
chr22	18371577	18372077	chr22:18371577-18372077	50.0076800123746	40.5502033309111	49.8358357908198	60.4416054116962	5.07901770827391	96.942442975329	1.93855109757822
chr22	18372562	18373505	chr22:18372562-18373505	43.659184824159	34.9111329507297	43.4896459890544	53.3705693217395	4.71393662742722	85.7795504216269	1.9647538259615
chr22	18393221	18393721	chr22:18393221-18393721	46.2284090629614	37.1449681084446	46.0561788404855	56.2904812196047	4.88893585126151	89.4106428670794	1.93410598978878
chr22	18396637	18397137	chr22:18396637-18397137	138.170144407573	121.506769934222	137.984461615228	155.888685027327	8.77415972702409	247.98039685441	1.79474659969176
chr22	18398910	18399410	chr22:18398910-18399410	391.490417302181	362.714678958287	391.299880893054	421.348938370303	14.9599101213436	684.832407204673	1.74929545382989
chr22	18400337	18400837	chr22:18400337-18400837	323.755531659772	297.671022280747	323.565504569672	350.919925287218	13.5862518741578	567.851884772579	1.75395268726813
chr22	18402938	18403438	chr22:18402938-18403438	215.174091040916	194.091995149849	214.985576222718	237.327465485456	11.0322024811562	380.413136660439	1.76793188631665
chr22	18404664	18405164	chr22:18404664-18405164	86.6208141995101	73.6736355536154	86.439098916973	100.600583451341	6.87303730462232	158.835334128054	1.83368553616011
chr22	18419556	18420056	chr22:18419556-18420056	21.6217113807564	15.881406560592	21.468246814755	28.2339057145776	3.15708578252509	46.9037284427943	2.16928843498204
chr22	18432511	18433011	chr22:18432511-18433011	16.1237692531744	11.38538419924	15.9809229007735	21.6736623777665	2.63072018304333	37.5650382346538	2.32979259655791
chr22	18433357	18433857	chr22:18433357-18433857	24.3243985918363	18.1529781178355	24.1679052629992	31.3849389195848	3.38127230908046	51.751617352717	2.12755999525866
chr22	18448278	18448778	chr22:18448278-18448778	80.4831440281449	68.1347468875288	80.3048421839392	93.8447304897338	6.56261298038602	150.40292439346	1.86875060870963
chr22	18452971	18453471	chr22:18452971-18453471	184.585488422204	165.317704173026	184.401293413119	204.899998075981	10.1003612905853	333.98063992196	1.80935480235609
chr22	18463264	18463764	chr22:18463264-18463764	378.520318746864	350.657777096872	378.335552481	407.432852420586	14.4855644586159	682.822067513164	1.80392447563641
chr22	18484278	18484778	chr22:18484278-18484778	482.746683365005	451.721036886892	482.567925287388	514.78818300462	16.0904213373992	900.126949230585	1.86459478697236
chr22	18506189	18506689	chr22:18506189-18506689	123.834777674594	109.068011673704	123.672198715664	139.525420432197	7.77257432317062	253.837329690597	2.04980647970811
chr22	18507222	18507722	chr22:18507222-18507722	84.3740560236491	72.3927331858685	84.2149695308687	97.2593894955831	6.34679862828219	176.729242328687	2.09459223199074
chr22	18518334	18519287	chr22:18518334-18519287	23.8412752333875	18.182171322745	23.7083895219948	30.2553968883099	3.08447547589864	59.7442783525463	2.50591789942846
chr22	18525279	18525779	chr22:18525279-18525779	21.0949070608843	15.9450710957911	20.9700093891868	26.9543655809022	2.81291768563125	56.2394656239311	2.66602101927315
chr22	18531323	18531823	chr22:18531323-18531823	40.5312467464904	33.141051059456	40.4023002740745	48.6541458363913	3.96080708520911	104.715879673263	2.58358397727625
chr22	18538879	18539379	chr22:18538879-18539379	72.372719324424	62.6656396338814	72.2515148483279	82.7685502302606	5.13064777612075	198.978146124579	2.74935290509982
chr22	18540305	18540805	chr22:18540305-18540805	47.5724476512069	39.9533968040992	47.457167662301	55.8465647865139	4.05703911863775	137.496803933442	2.8902612903491
chr22	18545325	18545825	chr22:18545325-18545825	17.9065597833388	13.7919087600071	17.813464521328	22.5501584848761	2.23734327304442	64.0558898909747	3.57723039299686
chr22	18553525	18554025	chr22:18553525-18554025	17.0305220167584	13.6570304237699	16.9659772426274	20.7707632624552	1.81657032198507	87.8924338590618	5.16087726333777
chr22	18558739	18559239	chr22:18558739-18559239	115.287838719304	106.648059150579	115.229467729511	124.259329442698	4.49335223028501	658.303353389407	5.7100849552068
chr22	18560380	18560880	chr22:18560380-18560880	134.710981696555	125.350132434915	134.65250845027	144.404124128367	4.86135679721349	767.875847874978	5.70017260808528
chr22	18589761	18590261	chr22:18589761-18590261	54.9961174515833	46.2304718355787	54.8641849033781	64.5114564502078	4.66654577190149	138.890647200247	2.52546277148604
chr22	18628682	18629182	chr22:18628682-18629182	24.0180956401154	18.1076625227648	23.8734258387169	30.7504860178946	3.23037765935007	55.2803193778138	2.30161126036503
chr22	18632564	18633064	chr22:18632564-18633064	88.0897927458997	75.5397263166248	87.9225631483346	101.59014261861	6.64895615774104	175.527124331249	1.99259322629544
chr22	18638843	18639343	chr22:18638843-18639343	24.9575469809817	18.8518317497099	24.8091048804135	31.9066546589476	3.33558182776898	55.9835708957339	2.24315197877399
chr22	18639916	18640416	chr22:18639916-18640416	73.0028817745068	61.6033168952323	72.8350979592746	85.3558649022149	6.06309907076683	144.974186017776	1.98586935876827
chr22	18841614	18842114	chr22:18841614-18842114	154.572562110835	137.522853637848	154.399775221377	172.604162561574	8.95211066123212	298.135661368893	1.92877479222423
chr22	18846697	18847197	chr22:18846697-18847197	31.3364310861419	24.3503938927012	31.1837240473	39.1901283900697	3.790568055414	68.3424383142182	2.18092603227053
chr22	18875772	18876272	chr22:18875772-18876272	15.1106953731633	10.7341776273445	14.9810289895966	20.2238539367636	2.42634032591005	38.7851493662718	2.56673491248818
chr22	18892293	18892793	chr22:18892293-18892793	45.3553105787344	36.8530009112153	45.2023281523881	54.7268950758291	4.56379662073298	98.7651495110713	2.17758732661791
chr22	18893470	18893970	chr22:18893470-18893970	272.583389804128	250.205129277907	272.417135561149	295.906437631304	11.6605827469858	546.459859012842	2.00474379383687
chr22	18894373	18894873	chr22:18894373-18894873	74.2658963893393	63.06839477519	74.1072471718757	86.3649151975389	5.94643964932348	155.978530179279	2.10027129224376
chr22	18913911	18914411	chr22:18913911-18914411	33.8787057616891	26.7848343157963	33.7342573925794	41.7933319126457	3.83306257270671	78.1199225662313	2.30587092422436
chr22	18916964	18917464	chr22:18916964-18917464	23.1818270528127	17.5438973553745	23.0456869720362	29.5932559635152	3.0786193325196	56.7000364969965	2.44588299135451
chr22	18941825	18942325	chr22:18941825-18942325	22.2387504540472	16.859112493879	22.10964734024	28.3519080040984	2.93636518234436	57.3588758827007	2.57923105892229
chr22	18946237	18946737	chr22:18946237-18946737	32.8934636092873	26.1129774494096	32.7578092543751	40.4447410702932	3.66009537794002	80.7670846103426	2.45541441210643
chr22	18955532	18956032	chr22:18955532-18956032	39.8606429364327	32.3353537089688	39.7241725349053	48.1613810675965	4.04096229067548	97.3013808043197	2.44103892050838
chr22	18975305	18975805	chr22:18975305-18975805	65.0908256963823	55.3584357980467	64.9541802727556	75.5996982925488	5.16653453796463	158.72337428321	2.43849071793279
chr22	18976657	18977157	chr22:18976657-18977157	50.875417796167	42.3964023005842	50.7414148771998	60.1158845152449	4.52349169415213	126.493550569025	2.48633929800485
chr22	18982211	18982711	chr22:18982211-18982711	25.704027311286	20.0152533627791	25.5807017013335	32.0935222121062	3.0851357904518	69.4150722412863	2.70055238428757
chr22	18986476	18986976	chr22:18986476-18986976	61.6191089493541	52.3217059091749	61.487277230156	71.6656398380081	4.93754566127102	155.743015012229	2.52751163831722
chr22	18989987	18990487	chr22:18989987-18990487	87.216187032024	76.0285287120172	87.083024008674	99.1605559436629	5.90350672956831	218.259957724521	2.50251662164938
chr22	18997159	18997659	chr22:18997159-18997659	22.1011454382205	17.0085463931047	21.9855584964115	27.8504843686643	2.76965544676998	63.6763373822006	2.88113290599329
chr22	19005293	19005793	chr22:19005293-19005793	24.7278972831416	19.3295906713664	24.6126720199347	30.7809031479279	2.92488709202414	71.475329204199	2.89047339471633
chr22	19010213	19010713	chr22:19010213-19010713	48.7983089595468	40.8720956301439	48.676522200584	57.4165606922628	4.2233757579851	133.50271540571	2.73580618370162
chr22	19014852	19015352	chr22:19014852-19015352	37.7229264343153	30.9084647636217	37.6052428192155	45.2060949504672	3.65041517676468	106.788928917447	2.83087604837318
chr22	19023027	19023527	chr22:19023027-19023527	85.9787029386834	75.4263360777146	85.858896750959	97.2118824550287	5.55967738117462	239.156724353619	2.78158097504886
chr22	19023765	19024265	chr22:19023765-19024265	49.4204579015344	41.6229844135126	49.3043884992017	57.8774853145735	4.14919494565771	141.868458431942	2.87064233023906
chr22	19024401	19024901	chr22:19024401-19024901	68.0765361720983	58.7927745018711	67.9585280599944	78.0308840399434	4.91000981685059	192.233989635549	2.82379216753301
chr22	19032454	19032954	chr22:19032454-19032954	21.9550499751905	17.1252648556286	21.8510615947935	27.375685681947	2.61820880082344	70.3169950680688	3.2027708954217
chr22	19038793	19039293	chr22:19038793-19039293	62.8600851733059	54.1982179660562	62.7487440883332	72.1546519973613	4.58294216855018	188.131351894426	2.99285868569452
chr22	19040750	19041250	chr22:19040750-19041250	29.735097047817	24.0511348501079	29.6305827524697	36.0129258425197	3.05435487166939	94.7762959979114	3.18735452066968
chr22	19041481	19041981	chr22:19041481-19041981	28.0011003548255	22.5183088638829	27.8975457999032	34.0723009152729	2.950368532189	90.0736292054339	3.21678891415106
chr22	19044152	19044652	chr22:19044152-19044652	30.5605163182465	24.8252642232249	30.4571941344713	36.8828642555195	3.07871068076693	98.5334338334468	3.22420710459712
chr22	19061205	19061705	chr22:19061205-19061705	40.36813782274	33.9343495283906	40.2713080735388	47.3521513948317	3.42513181638742	138.906590589348	3.44099574766859
chr22	19061919	19062419	chr22:19061919-19062419	27.7701720267607	22.569524683614	27.6766993594315	33.5019487341887	2.79140444811284	98.9718316440336	3.56396177699797
chr22	19062916	19063416	chr22:19062916-19063416	27.7555709514333	22.5716861154744	27.6626786643234	33.467287708157	2.78198848623695	99.5381751512011	3.58624131081191
chr22	19068938	19069438	chr22:19068938-19069438	30.1931283703544	24.8598436444068	30.1032771397204	36.036972389561	2.85359310278485	111.952071435652	3.70786591115792
chr22	19072659	19073624	chr22:19072659-19073624	128.887867096722	117.39894076223	128.794843065954	140.905426854538	5.99780182759629	461.78502918627	3.58284328531663
chr22	19074352	19074852	chr22:19074352-19074852	65.4564956992008	57.4740589504906	65.3664835286485	73.9504374768919	4.20475606486136	242.339323272756	3.70229601637098
chr22	19083097	19083919	chr22:19083097-19083919	37.1199864363772	31.5133770550884	37.0403992715629	43.1788462431991	2.97761853856533	155.409476784853	4.18667924491893
chr22	19084458	19084958	chr22:19084458-19084958	23.9416673710114	19.5856150621379	23.865840981799	28.7285828334351	2.33437597115897	105.188237214797	4.39352178713162
chr22	19085795	19086295	chr22:19085795-19086295	24.7399240556709	20.3390774808714	24.6652048943269	29.5653446438591	2.35555296947173	110.309006948753	4.45874476819457
chr22	19091433	19091933	chr22:19091433-19091933	31.8251549007727	26.9767265908906	31.7556838780494	37.0683485363288	2.57591931795397	152.64287599887	4.79629640373453
chr22	19096875	19097375	chr22:19096875-19097375	464.843234988831	446.499379171374	464.779164814841	483.551194424969	9.45251028006207	2418.34753882616	5.2025013096819
chr22	19102299	19102799	chr22:19102299-19102799	36.912773352291	32.5047686140666	36.864167957488	41.5969847297455	2.32028924231744	253.086569533887	6.85634122146446
chr22	19103042	19103542	chr22:19103042-19103542	42.0758440794189	37.4620490341901	42.0293776146787	46.9536931423424	2.4220859935658	301.777292411421	7.17222194857959
chr22	19108933	19109433	chr22:19108933-19109433	86.9870874851985	80.7674919916713	86.9470692416129	93.4340993914033	3.23172802840647	724.502636543176	8.32885267789263
chr22	19109825	19110325	chr22:19109825-19110325	368.652165975689	355.708519044406	368.612031766685	381.823891369641	6.66239809992058	3061.76899264181	8.30530585528614
chr22	19111438	19111938	chr22:19111438-19111938	81.7287752158138	75.746367449359	81.6893337081315	87.9353217176814	3.10987919354799	690.657836419916	8.45060793577487
chr22	19117660	19118160	chr22:19117660-19118160	29.0412662729831	25.3076975613151	28.9967207587072	33.0279687192293	1.9702880696807	217.255931462571	7.48093865537407
chr22	19118219	19118719	chr22:19118219-19118719	24.7042496387471	21.2537836099689	24.6592459919179	28.4104499760181	1.82658890086057	182.92021611198	7.40440283703581
chr22	19118827	19119327	chr22:19118827-19119327	28.4021516578615	24.6514818680741	28.3560961565181	32.4145349403537	1.98125211048868	205.505287195098	7.23555347744985
chr22	19131376	19131876	chr22:19131376-19131876	67.6377644241125	61.8275120832326	67.5925060327429	73.7052099439027	3.03061425137378	498.100717414771	7.36423980975339
chr22	19132059	19132559	chr22:19132059-19132559	494.204764092095	478.173202019133	494.158899916535	510.496967580109	8.24621150699019	3591.74020148971	7.26771666818735
chr22	19133647	19134147	chr22:19133647-19134147	63.1925694643275	57.5813620947884	63.1473198160773	69.0609198691393	2.92906431688754	465.451262709293	7.36560115619356
chr22	19139134	19139634	chr22:19139134-19139634	25.1124232545308	21.5438683428142	25.0650041398822	28.9504377451785	1.89040449700093	176.468730547328	7.02714862515269
chr22	19140791	19141590	chr22:19140791-19141590	78.6331149310148	71.9770330887403	78.5820597328405	85.5793321099668	3.47063096747278	513.326972617286	6.52812715187017
chr22	19147626	19148126	chr22:19147626-19148126	44.6180557531983	39.6682376252059	44.567586417321	49.8546746396166	2.5994021697076	294.628211505653	6.60334043095398
chr22	19149918	19150418	chr22:19149918-19150418	20.0694928357554	16.9106605921889	20.0225965694859	23.4948090098889	1.68069323905242	142.59223938756	7.10492490042004
chr22	19155606	19156106	chr22:19155606-19156106	53.8495292531181	48.917658971784	53.8084466216327	59.014861984618	2.57638161879911	436.861163548054	8.11262734525684
chr22	19157003	19157503	chr22:19157003-19157503	87.6554445212921	81.4724708397963	87.6162175565873	94.061338027338	3.21188298160729	744.797764530485	8.49687967014494
chr22	19158108	19158608	chr22:19158108-19158608	58.6212661535552	53.7306575621653	58.5843176405694	63.721845078462	2.5492419677391	528.796132054332	9.02055118818451
chr22	19158867	19159367	chr22:19158867-19159367	187.418393287184	178.737697822567	187.382682247109	196.302030184733	4.48100408352344	1749.33804529963	9.33386534062906
chr22	19166180	19166680	chr22:19166180-19166680	305.512547552592	295.220208848658	305.481948821563	315.978775664398	5.29578967004033	3328.10214459938	10.8935039534717
chr22	19166826	19167326	chr22:19166826-19167326	230.959861588443	221.999692909799	230.929105637673	240.094812919549	4.61634866441949	2503.08625542175	10.8377543968315
chr22	19172521	19173021	chr22:19172521-19173021	97.2841658626921	91.0057042920252	97.2478356053698	103.769086368456	3.25634467756364	892.531563209996	9.17447927209166
chr22	19181342	19181842	chr22:19181342-19181842	26.6417115927541	22.7151199899683	26.5874340296632	30.8767342218173	2.08319884495748	163.554611199364	6.13904293010392
chr22	19183228	19183728	chr22:19183228-19183728	27.5607992494659	23.4646413804732	27.5036623525287	31.9816358014248	2.17392778616222	160.728683841191	5.83178602283478
chr22	19185451	19185951	chr22:19185451-19185951	25.2485665880696	21.2524342630256	25.1888792559374	29.5838666031876	2.12672643103787	140.945169973753	5.58230383028366
chr22	19189531	19190450	chr22:19189531-19190450	51.8638096560441	45.7316822330877	51.7969055358718	58.3761290531936	3.22677848961104	258.339326515552	4.98110972234462
chr22	19191285	19191785	chr22:19191285-19191785	36.7707597276575	31.6179917737961	36.7033139350102	42.3067898419153	2.72810037839105	181.67054304487	4.94062522478219
chr22	19194834	19195334	chr22:19194834-19195334	44.7780824926651	38.9148081015788	44.7067379950226	51.0467772399392	3.09624455978977	209.151253189727	4.67083987403853
chr22	19195727	19196227	chr22:19195727-19196227	59.7904140629645	52.9098886200596	59.7174759973097	67.085421320563	3.61743469597994	273.188065354466	4.56909472255494
chr22	19205395	19205895	chr22:19205395-19205895	521.400947935889	499.373244929324	521.318464649204	543.897393854996	11.3588829099302	2107.03809317751	4.04110905727888
chr22	19216906	19217406	chr22:19216906-19217406	42.4871882255928	36.310564167603	42.4030676013911	49.141826876847	3.27504675688455	168.298781671846	3.96116544070264
chr22	19220566	19221066	chr22:19220566-19221066	33.5328953319071	28.070868414989	33.4487123947169	39.4732812522805	2.9107535576878	132.718429163519	3.95785773491607
chr22	19221581	19222081	chr22:19221581-19222081	20.8000725273289	16.6289682136037	20.7191626887518	25.4309126131521	2.24773279664848	85.6328372783871	4.11694897534014
chr22	19232245	19232745	chr22:19232245-19232745	104.74135452811	94.5061555873632	104.650085822069	115.495208850451	5.35567661137799	382.479075661841	3.65165294438876
chr22	19233006	19233506	chr22:19233006-19233506	28.5969223435394	23.5282684114166	28.5112063458063	34.1526376430144	2.71248535600646	111.148546460902	3.88673106586984
chr22	19241690	19242190	chr22:19241690-19242190	18.2683234601389	14.3241104452444	18.1851840435307	22.6849288970427	2.13545409710325	73.18412832221	4.0060670308305
chr22	19247134	19247634	chr22:19247134-19247634	82.4138961013255	73.2603232249153	82.3204477651281	92.0985053075556	4.80718103080676	293.913772451628	3.56631328399121
chr22	19249043	19249543	chr22:19249043-19249543	23.517693781516	18.9226594184241	23.4311142479292	28.6046834772638	2.47234143701855	90.4841616297831	3.84749297573132
chr22	19253951	19254451	chr22:19253951-19254451	34.6536145952091	28.9129108916433	34.5634860963938	40.9064604445074	3.06172884490117	128.104277240749	3.69670750763355
chr22	19263422	19263922	chr22:19263422-19263922	258.36914532717	241.651325900338	258.272147761878	275.638186077766	8.67113341757621	887.829477280518	3.43628290505149
chr22	19277245	19277745	chr22:19277245-19277745	162.173891669923	149.020181395583	162.077396104898	175.875965910326	6.85216420504715	560.152596519481	3.45402450882524
chr22	19277883	19278878	chr22:19277883-19278878	184.294045358545	170.242132526703	184.197388170713	198.895242096308	7.31061002894562	635.499730247856	3.44829226040096
chr22	19279526	19280026	chr22:19279526-19280026	282.085723693543	264.596653390891	281.988632140077	300.12655009346	9.06473681323566	968.393388648568	3.43297553654516
chr22	19286089	19286589	chr22:19286089-19286589	35.5764123773147	29.7423951129523	35.4858317640472	41.9251419384835	3.10998261669756	130.860440522115	3.67829221041857
chr22	19287463	19287963	chr22:19287463-19287963	219.123762653947	203.797507239564	219.027376192668	234.99776524765	7.96031721791476	757.736493891148	3.45802976689392
chr22	19293051	19293551	chr22:19293051-19293551	31.3288139224083	25.9107277063897	31.2396360637351	37.2536356534609	2.89581916234765	117.042888510501	3.7359501958925
chr22	19293638	19294138	chr22:19293638-19294138	18.3194194968975	14.3458016945326	18.2352198852643	22.7714528462924	2.15203867401792	72.4641616167071	3.95559267743061
chr22	19295341	19295841	chr22:19295341-19295841	28.7574430430531	23.6010550716805	28.6691230036172	34.4156878310862	2.76111469024087	108.475495705732	3.77208417115986
chr22	19298786	19299286	chr22:19298786-19299286	24.4354158298446	19.7455078214931	24.3487892045293	29.6175493215751	2.52077284102375	93.9662825684871	3.8454955390495
chr22	19303471	19303971	chr22:19303471-19303971	63.1803214897362	55.2663167464649	63.0884908025453	71.6161636465466	4.1725512637821	229.27689979251	3.62892898273328
chr22	19304090	19304590	chr22:19304090-19304590	65.5132832904222	57.4473912291833	65.4213996126284	74.1013149024934	4.25009601530832	237.608103317402	3.62686910781252
chr22	19312414	19312914	chr22:19312414-19312914	24.4140574558401	19.7844874918188	24.3296866211212	29.523036801414	2.48662800167204	96.3958383731579	3.9483743555334
chr22	19314797	19315297	chr22:19314797-19315297	27.0024691846305	22.10888118874	26.9176571292519	32.3779794595466	2.62188073389795	106.067197398254	3.92805549274085
chr22	19315713	19316579	chr22:19315713-19316579	43.029605340749	36.6905274049058	42.9420223888358	49.8663714586981	3.36304664707596	163.707638276446	3.80453497028511
chr22	19321047	19321547	chr22:19321047-19321547	72.2257602905075	63.8880673670503	72.1370797413743	81.0673939685618	4.38397787334049	271.423556803947	3.75798822625367
chr22	19332467	19332967	chr22:19332467-19332967	32.0646256481412	26.7814597837156	31.9821702041187	37.8163331595908	2.81697505813982	129.564595780802	4.04073314943918
chr22	19333524	19334024	chr22:19333524-19334024	28.6549310939133	23.7018199140175	28.5734524945919	34.0710283272091	2.64723370100844	117.169390512327	4.08897826793989
chr22	19337738	19338238	chr22:19337738-19338238	28.6294852104856	23.7189076491706	28.5493906694375	33.995184984118	2.62347703739258	119.089245410319	4.15967121080829
chr22	19342957	19343457	chr22:19342957-19343457	29.4504405852749	24.5035640481318	29.371585418407	34.8453988786613	2.64013020067821	124.432235196444	4.22514002247761
chr22	19347609	19348109	chr22:19347609-19348109	26.0068302987953	21.4324681627533	25.9301247053868	31.0170550587512	2.44698988918958	112.956310316097	4.34333246375395
chr22	19353031	19353531	chr22:19353031-19353531	27.6767188757323	22.9902252211018	27.6013517837076	32.7914731189438	2.50215564964707	122.349038541271	4.42064823834843
chr22	19355392	19355892	chr22:19355392-19355892	22.5209692581017	18.3713312378142	22.4477187067255	27.0868325631634	2.2252854806392	102.424225099639	4.54794924347198
chr22	19358212	19358712	chr22:19358212-19358712	37.6628193786301	32.1698398784778	37.5877476357124	43.5823930788189	2.91294609169395	167.170930600027	4.43861966146061
chr22	19359442	19359942	chr22:19359442-19359942	36.8201185164283	31.4114791228511	36.7456245339966	42.6520685105893	2.86907653181813	164.697155305408	4.4730207816122
chr22	19362614	19363114	chr22:19362614-19363114	23.3293790071069	19.1679908389322	23.2585101222925	27.8934626298295	2.22770547290886	109.67075007311	4.70097168208811
chr22	19365801	19366301	chr22:19365801-19366301	25.8595848990737	21.4876287065195	25.7893967298637	30.6303734744529	2.33404124592732	122.751284595079	4.74683894092498
chr22	19370897	19371397	chr22:19370897-19371397	27.4888368166289	23.0348935425966	27.4205862211297	32.3306059655084	2.37294790525121	134.194994957986	4.88179968665705
chr22	19378052	19378552	chr22:19378052-19378552	53.6704157654862	47.4308219782535	53.6035504065336	60.2899818991357	3.28153373924084	267.495309782675	4.98403647461015
chr22	19384507	19385007	chr22:19384507-19385007	738.941780935404	715.648239597244	738.877053581722	762.603161271738	11.978792625731	3805.34776785097	5.14972608942736
chr22	19385151	19385651	chr22:19385151-19385651	147.963700323556	137.719101304489	147.899946354094	158.570601977319	5.31996135524838	773.558944978958	5.22803189760325
chr22	19390660	19391160	chr22:19390660-19391160	112.397470840192	103.799927048216	112.338134190817	121.332213168557	4.47322558929178	631.351877774395	5.61713598228611
chr22	19393814	19394314	chr22:19393814-19394314	55.2594924039677	49.4572306260742	55.2036781994987	61.3789295442505	3.04211402059014	329.961148996905	5.97112160540246
chr22	19395667	19396167	chr22:19395667-19396167	166.231020167261	156.10795567481	166.175851575515	176.667599275677	5.24536155876414	1004.32270738278	6.04172859176487
chr22	19406537	19407037	chr22:19406537-19407037	576.059229071851	559.441222101169	576.017027411369	592.917063937076	8.54007716386603	4549.99257755022	7.89848048243439
chr22	19407095	19407595	chr22:19407095-19407595	413.274408506211	399.368070512158	413.233114916066	427.415413682924	7.15525413084241	3336.00658959578	8.07213444852258
chr22	19417914	19418414	chr22:19417914-19418414	229.416311740676	221.254624838741	229.390663563698	237.723754502022	4.20150941857499	2981.5212157779	12.9961169419728
chr22	19419716	19420216	chr22:19419716-19420216	543.419558551447	530.886628319314	543.394187320279	556.096671145495	6.43133058193783	7139.51751404147	13.1381313051609
chr22	19420562	19421062	chr22:19420562-19421062	155.470142283799	148.825722166829	155.444966931341	162.257630976692	3.42671635699615	2058.43746050253	13.240082180828
chr22	19427787	19428287	chr22:19427787-19428287	32.303150638378	29.0966743308241	32.2740823132361	35.6748142001074	1.67852515494512	370.368512287163	11.4653990390382
chr22	19429550	19430050	chr22:19429550-19430050	46.9259663216518	42.9972708499165	46.8961758272296	51.0239546407392	2.04800316633641	525.007130201638	11.1879876186886
chr22	19434485	19434985	chr22:19434485-19434985	86.7356065083246	81.217628058327	86.7041465326505	92.4323669488958	2.86122846805225	918.945519211448	10.5947898009251
chr22	19435090	19435590	chr22:19435090-19435590	338.059536254212	327.020425905514	338.027741811193	349.279331159578	5.6785370652361	3544.16108733084	10.4838370382953
chr22	19441624	19442124	chr22:19441624-19442124	42.4890195004181	38.5724340729644	42.4561726857703	46.5922651926293	2.04632913055068	431.12424316947	10.1467213938704
chr22	19451003	19451503	chr22:19451003-19451503	58.5656591964132	53.9469860928271	58.532753847346	63.3713267016441	2.40456821938449	593.214647777659	10.1290526891908
chr22	19451657	19452157	chr22:19451657-19452157	32.0588821414577	28.7101323191576	32.0268455807258	35.5896861917803	1.75548202796904	333.506247964934	10.402928164911
chr22	19454863	19455363	chr22:19454863-19455363	44.6774148766018	40.8724386927721	44.6480421829533	48.6493094943093	1.98427534272869	506.95825661122	11.3470812492493
chr22	19455429	19455929	chr22:19455429-19455929	25.1369678894132	22.3539157309033	25.1086515608556	28.0809325268466	1.46143363144913	295.847283536713	11.769410091076
chr22	19465144	19465644	chr22:19465144-19465644	91.3519735771096	87.0540007551685	91.3340064657113	95.7520512516704	2.21904607329805	1694.74058459053	18.5517676108006
chr22	19466967	19467467	chr22:19466967-19467467	1709.73852952543	1690.90622401567	1709.72043154816	1728.67368430821	9.63476008139727	31490.3573019488	18.4182298978133
chr22	19476654	19477154	chr22:19476654-19477154	67.5664428815297	62.9444384120339	67.5380366875765	72.3498748367714	2.3996556126333	792.801155730193	11.7336524155975
chr22	19483430	19483930	chr22:19483430-19483930	29.9568343799683	26.4442214790757	29.9188481652638	33.6853094130269	1.84786666728547	262.815257208651	8.7731318294563
chr22	19484693	19485193	chr22:19484693-19485193	85.3956736649541	79.1967481248984	85.3551569200587	91.8248483841431	3.22191562608784	702.495281530832	8.22635680921073
chr22	19488992	19489492	chr22:19488992-19489492	35.8699193344016	31.7064680375333	35.8253787812374	40.2864789884087	2.1895337665522	268.384546500385	7.48216197528457
chr22	19489696	19490196	chr22:19489696-19490196	33.5257906454656	29.47890315431	33.4806519158736	37.8291846991951	2.13096775893837	247.516582157631	7.38287084039606
chr22	19491401	19491901	chr22:19491401-19491901	55.8283888678236	50.433152826696	55.7808377247774	61.4938454009118	2.82228959050189	391.297471758221	7.00893362129144
chr22	19496763	19497263	chr22:19496763-19497263	34.6372661170923	30.2499316950194	34.5857465021291	39.3173657215687	2.31406882168333	224.044697911181	6.46831355436052
chr22	19498450	19498950	chr22:19498450-19498950	28.9577300765733	24.9264897896606	28.9053381093569	33.2866891219006	2.13375845409328	184.178326092867	6.36024735384443
chr22	19505007	19505507	chr22:19505007-19505507	34.8875061630615	30.2444767850136	34.8300155083232	39.8572297365362	2.45334133292796	202.219904517563	5.79634163509432
chr22	19509708	19510208	chr22:19509708-19510208	30.0187804693634	25.6384246551612	29.9588817795237	34.739509779927	2.3229670540112	166.993662157393	5.56297289717759
chr22	19510352	19510852	chr22:19510352-19510852	35.8327376549097	30.9948890724043	35.7719023520316	41.016285945694	2.55766789203203	196.278023841059	5.47761730435814
chr22	19513122	19513622	chr22:19513122-19513622	39.9787723576864	34.7834423660127	39.9160671435557	45.5304296783697	2.74276033587809	212.462940198776	5.31439380624022
chr22	19513878	19514378	chr22:19513878-19514378	35.079518239396	30.2238620546918	35.0167989559545	40.2915787236594	2.56955057777489	186.377250124433	5.31299343544355
chr22	19515021	19515521	chr22:19515021-19515521	45.665897752375	40.0417617418445	45.6018074791265	51.6542340876226	2.96351392139655	237.448842256863	5.19969723456305
chr22	19515576	19516076	chr22:19515576-19516076	33.4510772804857	28.6875316986501	33.3876346503746	38.5751361091503	2.52365321212144	175.695591764407	5.25231490427672
chr22	19521175	19521675	chr22:19521175-19521675	24.2208276062265	20.1561209999433	24.156099849586	28.6533393131123	2.16922167799464	124.672332659551	5.14731926944979
chr22	19522560	19523060	chr22:19522560-19523060	47.4569864398298	41.5571901863709	47.389077842477	53.742680678625	3.10977117685307	232.886034241273	4.90730768453969
chr22	19527503	19528003	chr22:19527503-19528003	24.2680080389839	20.1224247016793	24.2006928279674	28.7960977895543	2.214327146497	120.11152793848	4.94937729316447
chr22	19528008	19528508	chr22:19528008-19528508	25.9890584801182	21.67534089863	25.9211890865744	30.6884339078851	2.30088046496792	127.583049661986	4.90910625945098
chr22	19529008	19529508	chr22:19529008-19529508	38.6258089006169	33.2450303706001	38.5558267296573	44.4042629549245	2.84815251805215	183.919886844823	4.76158019934403
chr22	19533335	19533835	chr22:19533335-19533835	26.0259328055304	21.6506828726533	25.9561266201472	30.7978450480812	2.33514930832605	124.217647364957	4.77284131535762
chr22	19534643	19535143	chr22:19534643-19535143	20.8457347569525	16.9750195628286	20.7768208298823	25.1080328106187	2.07659080970244	100.770301893061	4.83409690605661
chr22	19540667	19541167	chr22:19540667-19541167	20.8708971992397	16.9492297359966	20.8001500125735	25.1945631836098	2.10531574182117	98.276065780811	4.70876095275824
chr22	19542306	19542806	chr22:19542306-19542806	36.2744127311007	30.9134991900132	36.2000890674281	42.0576686252168	2.84448530802566	162.627276999374	4.48325044446389
chr22	19546686	19547186	chr22:19546686-19547186	45.4257346135119	39.3162151068815	45.3492246798536	51.9700259396006	3.22950297678659	197.848399006816	4.35542541447345
chr22	19548052	19548552	chr22:19548052-19548552	23.5090941294899	19.2567856194123	23.4355528101333	28.1792821175796	2.27806210821154	106.497808026099	4.53006855302467
chr22	19550223	19550723	chr22:19550223-19550723	20.9038406919231	16.9140018018671	20.830599801465	25.3098459713172	2.14381044710711	95.0778621635347	4.54834418061132
chr22	19553532	19554032	chr22:19553532-19554032	24.3968943171661	20.0177622682006	24.3217998552539	29.2027319926937	2.34504498596644	108.234753666859	4.43641523629109
chr22	19554081	19554581	chr22:19554081-19554581	26.1302671931399	21.5741875024486	26.0546003682299	31.1163078170355	2.43611360694249	115.051590309181	4.40300091303262
chr22	19558932	19559432	chr22:19558932-19559432	21.8020267728439	17.6654354772431	21.7265928290811	26.3672464534026	2.22191104370556	96.280957830422	4.41614712400716
chr22	19564270	19564770	chr22:19564270-19564770	193.403008225074	179.964870158251	193.319073175857	207.318134409425	6.97879880720984	768.00684972776	3.97101811794979
chr22	19565611	19566111	chr22:19565611-19566111	383.531853523375	364.425374123281	383.447160504942	403.119632340591	9.87173935012754	1509.43883312912	3.93562834289363
chr22	19569871	19570371	chr22:19569871-19570371	129.612983512677	118.618505781743	129.528465358111	141.087759068344	5.73304141785351	511.124685779385	3.94346825392995
chr22	19572567	19573067	chr22:19572567-19573067	33.0632490580214	27.7544248816572	32.982699979011	38.829784590903	2.8272098243246	136.765001483251	4.13646587615294
chr22	19575656	19576156	chr22:19575656-19576156	53.8174326380737	46.8696421375888	53.734165909895	61.2383932771818	3.66705749925569	215.382548953846	4.0020963170486
chr22	19581381	19581881	chr22:19581381-19581881	21.8459129454791	17.6177533798763	21.7670831731093	26.5219940201236	2.27368789640751	92.3163654198437	4.22579571978695
chr22	19582828	19583328	chr22:19582828-19583328	27.0743180195246	22.2908129016089	26.993708177968	32.3158703019602	2.559462842561	111.896729656806	4.13294730364444
chr22	19584953	19585453	chr22:19584953-19585453	24.4716614402644	19.9492910012044	24.3915701954395	29.4491270930971	2.42555867864333	101.789584218024	4.15948808651564
chr22	19592287	19592787	chr22:19592287-19592787	180.893477633283	167.606678528251	180.805564840435	194.679868686703	6.90743637968189	685.822973578428	3.79130846811827
chr22	19600708	19601616	chr22:19600708-19601616	130.982938085202	119.709170706883	130.894942546196	142.756764113811	5.88063571857054	496.113335318611	3.78761801018617
chr22	19602635	19603135	chr22:19602635-19603135	43.2537627544445	36.9974936486708	43.1690234315355	49.9915625841718	3.31658323403289	170.08498878541	3.93225878985367
chr22	19603603	19604413	chr22:19603603-19604413	84.2450409504839	75.2952167812372	84.1578778117487	93.6901865978017	4.69395831023103	322.11447055285	3.8235422158816
chr22	19608511	19609011	chr22:19608511-19609011	28.8319897528235	23.8326678018426	28.749467550224	34.3002274910735	2.67235569811004	116.402069843796	4.03725413478953
chr22	19609692	19610192	chr22:19609692-19610192	35.6865493457717	30.0544431047499	35.6026874717676	41.795193108342	2.99699622389545	141.787100570847	3.97312441718736
chr22	19610597	19611097	chr22:19610597-19611097	28.8325413202132	23.8329553906274	28.750011701611	34.3010851733807	2.67250138449077	116.393832502889	4.03689120602388
chr22	19615098	19616011	chr22:19615098-19616011	101.010914122693	91.1606838311953	100.923269627503	111.359204455362	5.15395515340934	384.109750942573	3.80265592365605
chr22	19617375	19617875	chr22:19617375-19617875	244.672088395593	229.095854326555	244.58322025061	260.75334585436	8.07681113555685	917.675215553244	3.75063302712944
chr22	19619551	19620051	chr22:19619551-19620051	178.753478171392	165.507099491509	178.665022942724	192.502531191936	6.88761318108228	673.552581647983	3.76805301098628
chr22	19621339	19621839	chr22:19621339-19621839	114.927082547403	104.401405557271	114.839403773674	125.951016358189	5.49855449870005	436.865447118261	3.8012402075731
chr22	19628840	19629340	chr22:19628840-19629340	171.602735495172	158.6796921424	171.514981948343	185.024465350348	6.72163344258254	651.776598229884	3.79817137733343
chr22	19630923	19631423	chr22:19630923-19631423	505.085897238764	482.665116439104	504.997586740255	528.008536000204	11.5679437459868	1906.41808402512	3.77444330646975
chr22	19635912	19636412	chr22:19635912-19636412	117.468287501348	106.904138735465	117.381953717208	128.523050365283	5.51619658668837	453.483828588199	3.86047875757952
chr22	19649438	19649938	chr22:19649438-19649938	50.5850906730288	43.9246405150199	50.5035628205245	57.7088285255765	3.51793045569366	206.761924530177	4.0874083999699
chr22	19651458	19651958	chr22:19651458-19651958	108.916364039017	98.9424268734251	108.833292121172	119.362378404344	5.21031268881999	436.977116436532	4.01204282104012
chr22	19656514	19657014	chr22:19656514-19657014	28.7733441777688	23.943476097188	28.696411390069	34.0403704687942	2.57759764692955	124.609291880276	4.33071981867694
chr22	19661884	19662836	chr22:19661884-19662836	72.5029624309635	64.6206370132472	72.4242964043641	80.8323219791921	4.13689080883712	307.159100995242	4.23650414681628
chr22	19663311	19663811	chr22:19663311-19663811	34.726340862901	29.4422886252167	34.6507268566416	40.4400656873186	2.80721432048786	153.02659198022	4.40664314689434
chr22	19667070	19667570	chr22:19667070-19667570	107.670767181512	98.1027705797024	107.59354739466	117.67758552655	4.99460955410404	464.721245976989	4.3161320211786
chr22	19668733	19669233	chr22:19668733-19669233	38.0664631780035	32.5948794903958	37.9928525604139	43.9563391891362	2.8998595817336	172.318187382552	4.52677167765157
chr22	19669345	19670777	chr22:19669345-19670777	106.19331024491	96.7820696266505	106.117570236303	116.034963442127	4.91246469265757	467.299626162142	4.40046199788315
chr22	19679211	19679711	chr22:19679211-19679711	438.243607899081	419.634401431151	438.173561230496	457.250881402455	9.59662084862822	2085.42467222183	4.75859689595762
chr22	19683215	19683715	chr22:19683215-19683715	271.486374053574	257.320439529789	271.420523520046	286.026528292942	7.3235839064044	1374.19622456131	5.06175026040214
chr22	19689253	19690002	chr22:19689253-19690002	44.5626534347346	39.3781362273972	44.5070515832866	50.0631364094913	2.72671046001053	267.093941332684	5.99367229610472
chr22	19690125	19690625	chr22:19690125-19690625	30.3651779362058	26.1925705121999	30.3117025717784	34.841661110209	2.20746368018001	189.218905995358	6.23144400447407
chr22	19696747	19697247	chr22:19696747-19697247	67.3371143874677	61.9913769712204	67.2987651777898	72.9007824938698	2.78347990071429	585.238412741564	8.69117154878387
chr22	19701035	19701992	chr22:19701035-19701992	123.438645371414	116.316943536184	123.401936308367	130.768959435179	3.68709506961942	1120.81419500331	9.07992947938552
chr22	19705478	19705978	chr22:19705478-19705978	193.28109779165	184.79809072546	193.248070349669	201.951795874069	4.37622241675733	1950.65288512797	10.0923106678062
chr22	19709758	19710258	chr22:19709758-19710258	371.981890597517	359.303736283221	371.943750525223	384.876790958673	6.52403437573674	3250.95616304561	8.73955492248177
chr22	19710705	19711205	chr22:19710705-19711205	865.142673097843	845.437512524712	865.103283528482	885.07168096309	10.1110642134606	7321.19089850471	8.46240871726914
chr22	19711516	19712016	chr22:19711516-19712016	226.845435852265	216.707291793005	226.805226209994	237.212086460655	5.2311551307736	1880.46343322661	8.28962428166852
chr22	19718110	19718610	chr22:19718110-19718610	251.609609211658	239.693916207905	251.559461707377	263.81028419777	6.15257047624924	1672.40420996196	6.6468216981137
chr22	19729458	19729958	chr22:19729458-19729958	35.6528490036797	30.7361831158543	35.5895960559743	40.9289519437874	2.60145780569751	187.825652916627	5.26818075316341
chr22	19735828	19736328	chr22:19735828-19736328	28.807572433227	24.3299233940176	28.7419988618189	33.6578384147976	2.38103907796825	146.379506529169	5.08128572334448
chr22	19736386	19736886	chr22:19736386-19736886	82.8656141320106	74.9674323888244	82.7970076402332	91.153668663748	4.13011749976111	402.553764292219	4.85791082958636
chr22	19743996	19744496	chr22:19743996-19744496	125.03205004724	115.115973853112	124.960988317606	135.351955488346	5.16310726600642	586.435710432055	4.69028309309883
chr22	19745099	19745599	chr22:19745099-19745599	57.1764771709204	50.5802231833032	57.1063657551705	64.1711500029148	3.46825570203624	271.776917892425	4.7532994570475
chr22	19747640	19748140	chr22:19747640-19748140	64.5890463194265	57.5120019289196	64.5178297603609	72.070791603299	3.71512290340412	302.253523896903	4.67964060658369
chr22	19749264	19749764	chr22:19749264-19749764	75.2225537107401	67.5132039555868	75.1502678964859	83.34268280662	4.03922781219187	346.816259609922	4.61053557080188
chr22	19749891	19750391	chr22:19749891-19750391	72.1010059048676	64.5272386464335	72.0281189433484	80.0889678632913	3.97095797338698	329.679593499401	4.57246871055295
chr22	19752615	19753115	chr22:19752615-19753115	89.2168881720393	80.6220038366324	89.1413863512644	98.2408293520226	4.49568198590816	393.824723877045	4.41423963496264
chr22	19754593	19755093	chr22:19754593-19755093	79.5191683770227	71.3700418916021	79.4427647014607	88.1024748182961	4.26963557153977	346.866248213519	4.36204572171742
chr22	19760163	19760663	chr22:19760163-19760663	158.8613915035	147.009571773391	158.781693035878	171.166122439209	6.16331230097271	664.367494861138	4.18205763259035
chr22	19761812	19762312	chr22:19761812-19762312	219.781395842535	205.732982725705	219.700908467088	234.287205730214	7.28507653053919	910.151350170255	4.14116648354688
chr22	19764125	19764625	chr22:19764125-19764625	302.907282209466	286.295194404681	302.826007849699	319.981240806158	8.5941439717698	1242.26479858585	4.10113876934396
chr22	19767121	19767621	chr22:19767121-19767621	101.393895482403	91.9131465191685	101.313183707041	111.333308957778	4.95525199189135	418.6895560082	4.12933691931053
chr22	19767769	19768269	chr22:19767769-19768269	558.370120746364	535.60384419204	558.287909035051	581.603597076274	11.7353012301926	2263.89279447625	4.05446622296003
chr22	19777495	19777995	chr22:19777495-19777995	18.9108343773963	15.1002692683523	18.8365181657193	23.143669129526	2.05404652251961	84.761928758792	4.48218873198457
chr22	19780982	19781482	chr22:19780982-19781482	27.3842860617058	22.6721162002089	27.307154659878	32.5347403341832	2.51788622711261	118.285263392469	4.31945763077164
chr22	19786217	19786717	chr22:19786217-19786717	33.9825215834667	28.6690960193541	33.9042042304439	39.7409791992986	2.82622462629997	144.576547723604	4.25443848740006
chr22	19788525	19789025	chr22:19788525-19789025	28.2100389814456	23.4230153107784	28.1328742634981	33.4355377369813	2.55610004048571	121.801231157284	4.31765554231936
chr22	19793956	19794456	chr22:19793956-19794456	178.620536444223	165.852404906749	178.538405341465	191.855404131395	6.63434283938685	724.881402266861	4.05821982565379
chr22	19802831	19803331	chr22:19802831-19803331	493.252937974411	472.011389296948	493.171826237719	514.955435096294	10.9557891993729	2026.99196279446	4.1094371806856
chr22	19815132	19815632	chr22:19815132-19815632	172.586376318514	160.490775452488	172.510148426004	185.115166760014	6.28257815315346	754.635481352279	4.37250898622249
chr22	19816114	19816614	chr22:19816114-19816614	59.9861883131694	53.0455806122842	59.9121877048407	67.3473156717795	3.64965328411863	270.146481787922	4.50347804027104
chr22	19820283	19820783	chr22:19820283-19820783	36.2005815118279	30.9962955373495	36.1305538320501	41.8027997556919	2.75821517365042	172.256178128605	4.75838152136653
chr22	19821577	19822077	chr22:19821577-19822077	25.1017376972285	20.8759437013737	25.0342124157873	29.7112330210183	2.25553697475568	123.853325628793	4.93405385406716
chr22	19822219	19822719	chr22:19822219-19822719	30.6264839153603	25.921061742635	30.5584396253236	35.718563509475	2.50086972606763	149.97267645508	4.89682971344493
chr22	19823259	19823759	chr22:19823259-19823759	38.1773775100226	32.8976165928468	38.1092454791764	43.8443008826958	2.79388420069047	186.721953052813	4.89090569418482
chr22	19824006	19824506	chr22:19824006-19824506	38.0852262817647	32.8348402931413	38.0177037697052	43.7193112866372	2.77799718129328	187.953093914289	4.93506570037846
chr22	19828458	19828958	chr22:19828458-19828958	33.7187768627684	28.9642721147578	33.6561258849093	38.8292968103142	2.51786458970355	179.340709870829	5.31871931774768
chr22	19829118	19829618	chr22:19829118-19829618	41.4412193440303	36.159261371207	41.3787793884716	47.0779981274067	2.78654760711678	221.173003843481	5.33702934769803
chr22	19830350	19830850	chr22:19830350-19830850	39.7020973980705	34.6099726039107	39.641495955919	45.1385952224375	2.68700132220442	218.318802551014	5.49892365539421
chr22	19834141	19834641	chr22:19834141-19834641	56.8638434771824	51.0636729003059	56.8097310847463	62.9715192128157	3.03853248782889	350.222991288757	6.1589750159834
chr22	19835346	19836246	chr22:19835346-19836246	65.8123699262453	59.7688654292477	65.7618871054866	72.1427557825417	3.15729994551018	434.493592374229	6.60200495531703
chr22	19836310	19836810	chr22:19836310-19836810	43.4123760403683	38.6731346982308	43.364870428008	48.4215766461973	2.4876093049456	304.552919590295	7.01534786548189
chr22	19842227	19842727	chr22:19842227-19842727	358.2493163547	344.701010346438	358.20400558188	372.055118517991	6.97844934986044	2635.43845838954	7.35643681111791
chr22	19843207	19843707	chr22:19843207-19843707	161.415993115495	152.374168635322	161.370782087233	170.714745415887	4.67914946073442	1190.03378114087	7.3724651329276
chr22	19852227	19852727	chr22:19852227-19852727	78.5683752654175	71.4804126077055	78.5102596324608	85.9865950062318	3.70134513460911	450.584635416977	5.7349364027807
chr22	19862201	19862701	chr22:19862201-19862701	25.0539655412217	20.9123453129004	24.9890936531549	29.5642110439823	2.20865276971601	128.676151412363	5.13595946320953
chr22	19868713	19869213	chr22:19868713-19869213	52.152714570606	45.863407965925	52.0826357060166	58.8402532622311	3.31165115994154	248.007417922863	4.75540765164013
chr22	19869235	19869735	chr22:19869235-19869735	27.7553681728914	23.2899366645087	27.6874683174075	32.6066330550849	2.37828175084449	136.19694882051	4.90704889850943
chr22	19878992	19879492	chr22:19878992-19879492	425.652504177154	406.818727611047	425.578566830749	444.906457825215	9.71688048052855	1918.91909186512	4.50818231546566
chr22	19879675	19880175	chr22:19879675-19880175	173.345183040692	161.436867430745	173.271674403743	185.671235459126	6.18304035502971	785.994294801179	4.53427249037932
chr22	19884554	19885054	chr22:19884554-19885054	43.2297163475167	37.4955683061111	43.1589685818827	49.3658931091356	3.02950380999584	203.620624833911	4.71020034452778
chr22	19889039	19889539	chr22:19889039-19889539	23.9157103759077	19.7921478814801	23.8480647789949	28.4236558382032	2.20359434761365	117.788603103758	4.92515594361839
chr22	19893452	19893952	chr22:19893452-19893952	44.1156549090288	38.3753256004257	44.0462758796102	50.2502359657688	3.03062320304141	211.8954219407	4.80317978680473
chr22	19897381	19897881	chr22:19897381-19897881	237.494511740755	223.777204228127	237.423724415069	251.614093246818	7.10193478292901	1118.28833880443	4.70869128978079
chr22	19900013	19900513	chr22:19900013-19900513	40.1924838137195	34.8127948569474	40.1254616478438	45.9530300815336	2.84319599648317	199.83708828547	4.97200146205585
chr22	19909645	19910145	chr22:19909645-19910145	22.999211689252	19.2162522065547	22.9402816860207	27.1170328767384	2.01690106119182	130.033937138902	5.65384322279489
chr22	19911543	19912043	chr22:19911543-19912043	93.8581029892234	85.9196452876932	93.7972624669717	102.142303861926	4.13921538920263	514.170898459977	5.47817271055449
chr22	19915836	19916336	chr22:19915836-19916336	68.8549857002347	62.3540555008291	68.7990754637925	75.6736393747501	3.39864160121314	410.449798361043	5.96107593643207
chr22	19918435	19918935	chr22:19918435-19918935	44.5864479157469	39.5875241427071	44.5349025473729	49.8782869107598	2.62604151775213	288.272074376789	6.4654640109821
chr22	19920096	19920596	chr22:19920096-19920596	46.4340052512452	41.4705513657939	46.3853494018701	51.6739553192735	2.60367479276504	318.052501198475	6.8495599179428
chr22	19928529	19929029	chr22:19928529-19929029	139.262596732857	131.50042569606	139.22398243256	147.244207349891	4.01663774135568	1202.10844578659	8.6319548391917
chr22	19929154	19929654	chr22:19929154-19929654	108.990791902947	102.144875273515	108.952271883325	116.055611696321	3.54905256229704	943.093503805557	8.65296496464904
chr22	19929949	19930449	chr22:19929949-19930449	159.800822216583	151.478945622545	159.762215986479	168.342092826204	4.30217585885343	1379.69058659451	8.63381406589113
chr22	19935123	19935623	chr22:19935123-19935623	515.53467799722	499.855976203783	515.492668737404	531.452114216601	8.06056027967587	4090.5839265758	7.93464358686238
chr22	19941153	19941653	chr22:19941153-19941653	63.1542821321359	57.1012987320553	63.1013955476509	69.5078060816026	3.16568102862279	397.989210674546	6.30185629917927
chr22	19946721	19947221	chr22:19946721-19947221	632.265413305953	611.653962629957	632.206150550218	653.213648144824	10.6024169700543	3556.22385202379	5.62457439104443
chr22	19949728	19950228	chr22:19949728-19950228	98.1456664575092	90.0624750256172	98.0854140329087	106.571259478514	4.21218245319033	542.91008309901	5.53167656499694
chr22	19953470	19953970	chr22:19953470-19953970	136.650973472791	126.942314804988	136.588916461058	146.712290950616	5.04405674549089	733.948407111179	5.37097093755659
chr22	19955180	19955680	chr22:19955180-19955680	43.2909319047886	37.9561607135778	43.2301009686285	48.9713818416369	2.81109610686729	237.160568197988	5.47829667237434
chr22	19958017	19958517	chr22:19958017-19958517	146.076012138643	135.941195158158	146.012806180076	156.570017479179	5.26315068313618	770.311178701738	5.27335848935022
chr22	19961908	19962408	chr22:19961908-19962408	174.753421591772	163.602145798043	174.689644751892	186.267130895747	5.7825455844589	913.299553817311	5.22621843680291
chr22	19962556	19963056	chr22:19962556-19963056	217.098247756038	204.633075688503	217.034313345463	229.926749754302	6.45308658794256	1131.82074891383	5.21340342730771
chr22	19971736	19972236	chr22:19971736-19972236	69.6187436777887	62.7230397508737	69.5563716206121	76.8688908125437	3.60955264477635	372.002281193973	5.34342134807379
chr22	19973724	19974224	chr22:19973724-19974224	66.7272683731116	60.0010161308449	66.6652938927343	73.8057040638863	3.52252956864288	358.83714955947	5.37766880479806
chr22	19974443	19974943	chr22:19974443-19974943	124.254961259064	114.965436615611	124.192356484951	133.900256875852	4.83104059175426	661.524759303935	5.32393034934593
chr22	19975284	19975784	chr22:19975284-19975784	46.2214363002695	40.6981793578587	46.160490620535	52.0910251733902	2.90740010246798	252.741914382392	5.4680670834307
chr22	19976266	19976766	chr22:19976266-19976766	79.3847244051398	72.0480474921719	79.3230261922713	87.0720168362701	3.83349962687592	428.827898924536	5.40189440900511
chr22	19977228	19977728	chr22:19977228-19977728	52.8829637850413	46.9706047222292	52.8221824563961	59.1407230551954	3.1056181388678	289.958246336728	5.4830180758278
chr22	19987148	19987648	chr22:19987148-19987648	30.8586274521826	26.5682129540067	30.8029434147881	35.4654680433196	2.27082737015962	184.665161630293	5.98423121431577
chr22	19988098	19988598	chr22:19988098-19988598	27.6096910969343	23.590334608493	27.5548685691451	31.9405759751875	2.13131572915446	167.813739537635	6.07807378027018
chr22	19989957	19990457	chr22:19989957-19990457	36.088682914399	31.4882253566623	36.0342901629419	40.9982322969248	2.42702897401307	221.101731090749	6.12662234349737
chr22	19990830	19991330	chr22:19990830-19991330	36.7492297802775	32.1295054539823	36.6954190620371	41.6747389737312	2.43599157421559	227.58567301832	6.19293722287644
chr22	19993224	19993724	chr22:19993224-19993724	50.6682915619312	45.2872486649472	50.6159029642539	56.3470428559392	2.82219563300626	322.328191064621	6.36153659672229
chr22	19994909	19995409	chr22:19994909-19995409	92.8678080254613	85.6074389990671	92.8165490144401	100.41947168842	3.77919812050243	603.852779942355	6.50228311382992
chr22	19997104	19997604	chr22:19997104-19997604	108.62373749084	100.986405865102	108.575445453216	116.53550415976	3.96714373997785	749.710530096878	6.90190328021168
chr22	19997923	19998423	chr22:19997923-19998423	97.3133884761815	90.2029195754021	97.266596594361	104.689766936035	3.69615993392785	693.176259354846	7.12313351954144
chr22	19999131	19999631	chr22:19999131-19999631	116.351255151718	108.756492990661	116.306789088803	124.19871062224	3.93980986893379	872.150868928076	7.49584409545754
chr22	20004246	20004746	chr22:20004246-20004746	277.271803582045	266.095388471118	277.231913203275	288.67491119326	5.76040629135162	2316.88876037113	8.35602008729155
chr22	20008227	20008727	chr22:20008227-20008727	246.983620682375	236.489345506312	246.944094030886	257.70252120003	5.41185180364839	2082.7853527282	8.43288857363821
chr22	20008944	20009444	chr22:20008944-20009444	154.178632637609	145.924842261498	154.139241041174	162.656280042481	4.26858938134709	1304.60674661408	8.46165726271876
chr22	20012861	20013361	chr22:20012861-20013361	547.106066809746	530.933240108615	547.063965483955	563.518151179707	8.31279842978149	4331.60216146177	7.91729871818085
chr22	20021584	20022084	chr22:20021584-20022084	31.3981435133389	27.3485780587897	31.3496611388938	35.7232141431156	2.13729410385747	215.813876155999	6.87345976568054
chr22	20022863	20023363	chr22:20022863-20023363	77.4098228246161	70.8618455174388	77.3596333330327	84.2430158604445	3.41420908507119	514.057760157797	6.64073035436955
chr22	20025557	20026057	chr22:20025557-20026057	33.2671548824104	29.0552392976638	33.2177187093324	37.7599963046864	2.22151046049193	224.251106793843	6.74091630578282
chr22	20033309	20033809	chr22:20033309-20033809	17.8854732877725	14.8995492368867	17.8381952181655	21.1400476878499	1.59310032701892	126.041806892343	7.04716083630351
chr22	20035725	20036225	chr22:20035725-20036225	44.6578215583132	39.7761550043908	44.6088195650946	49.8179508000607	2.56246941169262	303.723005138426	6.80111556139907
chr22	20037619	20038119	chr22:20037619-20038119	17.9158461580829	14.9567451798532	17.8695399322445	21.1380757230929	1.57797134412913	128.906977248248	7.19513753974106
chr22	20046423	20046923	chr22:20046423-20046923	611.594812425873	593.746590121917	611.548951944707	629.703655326162	9.17307031207622	4445.26996604756	7.26832516517845
chr22	20054303	20054803	chr22:20054303-20054803	57.9463037062475	52.934651222977	57.9069876451197	63.1813803732169	2.61447632794871	491.226795378232	8.47727575288414
chr22	20059041	20059541	chr22:20059041-20059541	638.882767543069	623.068400753515	638.848378223859	654.892565602508	8.11867360319584	6192.58797152849	9.69283925960804
chr22	20064134	20064634	chr22:20064134-20064634	402.08088186251	390.834145767147	402.053200594664	413.484927912543	5.77847163782014	4841.7334368306	12.0416902549627
chr22	20067261	20067761	chr22:20067261-20067761	927.57577261792	910.633352362908	927.548675262563	944.672184741132	8.6836019380665	11410.3503572365	12.3012595779995
chr22	20068324	20068824	chr22:20068324-20068824	182.337111169743	174.907739402642	182.31030129056	189.918840422569	3.82958107219471	2266.97955673376	12.4329026723658
chr22	20072304	20072804	chr22:20072304-20072804	205.893444843012	198.12868147785	205.867550350364	213.805363775345	3.99935951867198	2650.35559801802	12.8724622585185
chr22	20078041	20078541	chr22:20078041-20078541	27.8502460502011	24.8766324710887	27.8211311929592	30.989310396993	1.55981428169564	318.795577467216	11.4467777732583
chr22	20081252	20081752	chr22:20081252-20081752	40.0851938384191	36.4978700949678	40.0560271232497	43.8382650443138	1.87294273219617	458.056425007303	11.4270727205087
chr22	20084135	20084635	chr22:20084135-20084635	42.590619377888	38.9483721508628	42.5623813591677	46.3933369015611	1.89959200977571	502.698099660566	11.8030239288221
chr22	20086058	20086558	chr22:20086058-20086558	35.4650916079801	32.2163425513152	35.4380238485286	38.8676600559501	1.69713667470782	436.685262003183	12.3131011990653
chr22	20087022	20087522	chr22:20087022-20087522	34.67038133777	31.4967275893334	34.6439593114463	37.9941849420897	1.65787753756792	437.333093537325	12.6140260551704
chr22	20089685	20090185	chr22:20089685-20090185	33.0631851406761	30.0882789982497	33.0388606041499	36.1763217606564	1.55340138575129	453.02482523816	13.7017901726843
chr22	20090941	20091441	chr22:20090941-20091441	28.9412656522719	26.2307523428392	28.9181511634396	31.7831327155976	1.41674731857187	417.301783301301	14.4189196255328
chr22	20097755	20098255	chr22:20097755-20098255	60.9437416853019	57.7420017346434	60.9287538156002	64.2306556705272	1.65540642359787	1355.34218790962	22.239234914526
chr22	20098569	20099069	chr22:20098569-20099069	159.536362894971	154.546956442232	159.522609483623	164.603928596151	2.56565948000133	3866.52963266133	24.2360397498019
chr22	20104567	20105067	chr22:20104567-20105067	2007.5763840759	1991.03207774744	2007.56450510575	2024.18819759828	8.45836243703106	56334.1278994453	28.0607643854987
chr22	20105257	20105757	chr22:20105257-20105757	98.525236241443	94.8924869668244	98.5133968146424	102.225267696856	1.87070086837143	2773.87108885693	28.1539146179702
chr22	20106083	20106583	chr22:20106083-20106583	126.014963099389	121.902238560396	126.003124249179	130.194966609383	2.11558303510967	3548.0038440141	28.1554170770638
chr22	20115430	20115930	chr22:20115430-20115930	65.8484081316915	62.0771404333712	65.8291155145488	69.7293129657674	1.9522712353572	1137.65413588863	17.2768661865509
chr22	20116714	20117214	chr22:20116714-20117214	208.556301758036	201.540342781853	208.53547390664	215.690623250055	3.60992664401451	3337.71984118494	16.003927059741
chr22	20118464	20118964	chr22:20118464-20118964	148.075209885978	141.926516387303	148.052588353311	154.352458946838	3.17006901785496	2181.86199962634	14.734822941034
chr22	20125202	20126042	chr22:20125202-20126042	40.1444881130994	36.5655745075489	40.1155061657567	43.8880992252771	1.86838025209077	461.659006259244	11.4999350585467
chr22	20133817	20134317	chr22:20133817-20134317	18.9063362657644	16.1837273673474	18.869634624192	21.8375021773763	1.44305272389782	171.652588935514	9.07910377360327
chr22	20135001	20135501	chr22:20135001-20135501	21.5168994521194	18.5582406119287	21.4789551613944	24.6911781179235	1.5652796267135	188.962451937154	8.78204837818964
chr22	20138873	20139373	chr22:20138873-20139373	35.9696537509837	31.9216629171699	35.9277471652591	40.2557857225034	2.12674265952221	286.050446173227	7.95254933932757
chr22	20140202	20140702	chr22:20140202-20140702	32.681803346538	28.7900428156806	32.6390191979615	36.8166905792642	2.04835726979586	254.566123785175	7.78923124547046
chr22	20141358	20141858	chr22:20141358-20141858	46.6740453167484	41.9267812432906	46.6298888179496	51.6722381225749	2.48675061031909	352.278728923517	7.54763651902926
chr22	20144441	20144941	chr22:20144441-20144941	156.729738503815	147.61626813534	156.682382477085	166.11232618733	4.71884409917574	1103.14235403592	7.03850057153684
chr22	20157539	20158039	chr22:20157539-20158039	18.2586555134716	15.0988725685134	18.2066099586657	21.7141769683508	1.68887424662251	116.88074286123	6.40138824980804
chr22	20162258	20162758	chr22:20162258-20162758	34.7390365213885	30.135949248126	34.682307623717	39.6644894412776	2.43183925725147	204.063724243735	5.87419067071982
chr22	20167960	20168460	chr22:20167960-20168460	31.3727169814432	26.9121249491969	31.3134095533326	36.1703240216774	2.36300371492707	176.268802683066	5.61853800508664
chr22	20173861	20174361	chr22:20173861-20174361	77.6132142545716	70.2172578261753	77.5489849059082	85.3741693146075	3.86747223128554	402.732734498981	5.18897121278879
chr22	20178315	20178815	chr22:20178315-20178815	24.4922938261538	20.457879100196	24.4293464625118	28.884398252532	2.15111532504065	129.637764445796	5.2930021730902
chr22	20180954	20181454	chr22:20180954-20181454	26.2488562911568	22.0220397700415	26.1845222171699	30.8412439658408	2.25128915403932	135.943426486671	5.17902284879629
chr22	20187287	20188279	chr22:20187287-20188279	78.6987146738107	70.9143807647902	78.6284070607426	86.8825874057921	4.07455471345903	373.056808902085	4.74031641365841
chr22	20191190	20191690	chr22:20191190-20191690	64.6792647830706	57.5897936741426	64.6078960616684	72.1743014626174	3.72168646855111	302.030347483318	4.66966265767406
chr22	20193636	20194136	chr22:20193636-20194136	424.250098580117	405.40571734629	424.175826741703	443.516557752093	9.72277980226597	1903.98272443471	4.48787809550775
chr22	20194326	20194826	chr22:20194326-20194826	139.323337619272	128.646111461413	139.249503550575	150.420148270764	5.55547804692974	628.933703015028	4.51420209824221
chr22	20199532	20200032	chr22:20199532-20200032	174.560551268506	162.41019968697	174.484520751569	187.142970875674	6.31021963217894	765.249859598377	4.38386481961369
chr22	20205861	20206361	chr22:20205861-20206361	27.1893044474664	22.6115565807937	27.1161460851942	32.1827626891038	2.44340758048588	123.823866628621	4.55413881101176
chr22	20207238	20207738	chr22:20207238-20207738	70.3719970347299	62.6769789708395	70.294728485443	78.5061075908366	4.03928405418852	303.522549328241	4.31311547373661
chr22	20208937	20209437	chr22:20208937-20209437	28.9379013396519	24.1699378775281	28.863487174103	34.1287129973997	2.54226940055799	129.565961677978	4.47737934265612
chr22	20219259	20219759	chr22:20219259-20219759	25.4553340003601	20.9405173532484	25.3789280641848	30.404309670056	2.4161835614049	110.993551804658	4.3603258870258
chr22	20222858	20223706	chr22:20222858-20223706	109.488456841896	99.4988720046307	109.405574384703	119.949042323076	5.2180154055717	440.276956401467	4.02121802700387
chr22	20225955	20226455	chr22:20225955-20226455	113.034340255611	102.831074457615	112.950630087173	123.713310674073	5.32823725827039	450.042675098289	3.98146858804661
chr22	20226518	20227018	chr22:20226518-20227018	66.4594299942843	58.741087311903	66.3768098240225	74.6472741293435	4.05910278530786	268.07303223569	4.03363423759044
chr22	20227793	20228293	chr22:20227793-20228293	64.860910643335	57.2279148210018	64.7780458396687	72.9647974676609	4.01593436802746	260.851218981466	4.02170145923276
chr22	20230994	20231494	chr22:20230994-20231494	88.9045588456137	79.8435542264921	88.8200969816808	98.4455359677654	4.74667717486399	350.807339121638	3.94588695649262
chr22	20232850	20233350	chr22:20232850-20233350	44.3511189159874	38.0899782519137	44.268508977753	51.0816918140606	3.31589793531147	178.898563461027	4.03368771371716
chr22	20234576	20235076	chr22:20234576-20235076	230.926871398047	215.982064481788	230.840145068831	246.364529878224	7.75153747658061	887.509971877841	3.84325118382628
chr22	20241860	20242360	chr22:20241860-20242360	73.477170818586	65.1788294123604	73.3909396483081	82.2655350215193	4.36027978609616	283.972402992814	3.86477051074731
chr22	20242632	20243132	chr22:20242632-20243132	27.1978743940019	22.3732921502842	27.1162130186888	32.4864784587131	2.58197978307116	110.959439103293	4.07970996173744
chr22	20244740	20245240	chr22:20244740-20245240	59.9515749510002	52.4862517019689	59.8654961047818	67.9060505090239	3.93518070934002	232.098231941275	3.87142843421502
chr22	20246145	20246645	chr22:20246145-20246645	37.5408535168898	31.7463726747925	37.4566378950662	43.8138839680001	3.08032041359688	148.530791998036	3.95651078980425
chr22	20254882	20255382	chr22:20254882-20255382	32.3617604897361	26.992855413131	32.2773336442561	38.2104087458016	2.86363755125063	127.710963439783	3.94635401495811
chr22	20255791	20256291	chr22:20255791-20256291	91.4231433781308	82.0027009515538	91.334308691569	101.348407386544	4.93648191049157	342.986636314051	3.75163906687655
chr22	20257536	20258036	chr22:20257536-20258036	33.20656352182	27.752544165998	33.1217361009274	39.1426032678206	2.90763363950013	130.427298187068	3.92775657443037
chr22	20260679	20261179	chr22:20260679-20261179	25.3996569808458	20.7052781153772	25.3165093606087	30.5664980111099	2.51782999440566	101.766045176407	4.00659131944774
chr22	20267151	20267651	chr22:20267151-20267651	105.865925599338	95.6573205091181	105.776157367978	116.584659733477	5.33989642009667	393.049032906302	3.71270577082414
chr22	20273216	20273716	chr22:20273216-20273716	97.5110859841899	87.7501142049025	97.4218093869278	107.779391677438	5.11083460305787	364.019235604859	3.73310615845136
chr22	20278991	20279491	chr22:20278991-20279491	25.2490157002711	20.5941264705857	25.1667956074105	30.3710969977517	2.49630762211879	102.304019929057	4.05180230166195
chr22	20279889	20280389	chr22:20279889-20280389	49.4381688516439	42.6851087240596	49.3521775471064	56.6798781740117	3.57179389174961	191.580795604359	3.87515961967083
chr22	20286654	20287154	chr22:20286654-20287154	369.709795514357	350.686348370539	369.622624518488	389.22862381787	9.83300397861922	1413.67469806226	3.82374152704149
chr22	20300163	20300663	chr22:20300163-20300663	22.5734065132322	18.6902603213551	22.5098664127574	26.8176071754713	2.07487629070468	118.361317053856	5.24339633827415
chr22	20306778	20307278	chr22:20306778-20307278	124.949443039656	115.826468466812	124.889453878335	134.41332486515	4.74223128180859	694.229696548573	5.55608476244462
chr22	20307382	20307882	chr22:20307382-20307882	309.379165719288	294.874231672033	309.318746849011	324.227452686973	7.4885890856349	1706.79800584902	5.51684856309187
chr22	20315937	20316437	chr22:20315937-20316437	33.1994258509903	28.224761283477	33.1294171372267	38.5719122697221	2.64109244484583	158.013408191068	4.75952231524372
chr22	20318667	20319167	chr22:20318667-20319167	21.3428114676328	17.3149800334024	21.2697968880153	25.7855246698231	2.16283763827383	97.376782082555	4.56250959393193
chr22	20378409	20378909	chr22:20378409-20378909	136.184539752205	123.157026231065	136.070944094825	149.857587596957	6.81298814095179	399.55847682932	2.93394887229004
chr22	20378941	20379441	chr22:20378941-20379441	151.913673494956	138.111556263788	151.79966389368	166.363679443602	7.20873025933021	444.095304390723	2.92333990860585
chr22	20423472	20423972	chr22:20423472-20423972	26.6142555225067	21.109639542006	26.5037095749277	32.7469955182853	2.97201131787847	80.1913872516471	3.01309902070461
chr22	20727640	20728140	chr22:20727640-20728140	42.9462084666211	36.2399748036019	42.8475017848328	50.2133350340441	3.56685391303417	144.970291116103	3.3756249106083
chr22	20734684	20735184	chr22:20734684-20735184	19.5756284677928	15.4940645735719	19.4929146890716	24.1271722125339	2.20481153434858	78.8294475872838	4.02691784414378
chr22	20736032	20736532	chr22:20736032-20736532	26.8962534553028	22.0620371327131	26.8132325039453	32.2022155552875	2.58892837863291	107.930330064782	4.01283882322663
chr22	20738179	20738679	chr22:20738179-20738679	28.9951956588523	24.0950447351626	28.9165617186325	34.3421706667697	2.61597595825301	122.852667485753	4.23700080976158
chr22	20742560	20743060	chr22:20742560-20743060	19.4854382501117	15.9519579859434	19.4241566741226	23.3671349560065	1.89322665263558	105.92906440092	5.43631931913634
chr22	20748131	20748631	chr22:20748131-20748631	306.176794670239	291.425171487991	306.113607493256	321.287502564393	7.6184953877946	1615.12495128968	5.27513834949253
chr22	20760369	20761359	chr22:20760369-20761359	44.6501280361353	38.2713331716552	44.5648774771845	51.5133596404584	3.37982720831007	174.524507684649	3.90871236793335
chr22	20764524	20765024	chr22:20764524-20765024	42.2925057763033	35.8933720391209	42.2014945706894	49.2088063728543	3.39878026057385	154.839107729457	3.66114764039861
chr22	20766799	20767299	chr22:20766799-20767299	159.508633000152	146.356591799408	159.410479946944	173.218456892329	6.85375231249803	541.641055065221	3.39568489101593
chr22	20772323	20772823	chr22:20772323-20772823	172.86093542291	158.819347532991	172.757764953824	187.488819311683	7.31492400363285	558.436865365926	3.23055561396617
chr22	20773304	20773804	chr22:20773304-20773804	39.0089003200911	32.6518732675201	38.9108720602974	45.9229606353503	3.38778211573493	132.585635004708	3.3988560025216
chr22	20783364	20783864	chr22:20783364-20783864	218.133696064892	201.933300508605	218.025266006215	234.950279091916	8.42395532734557	670.522577927348	3.07390646206204
chr22	20789169	20789669	chr22:20789169-20789669	37.7299214787109	31.3520997185497	37.6275483227154	44.6894613772446	3.40487957891293	122.79149564854	3.25448585197362
chr22	20794795	20795295	chr22:20794795-20795295	25.1504018571811	20.0863629377547	25.0517227327544	30.7751422401385	2.72959373342513	84.8972909943612	3.37558387641114
chr22	20805091	20805591	chr22:20805091-20805591	21.6921917516186	17.0703938702927	21.5962174336893	26.8593117285911	2.50012482973537	75.2806712775298	3.47040410390585
chr22	20809897	20810397	chr22:20809897-20810397	38.4684561975224	32.08037364495	38.3678981219748	45.4279451675723	3.40739714538583	127.457091808989	3.31328845520964
chr22	20810543	20811043	chr22:20810543-20811043	255.184442205281	237.736274421996	255.077260282172	273.241706323573	9.05867586563319	793.558497081309	3.10974481917255
chr22	20816953	20817453	chr22:20816953-20817453	25.8682978293236	20.8259703862814	25.7735417260103	31.4490412388612	2.71262815277963	90.9400472399718	3.51550178678106
chr22	20820795	20821295	chr22:20820795-20821295	30.8205226025889	25.2928122690899	30.725815963635	36.8863799938825	2.95998806785192	108.417671649365	3.51771035966334
chr22	20823461	20823961	chr22:20823461-20823961	94.0607853417186	83.9780847368849	93.9616520858967	104.706829528419	5.28950895565591	316.217927100505	3.36184655434993
chr22	20829037	20829537	chr22:20829037-20829537	38.5453729715027	32.4405237968419	38.4541206515717	45.1687548637455	3.24907994157916	140.741997534966	3.65133313508262
chr22	20829865	20830365	chr22:20829865-20830365	95.1534537359586	85.2493925565439	95.0590599151737	105.593927018976	5.19138258329771	335.956494515868	3.53068103495344
chr22	20831970	20832470	chr22:20831970-20832470	44.45256162458	37.9350143770644	44.3629768352411	51.4791728415446	3.45703816541184	165.342780651926	3.71953324193808
chr22	20834018	20834518	chr22:20834018-20834518	81.6439372029048	72.7040041327907	81.5540363645737	91.0947479692831	4.69296202593314	302.659144323936	3.70706208804893
chr22	20842410	20842910	chr22:20842410-20842910	28.2434779644296	23.5547920805689	28.1696956852544	33.3514207829863	2.50090362338097	127.538833284573	4.51569149681913
chr22	20844218	20844718	chr22:20844218-20844718	39.3601295643613	33.8667863946984	39.2885390841815	45.2602874082537	2.90794986039381	183.2057966382	4.65460349510853
chr22	20848914	20849414	chr22:20848914-20849414	48.6397821919021	42.8396644925492	48.5759237479856	54.8027840701712	3.05292670039798	253.834406252662	5.21865836592751
chr22	20850074	20850574	chr22:20850074-20850574	211.47524642058	199.253566819054	211.412138879123	224.055556922872	6.32765150704278	1116.95062194536	5.28170857275643
chr22	20861552	20862052	chr22:20861552-20862052	323.224560857038	310.688012679813	323.181539630148	336.005593889343	6.45891158058409	2504.32119755569	7.74792977029784
chr22	20863643	20864143	chr22:20863643-20864143	216.910932424863	206.64681478297	216.867771457284	227.420328439627	5.29974065240139	1675.14979071384	7.72275409075613
chr22	20866190	20866690	chr22:20866190-20866690	126.827191329864	119.005144727298	126.784001234858	134.894680514311	4.0538908090751	978.770014622554	7.71735149505028
chr22	20871678	20872537	chr22:20871678-20872537	42.8861764876696	37.5158766440637	42.8238822951415	48.6104695599396	2.83138715258993	229.422571213778	5.34956925525268
chr22	20877365	20877865	chr22:20877365-20877865	427.645441245337	408.204927897148	427.566981663003	447.531830835318	10.0330420185108	1816.7803808307	4.24833332851649
chr22	20878293	20878793	chr22:20878293-20878793	70.9513264209009	63.1732664806708	70.8730139237433	79.1744111784505	4.08318536698855	301.941525707535	4.25561495378315
chr22	20881107	20881607	chr22:20881107-20881607	130.359095019806	119.341712457408	130.274724012037	141.855939293041	5.74450909467877	514.963954293907	3.95034925806801
chr22	20890650	20891150	chr22:20890650-20891150	21.6781267509784	17.2618086288294	21.5909317047487	26.589891152699	2.38217431548927	82.812601314731	3.82009950702928
chr22	20891849	20892349	chr22:20891849-20892349	26.8484494796692	21.8247883484514	26.758244977656	32.3846697631406	2.69627779036489	99.1537516283591	3.69309042235168
chr22	20900055	20900555	chr22:20900055-20900555	350.513555614927	330.129112912476	350.407617114151	371.50003118969	10.5548391725065	1102.82447611659	3.14631048771236
chr22	20903470	20903970	chr22:20903470-20903970	106.366544001474	95.2619411627622	106.260370415665	118.07449971518	5.82116595295509	333.879793432761	3.1389549840797
chr22	20911515	20912015	chr22:20911515-20912015	338.137395716397	317.491025783116	338.024569327219	359.424940610828	10.6985633019207	998.930987786941	2.95421624594508
chr22	20918431	20918931	chr22:20918431-20918931	303.964850225023	284.150632986077	303.849004030486	324.437402327423	10.2784568388572	874.562594446023	2.8771833118158
chr22	20925665	20926165	chr22:20925665-20926165	58.450228636546	50.0407175436027	58.3369766772574	67.5032938771297	4.45709193804424	171.976554429404	2.94227342546058
chr22	20930926	20931426	chr22:20930926-20931426	31.6455359816722	25.6410004361176	31.536032679229	38.2722877430433	3.22525960086389	96.2710166386389	3.04216735954149
chr22	20931726	20932226	chr22:20931726-20932226	51.1812940765662	43.3068024387227	51.0672484110631	59.7038429128752	4.18544782083383	149.533555875931	2.92164468628385
chr22	20935853	20936353	chr22:20935853-20936353	38.5819445082742	31.8279833008842	38.4692831016155	45.9760800405375	3.61204741978353	114.093614202781	2.95717635948373
chr22	20942768	20943268	chr22:20942768-20943268	74.1455247124392	64.4049783014935	74.0265838372531	84.5619611166629	5.14435257528562	207.734406751972	2.80171200564882
chr22	20943421	20943921	chr22:20943421-20943921	47.158849288597	39.5518284804265	47.0428488006992	55.4250296247687	4.05198110125506	135.453919607747	2.87229060189346
chr22	20946160	20946660	chr22:20946160-20946660	98.9654988941381	87.5640621783013	98.8444924297367	111.054573445271	5.99451570972658	272.558312231053	2.75407404880164
chr22	20950131	20950631	chr22:20950131-20950631	23.8520707448594	18.682172066639	23.7426132234313	29.6438985912695	2.79978538596973	72.5776150576491	3.0428223961767
chr22	20954426	20954926	chr22:20954426-20954926	24.7500956190611	19.4527907922962	24.639528872157	30.6756350822157	2.86638711981528	74.5562532635908	3.01236223128657
chr22	20955155	20955655	chr22:20955155-20955655	31.7869733539367	25.6548064594581	31.6730601000407	38.566411495104	3.29694244154498	92.9556142951648	2.9243304563834
chr22	20959014	20959514	chr22:20959014-20959514	76.9024805126568	66.861301292724	76.7806698940613	87.6358577794555	5.30193812577926	210.383359734845	2.73571617368337
chr22	20960381	20960881	chr22:20960381-20960881	161.757653030922	146.851430961486	161.632679290168	177.374069747885	7.78811377427178	431.38505907139	2.66686027516068
chr22	20961577	20962077	chr22:20961577-20962077	29.1826084104477	23.3283443016184	29.0690016939835	35.6823943281038	3.1548285917588	85.5651032764663	2.93205809682979
chr22	20969305	20969805	chr22:20969305-20969805	124.969280433214	111.899782509583	124.844089482772	138.750201155577	6.85152829330278	332.683780040887	2.66212447481186
chr22	20969836	20970336	chr22:20969836-20970336	42.2599813112196	35.0020303464168	42.1414300070711	50.1915776370805	3.8778156184097	118.76385616489	2.81031492395288
chr22	20976688	20977188	chr22:20976688-20977188	30.987706872362	24.8938563248664	30.872054678328	37.7387058320702	3.28002457216262	89.2533824823892	2.88028355405655
chr22	20981445	20981945	chr22:20981445-20981945	36.2526555867015	29.5762036034868	36.1348663287671	43.5984113899613	3.5802171474372	102.532350539254	2.82827144328886
chr22	20984749	20985249	chr22:20984749-20985249	23.0396414094812	17.9115342319781	22.9277517718384	28.8034903221489	2.78216024157601	68.5783687900404	2.97653802727239
chr22	20992723	20993223	chr22:20992723-20993223	20.3715127428275	15.6042043175289	20.2613757122244	25.7645915926281	2.59566835374374	61.5953823410174	3.02360375091458
chr22	20996837	20997337	chr22:20996837-20997337	63.5389836121024	54.3883727089479	63.4156206311341	73.3906044280538	4.85007367754087	171.626305919309	2.70111821377354
chr22	20998342	20998842	chr22:20998342-20998842	32.7975130203316	26.4780594433387	32.6802790319533	39.7831069616295	3.39739870457927	93.1941802542998	2.84150143324976
chr22	21002488	21002988	chr22:21002488-21002988	32.8055633531532	26.483670786373	32.6882657647493	39.7939576416306	3.39873749911038	93.1664942331727	2.83996019913549
chr22	21003607	21004107	chr22:21003607-21004107	26.6230071104149	21.0246028915615	26.5084614809648	32.8722578906091	3.0258368915769	77.4146561524796	2.90781036985845
chr22	21005917	21006417	chr22:21005917-21006417	50.1306409676984	42.0960296610825	50.0089766603549	58.8565966762118	4.27846368474438	137.287442546316	2.73859340108532
chr22	21011157	21011657	chr22:21011157-21011657	272.38214080286	252.627640522724	272.253144864713	292.869701202529	10.267300039616	703.792688549263	2.58384300260949
chr22	21019299	21019799	chr22:21019299-21019799	22.1819192170815	17.1610759197407	22.0702561566803	27.8372125385279	2.7271600070218	66.1571822717563	2.98248233727274
chr22	21021145	21021645	chr22:21021145-21021645	23.0767027071507	17.9363438803321	22.9644464392326	28.8548862143741	2.78895715410275	68.4642453598557	2.96681229674294
chr22	21025806	21026730	chr22:21025806-21026730	64.5282706960489	55.3069855753758	64.4049926789101	74.4500837527077	4.8859880891198	174.419583542743	2.7029948526642
chr22	21027641	21028141	chr22:21027641-21028141	47.6248019049883	39.8275127263436	47.5039508064942	56.1088116132113	4.15624192657973	131.300000095966	2.75696685012801
chr22	21028150	21028650	chr22:21028150-21028650	29.3083760056927	23.3940929978441	29.1928435220981	35.879121941518	3.18831743762453	84.5007182300123	2.88315934712995
chr22	21030375	21030875	chr22:21030375-21030875	31.961694728483	25.7450373881065	31.8451510268558	38.8405683019571	3.34396247972735	91.3559433596951	2.8582947223472
chr22	21042436	21042936	chr22:21042436-21042936	93.7437131639211	82.5010291196184	93.6191764107073	105.694093604199	5.91877526687642	250.853753072177	2.67595281438801
chr22	21051582	21052082	chr22:21051582-21052082	226.869905607579	209.036418810983	226.743282846552	245.422963885811	9.28381600203995	597.173781011499	2.63223004131911
chr22	21056848	21057348	chr22:21056848-21057348	832.11425885078	797.519722268962	831.986825852539	867.432982460026	17.8360619943644	2176.54665894305	2.61568244479917
chr22	21074780	21075280	chr22:21074780-21075280	25.7470455211516	20.3482479053656	25.6369379934311	31.771473094232	2.91741954942631	77.8855738544092	3.02502956272886
chr22	21075339	21075839	chr22:21075339-21075839	28.4122689122333	22.6946544332165	28.30092391581	34.7625533095589	3.08177575283033	84.9982071329414	2.99160223336983
chr22	21075922	21076422	chr22:21075922-21076422	35.4662185082276	28.9722334733577	35.3523794462232	42.6070624761331	3.48127377186931	103.789498780721	2.9264326208514
chr22	21082665	21083165	chr22:21082665-21083165	18.5896975518379	14.1654949054469	18.4854947650985	23.605949232937	2.41187339515534	59.4067281556102	3.19568018737007
chr22	21084009	21084509	chr22:21084009-21084509	19.4863639998775	14.9368793453463	19.3815410704926	24.6314263373426	2.47664277482755	61.9063049366393	3.17690385630836
chr22	21092672	21093172	chr22:21092672-21093172	28.3992293347997	22.7407796722173	28.2902563393924	34.6768729821613	3.04805118864758	86.8097683286241	3.05676493207686
chr22	21094787	21095287	chr22:21094787-21095287	52.7032935602286	44.693289922908	52.5888186250907	61.3637950879287	4.25518853627015	153.404428763823	2.91071806714536
chr22	21096052	21096552	chr22:21096052-21096552	67.7724658440769	58.5920043831728	67.6566106332712	77.6112801496	4.85412776560164	194.932462143673	2.87627814210201
chr22	21104099	21104599	chr22:21104099-21104599	26.6114251456731	21.2090400124861	26.5051796678592	32.6175026797512	2.91343200863918	83.4308161498474	3.13515024817876
chr22	21104734	21105234	chr22:21104734-21105234	80.7588744041443	70.7417139622245	80.643851992258	91.4296623694424	5.27961288627546	233.978716370132	2.8972508358552
chr22	21112980	21113480	chr22:21112980-21113480	37.1964671487056	30.6772018012891	37.0875763914991	44.3344807378406	3.48674707910721	113.805301896654	3.05957287399577
chr22	21115810	21116310	chr22:21115810-21116310	18.575737577692	14.2415763321038	18.4759474915103	23.4768813069048	2.35931683730112	61.9897093460356	3.33713313330182
chr22	21123209	21123709	chr22:21123209-21123709	358.521410931437	337.00088694693	358.405859974908	380.698593456376	11.148524580329	1034.17825600206	2.88456483900158
chr22	21130978	21131478	chr22:21130978-21131478	256.842506276183	238.953460427876	256.730491851291	275.368110342328	9.29068850934625	764.254490106303	2.97557636073096
chr22	21131951	21132451	chr22:21131951-21132451	1104.98074627461	1067.43560889783	1104.86815082447	1143.1657518486	19.3197871636039	3271.18228808243	2.96039754458261
chr22	21135926	21136426	chr22:21135926-21136426	131.096332077174	118.576330817232	130.987351856493	144.235639411288	6.54729436333119	400.919654598305	3.05820649781636
chr22	21138494	21138994	chr22:21138494-21138994	360.048321534923	339.031622691729	359.938679302801	381.688100955333	10.8828268015327	1094.55640420865	3.04002640407389
chr22	21145081	21145581	chr22:21145081-21145581	35.3527116257566	29.2805417474261	35.2535197046339	41.9885208224088	3.24428405895346	118.742917736428	3.35880650382463
chr22	21148051	21149002	chr22:21148051-21149002	55.0293162507627	47.3205109074947	54.9284502198812	63.3112950013527	4.08132413590622	181.796726254393	3.30363411069774
chr22	21158260	21158760	chr22:21158260-21158760	53.1917257011987	45.7909879013952	53.0956001550696	61.1386995379552	3.91716632981997	184.392874700885	3.46657064177051
chr22	21160117	21160617	chr22:21160117-21160617	100.168667755616	89.8366873939258	100.071133822256	111.054904935951	5.41429711048045	342.278505647976	3.41702164276598
chr22	21161642	21162142	chr22:21161642-21162142	184.990762051422	170.821369902563	184.892834083613	199.716659596999	7.37240983056307	629.623811041472	3.40354190695455
chr22	21165384	21165884	chr22:21165384-21165884	29.9607060357094	24.6776722311837	29.8718719381685	35.7485197143921	2.82645074307391	112.362461394944	3.75032755439817
chr22	21171282	21171782	chr22:21171282-21171782	26.4003844986359	21.5735314913553	26.3159086473761	31.7072483118468	2.58735551156571	104.113798429694	3.94364704934786
chr22	21172714	21173214	chr22:21172714-21173214	28.1397992940913	23.160088055193	28.0557349206006	33.5971871095497	2.66466679841584	111.520875365071	3.96310130714002
chr22	21174138	21174638	chr22:21174138-21174638	27.2492389350105	22.3850141101304	27.1663323568689	32.5845604359757	2.60405560005189	109.498519831862	4.01840653579413
chr22	21174756	21175364	chr22:21174756-21175364	35.919647956071	30.2563754000867	35.8354131733317	42.0615771427217	3.01344460636198	142.081560343141	3.9555387769085
chr22	21176696	21177196	chr22:21176696-21177196	25.468607456931	20.83462769548	25.3879410425606	30.5609525161772	2.48331837707378	105.183009981532	4.12990816868977
chr22	21184341	21184841	chr22:21184341-21184841	26.2189466350142	21.6813454300478	26.1442024142688	31.1812669977912	2.42531155427858	116.867945051845	4.45738521378175
chr22	21190488	21190988	chr22:21190488-21190988	44.6129591388029	38.7868789918439	44.5422699336598	50.840736028605	3.07630217063578	210.312011573161	4.71414619502875
chr22	21194541	21195041	chr22:21194541-21195041	45.1270744291197	39.4883875736803	45.0618182667485	51.1365863066212	2.97266462777395	230.453085785186	5.10675882938422
chr22	21195112	21195612	chr22:21195112-21195612	159.034750274349	148.197999572823	158.968417377133	170.248459402194	5.62583819063495	799.115562907123	5.02478585044197
chr22	21197698	21198198	chr22:21197698-21198198	42.3891779054581	37.1468567046894	42.3291728621835	47.972484486069	2.76271924665646	235.416273843174	5.55368812219549
chr22	21198225	21198725	chr22:21198225-21198725	55.6843725930916	49.6687478204936	55.6247377434567	62.0388835222959	3.15659424243103	311.192514207884	5.58850714691346
chr22	21199314	21200083	chr22:21199314-21200083	82.2928173033413	75.0517872423694	82.2349782966904	89.8625329070782	3.77901977099399	474.204349699863	5.76240266452282
chr22	21206339	21206839	chr22:21206339-21206839	116.880219525703	109.677433513428	116.840481658863	124.308829649732	3.73290160608532	980.367604411971	8.38779742534942
chr22	21207468	21207968	chr22:21207468-21207968	189.761540873127	181.041637883281	189.725958140656	198.683656162869	4.50081968978431	1777.59641983003	9.3675273274605
chr22	21211509	21212009	chr22:21211509-21212009	338.725986765379	327.366632498698	338.692372060503	350.276369912451	5.84458082013195	3358.84757687074	9.91612013281186
chr22	21212432	21212932	chr22:21212432-21212932	275.199697951928	264.978251394065	275.166136250909	285.611872010424	5.26394441421889	2733.2119861386	9.93174050145957
chr22	21212939	21213439	chr22:21212939-21213439	829.563563973409	811.74031922368	829.529978546889	847.577671642972	9.14244715544081	8233.30909539237	9.92486827164492
chr22	21220068	21220568	chr22:21220068-21220568	149.786808856824	141.508963304177	149.745989063367	158.296627535743	4.2829532826425	1223.09576476575	8.16557729015289
chr22	21221668	21222168	chr22:21221668-21222168	1722.02790203377	1692.07495364726	1721.98230098112	1752.23999718663	15.348614405539	12587.5734204798	7.30973836464171
chr22	21231092	21231592	chr22:21231092-21231592	70.2294749548891	63.4326153374142	70.169478538689	77.3672782067228	3.55562548347361	390.127731875694	5.5550426957668
chr22	21239872	21240372	chr22:21239872-21240372	853.870657428322	828.574415231286	853.804659608621	879.541958699852	13.0024277886948	4312.56126936853	5.05060249096397
chr22	21247000	21247500	chr22:21247000-21247500	21.7344661144959	18.0089369037514	21.6737435015979	25.8050402378454	1.99030028784187	119.250646358033	5.48670695336282
chr22	21249534	21250034	chr22:21249534-21250034	40.4444832192538	35.2389029055075	40.3822981631944	46.0034354388007	2.7472157480377	216.73699437023	5.35887659128382
chr22	21254343	21254843	chr22:21254343-21254843	42.8351212843276	37.5963141718974	42.775865329501	48.4106574106175	2.75981602200365	240.901630040523	5.62392781478277
chr22	21256027	21256527	chr22:21256027-21256527	38.6556897871856	33.7625462825262	38.5982705536271	43.8751236509586	2.5807949199372	224.346792324752	5.80371980321312
chr22	21257508	21258008	chr22:21257508-21258008	30.2048028798714	25.9793382655731	30.1495962662616	34.7439803351825	2.23699451065134	182.314904740668	6.03595744245573
chr22	21258821	21259321	chr22:21258821-21259321	63.0736179546998	56.9096656425139	63.0186486733589	69.5499458299601	3.22536012293759	382.418648202496	6.06305236013501
chr22	21260809	21261309	chr22:21260809-21261309	29.2327870259325	25.2595157413443	29.1824627786475	33.4920281511753	2.1011206702771	193.570180303505	6.62168065370532
chr22	21263516	21264016	chr22:21263516-21264016	42.1091561658786	37.5484687918094	42.0638224660212	46.9274606902058	2.39332181943001	309.564304405123	7.35147252026783
chr22	21265314	21265814	chr22:21265314-21265814	129.419625477023	121.720486856526	129.378666788163	137.351526158453	3.98791545237748	1053.19404014578	8.1378232726594
chr22	21271206	21271706	chr22:21271206-21271706	2438.72531998463	2406.55056170182	2438.68824406485	2471.11077754457	16.4698113577402	21925.4504706915	8.99053710191095
chr22	21276566	21277066	chr22:21276566-21277066	85.6653928039953	79.7151981863648	85.6282410060314	91.8267145555758	3.09008198884759	768.547679940928	8.97150710204978
chr22	21280133	21281349	chr22:21280133-21281349	105.366487229752	97.7738362479264	105.31723786887	113.239013309642	3.94575606707043	713.090313517168	6.76771459565006
chr22	21282973	21283473	chr22:21282973-21283473	46.6202400553972	41.4166276514084	46.5668382221434	52.1273174776643	2.73319269790725	290.943398386337	6.2407100015062
chr22	21284142	21284642	chr22:21284142-21284642	62.4612254683567	56.2825420843692	62.4054157091813	68.9570603584811	3.23411521096219	373.001026840369	5.97172124055322
chr22	21286584	21287084	chr22:21286584-21287084	88.0917488026185	80.4763490654075	88.0320349754514	96.0464885710495	3.97275596892695	491.684690266226	5.58150674665242
chr22	21291584	21292084	chr22:21291584-21292084	187.448294942524	175.740079225779	187.382796104685	199.528730226013	6.0692030476431	953.892983483856	5.08883254326927
chr22	21294409	21294909	chr22:21294409-21294909	59.2637230507091	52.7373038276387	59.1976950255107	66.1653582266258	3.42659141607632	299.125348136431	5.0473600499328
chr22	21295196	21295696	chr22:21295196-21295696	64.7926521389182	57.9287095346069	64.7260022673223	72.0353456795877	3.59967200613482	323.985559130114	5.00034415068356
chr22	21296114	21296614	chr22:21296114-21296614	74.8352474400658	67.4044771156851	74.7678601429329	82.6489611320178	3.88989205823504	370.115520864984	4.94573791796978
chr22	21299548	21300048	chr22:21299548-21300048	52.1329054362214	45.9386516191858	52.0649694677478	58.7132146560806	3.25999454158412	255.734966552492	4.90544243434416
chr22	21300979	21301479	chr22:21300979-21301479	50.5149131543109	44.4084436300688	50.4466967705831	57.0090308816372	3.21563692312179	246.77729976427	4.88523654411569
chr22	21304779	21305279	chr22:21304779-21305279	62.5052427086498	55.642820886165	62.4360394947321	69.7609241609055	3.60267252635443	301.011658385357	4.81578257024673
chr22	21308237	21308737	chr22:21308237-21308737	115.652700811235	106.191358226325	115.582667818957	125.512025977287	4.92961785588701	550.408396286035	4.75914866168492
chr22	21309771	21310271	chr22:21309771-21310271	101.011864104166	92.210916723135	100.942286655309	110.208204059584	4.59206139833067	483.870782783671	4.79023713773551
chr22	21310479	21310979	chr22:21310479-21310979	78.4575903079238	70.7556839240258	78.3885800305273	86.5516633186278	4.03059343193562	378.906403641171	4.82944227772062
chr22	21315987	21316487	chr22:21315987-21316487	104.38861537654	95.598336801969	104.321556139628	113.559976780322	4.58290991331373	518.828271776646	4.97016144821141
chr22	21321854	21322354	chr22:21321854-21322354	36.8432088516653	31.9654910634382	36.7831506780817	42.062211150883	2.57684609153963	204.426849625822	5.54856257088971
chr22	21322778	21323278	chr22:21322778-21323278	26.7386822011751	22.6784489860758	26.680711098598	31.1283332547	2.15685202591045	153.687765968739	5.74776889947049
chr22	21324097	21324597	chr22:21324097-21324597	32.5606874186026	28.1027263568607	32.5037796557141	37.3420291266808	2.35809228421556	190.66261081926	5.85560766479183
chr22	21326571	21327071	chr22:21326571-21327071	35.6429860176642	31.1242178035902	35.5898721307093	40.4635789868309	2.38346815091782	223.629686193582	6.27415688693293
chr22	21334795	21335295	chr22:21334795-21335295	65.5140696570799	60.0846644407893	65.4733345755165	71.174963524394	2.82967289574348	536.039367999799	8.18204960866556
chr22	21336189	21336689	chr22:21336189-21336689	468.879510517434	454.094856577527	468.838415412018	483.897703780623	7.60308224001316	3803.14718876888	8.11113964986847
chr22	21336939	21337439	chr22:21336939-21337439	72.5318255625927	66.830727043446	72.4913490208747	78.462944063493	2.96789266728572	597.256431672286	8.23440506342795
chr22	21344379	21345296	chr22:21344379-21345296	44.2120234588986	39.5117155174145	44.1662115215718	49.1726666235358	2.46524569817055	321.63282427053	7.27478181516694
chr22	21353039	21353539	chr22:21353039-21353539	92.3537891399222	85.6164425475619	92.3095259090154	99.3426754535318	3.50209607705972	695.429844187895	7.53006293151948
chr22	21356013	21356513	chr22:21356013-21356513	1282.933425204	1256.95915290432	1282.88733173187	1309.16964255269	13.3193731612992	9277.70731394012	7.23163582121564
chr22	21368371	21368871	chr22:21368371-21368871	848.910731350112	823.335667175815	848.842859240066	874.871505966434	13.14741590133	4169.10894816831	4.91112763003684
chr22	21368925	21369425	chr22:21368925-21369425	684.499807358986	661.385443765143	684.430924301684	708.005626200375	11.8934372378478	3312.31697470004	4.83903273469132
chr22	21375149	21375649	chr22:21375149-21375649	89.1108140595827	80.4565387416067	89.0341418438261	98.2007970325538	4.52770470228567	387.350957252968	4.34684568131059
chr22	21383888	21384388	chr22:21383888-21384388	28.9646327462194	24.0032836576527	28.8838302970377	34.3851267414738	2.65042186849456	119.427967179178	4.12323429837951
chr22	21386964	21387464	chr22:21386964-21387464	35.9282352108152	30.2633195883083	35.8439713007443	42.0719729728768	3.01432588499364	142.066396422018	3.95417129698742
chr22	21391997	21392497	chr22:21391997-21392497	337.077738311883	318.30236333996	336.984401054918	356.383535656438	9.71547130191844	1203.73917886106	3.57110257381426
chr22	21392655	21393155	chr22:21392655-21393155	81.3212206622537	72.3213232373597	81.2296897440107	90.8412585229299	4.72595953454189	296.09275468442	3.64102693335315
chr22	21394418	21394918	chr22:21394418-21394918	99.1642135767394	89.1114310828478	99.0710337241365	109.746510607086	5.26544940065525	354.681924868701	3.57671292975289
chr22	21399876	21400376	chr22:21399876-21400376	362.251803674592	342.27566659936	362.1535168636	382.786490853153	10.3353218558652	1228.49417527275	3.39127138308549
chr22	21410040	21410540	chr22:21410040-21410540	203.327545146019	188.134405922143	203.225210185933	219.102234413293	7.90114789346194	662.234881846919	3.25698557650582
chr22	21410919	21411419	chr22:21410919-21411419	479.870897678331	456.237915081397	479.7673660228	504.092237332052	12.208652829776	1544.94611506322	3.21950366762778
chr22	21419312	21419812	chr22:21419312-21419812	24.8255075155864	19.8670657902548	24.729755363303	30.328020838302	2.67136756134439	86.3632496296428	3.47881104043576
chr22	21420155	21420655	chr22:21420155-21420655	27.4982024371542	22.2309896883662	27.4011287790849	33.3170025925945	2.83074281582545	94.3643129244369	3.43165387410693
chr22	21420970	21421470	chr22:21420970-21421470	30.1612512030206	24.6010951813101	30.0630480653532	36.2794183642372	2.98177066120902	102.317573710551	3.39235176358679
chr22	21422712	21423212	chr22:21422712-21423212	23.947201027565	19.0678653588337	23.8508474776132	29.374021989197	2.6319525033029	82.7853376773734	3.45699430935922
chr22	21423260	21423760	chr22:21423260-21423760	21.2656133286292	16.7115536878547	21.170499755859	26.3601033453997	2.46430551621958	74.4674919873304	3.50177964945302
chr22	21428298	21428798	chr22:21428298-21428798	39.8747879974814	33.2990024507233	39.7720597034036	47.0343127500062	3.50634514193732	129.326477311811	3.24331448031722
chr22	21429572	21430072	chr22:21429572-21430072	22.181049829522	17.4746561365771	22.0837752868114	27.4401542663631	2.54519807947726	75.9488183382762	3.42404074297655
chr22	21435705	21436205	chr22:21435705-21436205	21.3005345225077	16.6740400534699	21.2023505273254	26.4849024178516	2.50585128456184	72.2554179264506	3.39218801528668
chr22	21436429	21436929	chr22:21436429-21436929	25.7816499316601	20.6018268578949	25.6809610932594	31.5335941969687	2.79163231242501	85.2913485785446	3.30821917156691
chr22	21438442	21438942	chr22:21438442-21438942	26.6813072449314	21.3861704390804	26.5797820696322	32.5533195865553	2.85166633848076	87.5420655414654	3.28102610332541
chr22	21447897	21448397	chr22:21447897-21448397	667.236607437484	637.722458263932	667.120777211071	697.409005913995	15.2271356228672	1920.0975758659	2.87768619776427
chr22	21452257	21452757	chr22:21452257-21452757	125.071123267243	112.554756571473	124.956677786869	138.23785160761	6.55350815273041	364.222199306544	2.9121206381772
chr22	21457007	21457507	chr22:21457007-21457507	290.457604381613	270.986848775619	290.340424211655	310.594275049798	10.1051938096899	826.182910624246	2.84441824955211
chr22	21462941	21463441	chr22:21462941-21463441	113.861762885192	101.843693810385	113.745516905419	126.540422679302	6.30199446546513	326.43729637372	2.86696155146368
chr22	21474032	21474532	chr22:21474032-21474532	36.5818178544785	30.0578556059904	36.4707391862677	43.7369580471357	3.49241870588271	109.718018232365	2.9992500282195
chr22	21483249	21483749	chr22:21483249-21483749	44.5507083808645	37.2262478032442	44.4366665950853	52.5231959102966	3.90498260319322	130.158046278301	2.92157074508396
chr22	21757058	21757985	chr22:21757058-21757985	98.4679449561894	90.1984948474882	98.4050359782246	107.094892937178	4.31110960006492	521.688929111346	5.29805846302019
chr22	21770473	21770973	chr22:21770473-21770973	37.9832224227159	34.1521676619622	37.9479017601569	42.0149945131528	2.00635091754086	358.401504049311	9.43578456984652
chr22	21772118	21772618	chr22:21772118-21772618	49.3270414059621	44.9353558541248	49.291527299252	53.9205451860065	2.29261658532092	462.921418802633	9.38473919391972
chr22	21792313	21792813	chr22:21792313-21792813	92.4048835898897	83.9211075843801	92.3340315064991	101.291294430975	4.43214574182309	434.672117556898	4.70399507764172
chr22	21798666	21799644	chr22:21798666-21799644	49.737434840123	43.3850304281286	49.662175353839	56.5175081246249	3.35151739090786	220.233718609039	4.42792675812419
chr22	21800497	21800997	chr22:21800497-21800997	34.3216995733594	29.0958726893051	34.2468667075923	39.9727602074318	2.77635904073615	152.822152921936	4.45263943282567
chr22	21802295	21802795	chr22:21802295-21802795	46.9824902753848	40.738661269353	46.9052960912629	53.6649800801525	3.29901662694283	202.816393748199	4.31685065136828
chr22	21803069	21803569	chr22:21803069-21803569	47.8717654180886	41.5474166589113	47.7940726803365	54.6376083764262	3.34082211847095	205.329893931014	4.28916485819487
chr22	21805440	21805940	chr22:21805440-21805940	37.0114147008829	31.4741246008947	36.9336187599907	42.9907773882856	2.9396005169693	158.523897356578	4.28310829612241
chr22	21806225	21806725	chr22:21806225-21806725	44.2367750776933	38.1197345240944	44.1578483170218	50.8023194933688	3.23693173513092	186.766868277925	4.22198200365884
chr22	21810681	21811181	chr22:21810681-21811181	35.1648947008199	29.7151644260355	35.0853405077891	41.0666860009882	2.89757328867033	147.282037541447	4.1883258515207
chr22	21811359	21811859	chr22:21811359-21811859	73.4111357643192	65.2887769802441	73.3285524824846	82.0027884877077	4.26511908618116	296.252185749068	4.0355210781667
chr22	21822385	21822885	chr22:21822385-21822885	573.077597055394	549.281248486611	572.990049135965	597.371470357237	12.2686324663754	2181.89852935016	3.80733523795253
chr22	21844990	21845490	chr22:21844990-21845490	16.8775727735095	13.2455466292066	16.8012969835946	20.9429932138006	1.96600456564345	73.6971909292893	4.3665752130521
chr22	21865851	21866351	chr22:21865851-21866351	26.8337573743773	22.2108030714819	26.7579868549657	31.887263018357	2.47036388793064	117.988890429547	4.39703202139746
chr22	21885441	21885941	chr22:21885441-21885941	13.1694425335784	10.2675328499728	13.1068444327683	16.4270275390158	1.57329292627437	70.0673355710036	5.32044810494839
chr22	21899049	21899549	chr22:21899049-21899549	33.7915548847394	29.2131125438307	33.7337619693183	38.6984082555592	2.42085174932169	194.840826336001	5.7659621464768
chr22	21909685	21910185	chr22:21909685-21910185	57.5606209385002	52.2696275441988	57.5163780372013	63.1030357613408	2.76423438634707	433.611917720874	7.53313481771089
chr22	21910249	21910749	chr22:21910249-21910749	712.821865564406	693.933818830669	712.777859122412	731.959996698189	9.70089146242299	5399.31586740425	7.5745654394722
chr22	21918573	21919073	chr22:21918573-21919073	70.5838824322066	65.97509763697	70.5568899134426	75.3460612629455	2.39083648817563	871.58818637444	12.3482607691858
chr22	21921752	21922252	chr22:21921752-21922252	413.198629905093	401.909384378691	413.171498342485	424.642061483336	5.79935911338014	5076.42227227308	12.2856706311903
chr22	21922920	21923420	chr22:21922920-21923420	233.632054981342	225.173258148289	233.604993916842	242.244636939682	4.35515636389114	2877.77843344216	12.3175667554351
chr22	21925310	21925810	chr22:21925310-21925810	198.564814972684	190.785734407489	198.537845527113	206.497159886383	4.00823363917822	2454.13547776493	12.3593672831843
chr22	21928627	21929127	chr22:21928627-21929127	177.976564135456	169.846479632472	177.943588664873	186.294044205013	4.19608900740616	1799.02108345827	10.1081908856778
chr22	21932720	21933220	chr22:21932720-21933220	54.7670487134842	49.7926885332182	54.7259720065129	59.9748377906911	2.59804751806171	444.369759644849	8.1138160642832
chr22	21933888	21934648	chr22:21933888-21934648	92.0993976521485	85.4282908047158	92.0558924952184	99.0177362920397	3.46718998260813	705.599559896509	7.66128311242053
chr22	21942253	21942753	chr22:21942253-21942753	1329.69140428592	1301.41323809382	1329.63866539737	1358.26928078733	14.5045104641428	8404.18436746631	6.32040211764743
chr22	21948111	21948611	chr22:21948111-21948611	92.8123171052243	85.3160741630381	92.7575657430348	100.619700563801	3.90466420029595	564.99401723093	6.08748962263681
chr22	21953500	21954000	chr22:21953500-21954000	53.4748567582581	47.8354575242048	53.4203586891872	59.4239520453672	2.95709581802805	327.015596117866	6.11531504602609
chr22	21958190	21958690	chr22:21958190-21958690	91.7659604771423	84.3174859814059	91.7112766999634	99.5251913471202	3.88019641520106	559.314152950145	6.09500679818486
chr22	21959073	21959573	chr22:21959073-21959573	84.5816402253252	77.4556146265632	84.5272482218218	92.0167635562984	3.71527575675847	518.286740505536	6.12765062399857
chr22	21960971	21961471	chr22:21960971-21961471	110.144214555677	102.017755901989	110.090195061036	118.577655835476	4.22508720084418	679.597898401656	6.17007349086071
chr22	21961841	21962341	chr22:21961841-21962341	186.503054717662	175.885641763875	186.449074344065	197.427230320701	5.49582281685209	1151.61272047699	6.17476599630157
chr22	21962844	21963344	chr22:21962844-21963344	120.479937786354	112.030031118094	120.426645266345	129.232696373822	4.38902656337335	753.51699265328	6.254294337282
chr22	21969870	21970370	chr22:21969870-21970370	43.6658971290742	38.9233569250056	43.6186159317215	48.6771214352655	2.48895999306009	307.786057542232	7.04865988742729
chr22	21973291	21973791	chr22:21973291-21973791	48.4835663047544	43.6814285462461	48.4401319826374	53.5325293435094	2.5136745955854	372.024038999608	7.67319872183426
chr22	21974293	21974793	chr22:21974293-21974793	119.164232902598	111.638022885946	119.121643818345	126.932469895805	3.90208335928967	932.607186048717	7.82623412522624
chr22	21978385	21978885	chr22:21978385-21978885	238.166507172004	228.575729765881	238.132310248721	247.951621818416	4.94310723618071	2321.4605657172	9.74721674043212
chr22	21979655	21980155	chr22:21979655-21980155	155.264563221326	147.788487973065	155.232560273093	162.922507166788	3.86099957713882	1617.1309300163	10.4153252774821
chr22	21983443	21983943	chr22:21983443-21983943	791.426157905624	774.601017217083	791.394790057011	808.429559226493	8.62997870959733	8410.10372201348	10.6265172536998
chr22	21984123	21984623	chr22:21984123-21984623	896.834108380438	878.968518729558	896.802918876387	914.876945180362	9.16056504888547	9584.72612945018	10.6872899233939
chr22	21986741	21987241	chr22:21986741-21987241	1760.29902351173	1735.58594815912	1760.26870731767	1785.18438318588	12.6529518529714	19354.822159509	10.9951899654508
chr22	21995643	21996143	chr22:21995643-21996143	536.804705938655	522.189178635741	536.769703706864	551.619147550233	7.5079119407446	5112.0405312665	9.52309187067874
chr22	21996171	21996671	chr22:21996171-21996671	2037.51684952708	2008.81637059997	2037.4815235014	2066.41808321676	14.6946515181745	19225.7741034221	9.4358847181482
chr22	21997293	21997793	chr22:21997293-21997793	350.300912353416	338.383148856975	350.265125295842	362.422049962709	6.13265031645443	3262.76753974164	9.31418510394818
chr22	22000926	22001426	chr22:22000926-22001426	395.293239765372	382.465041048671	395.256524748916	408.330086161844	6.59850834925543	3588.78328300423	9.07878739624883
chr22	22005335	22005835	chr22:22005335-22005835	251.196008160841	240.410040936211	251.154944419702	262.215335797515	5.5629167798016	2039.01462665461	8.11722543516308
chr22	22006141	22006641	chr22:22006141-22006641	714.599317642287	696.241603207784	714.557868003038	733.192586444768	9.42658836247641	5746.6680145549	8.04180450873528
chr22	22010892	22011392	chr22:22010892-22011392	238.863612924457	228.514108360943	238.823845372781	249.439111781885	5.33834308183682	2002.10583397689	8.38179498946989
chr22	22011606	22012106	chr22:22011606-22012106	826.177181081014	806.993316700489	826.138078551058	845.583261520005	9.84467721377114	7042.76875887921	8.52452587671822
chr22	22014312	22014812	chr22:22014312-22014812	118.073762485765	111.35004777868	118.039568226073	124.991798219681	3.48036758868446	1150.95030890059	9.74772281893999
chr22	22020211	22020711	chr22:22020211-22020711	1008.76194633385	989.084419092413	1008.72831469677	1028.63059915732	10.0885851491915	9998.08567877322	9.9112438916925
chr22	22021050	22021550	chr22:22021050-22021550	113.937929629918	107.395446324686	113.90437037467	120.671125287924	3.38697757566866	1131.64967914787	9.93215940313805
chr22	22026353	22026853	chr22:22026353-22026853	27.7329950433329	24.3890623044382	27.6957410861269	31.2886281493347	1.76074787139726	248.084256100648	8.94545488913169
chr22	22035177	22035677	chr22:22035177-22035677	24.6454666220328	20.9339353284231	24.5929483750347	28.6554306023379	1.97090986339685	156.365365597422	6.34458937197127
chr22	22036246	22036746	chr22:22036246-22036746	31.7191346780252	27.4111078473581	31.6646138847628	36.336978445263	2.27807955417755	193.867446157531	6.11200299520909
chr22	22039536	22040036	chr22:22039536-22040036	27.3839415132895	23.288995822862	27.3264398173976	31.8056385128397	2.17385327294701	158.683387196339	5.79476066728121
chr22	22041085	22041585	chr22:22041085-22041585	45.7544322965484	40.2830519748905	45.6940128118083	51.5691543502977	2.8801611669261	252.367114005577	5.51568670702565
chr22	22044595	22045095	chr22:22044595-22045095	35.4111346262263	30.532934215772	35.3484475815473	40.6455563780767	2.5809996801711	188.236475848077	5.31574257179165
chr22	22052766	22053266	chr22:22052766-22053266	78.982861494125	71.186025226534	78.912589095703	87.1790365250855	4.08088010713843	374.591618888303	4.74269495688209
chr22	22055190	22056017	chr22:22055190-22056017	175.912639166162	163.969058761731	175.839804366794	188.270127234659	6.20004163894599	805.016674517178	4.57622987372034
chr22	22058146	22058646	chr22:22058146-22058646	66.6831273798742	59.4052368901659	66.6101934500356	74.3754781707932	3.82010851924196	304.705658155586	4.56945662460862
chr22	22061920	22062420	chr22:22061920-22062420	209.817100025293	196.440348898502	209.740665947219	223.628213719582	6.93647225063745	914.964942033114	4.36077394036434
chr22	22067292	22067792	chr22:22067292-22067792	908.322989062089	879.718770446458	908.243585506402	937.378450049137	14.7097106764477	3813.04868714691	4.19789957213806
chr22	22073341	22073841	chr22:22073341-22073841	75.4145748816574	67.3279792763886	75.3350398099733	83.9531436475436	4.24236841868903	316.004896618223	4.19023639812472
chr22	22080929	22081429	chr22:22080929-22081429	140.385730247836	129.033867498604	140.302717226173	152.209338575902	5.91313871306315	563.650370551299	4.0150118502517
chr22	22090036	22090536	chr22:22090036-22090536	1432.49359090674	1394.95495651233	1432.40710938362	1470.52369154938	19.2783991037706	5521.32665054199	3.85434649452574
chr22	22097801	22098301	chr22:22097801-22098301	54.2748032384663	47.2563786781876	54.1905408906758	61.7720555322384	3.70455966688364	214.646260748813	3.9548049544413
chr22	22098406	22098906	chr22:22098406-22098906	137.854164751053	126.365476590732	137.767463157807	149.835559164375	5.98836705406765	529.935431894221	3.84417426090259
chr22	22108836	22109336	chr22:22108836-22109336	1791.76535319689	1749.0634871309	1791.67599132179	1834.97505447887	21.9169065876283	6683.49697458471	3.73011843468227
chr22	22110027	22110527	chr22:22110027-22110527	543.867048594961	520.414988786029	543.777375350032	567.828710882576	12.0960844444288	2021.60300161404	3.71709043016432
chr22	22114872	22115372	chr22:22114872-22115372	100.023075192352	90.1925162917171	99.9348818637082	110.354812738962	5.14473103657823	377.985426282541	3.77898225540103
chr22	22121393	22121893	chr22:22121393-22121893	49.1105447276141	42.3751553495061	49.0244056228503	56.3354229089641	3.56300188935185	189.984161882278	3.86850039917096
chr22	22127917	22128417	chr22:22127917-22128417	27.7229914096086	22.8157484158322	27.6401263430304	33.1010961629248	2.62592473453354	111.459125891352	4.02045811884217
chr22	22129019	22129519	chr22:22129019-22129519	102.522415188868	92.5554431098216	102.434018112649	112.991724128299	5.21461580140127	386.538738144858	3.77028513650181
chr22	22133157	22133657	chr22:22133157-22133657	412.049483651325	391.624092780475	411.959404595118	432.986782134966	10.5525075105583	1524.71056160726	3.70030936113844
chr22	22134408	22134908	chr22:22134408-22134908	57.0284457381712	49.7308188064982	56.94180954431	64.8183906041819	3.8504797606538	219.357951094876	3.8464655358484
chr22	22138950	22139450	chr22:22138950-22139450	296.914442572218	279.678995677611	296.825039897515	314.657951700693	8.92407421987204	1106.97114172881	3.72824956623512
chr22	22140233	22140733	chr22:22140233-22140733	59.631902410367	52.1773838128138	59.5455892278401	67.576904741116	3.93001774830514	230.233388824974	3.86090967282218
chr22	22145983	22146483	chr22:22145983-22146483	686.501699075116	660.234853500458	686.412801617473	713.273739098955	13.5310377555559	2574.07395996303	3.7495522056696
chr22	22154733	22155233	chr22:22154733-22155233	44.6994633443138	38.400932208173	44.6165275772217	51.4692783716996	3.33545067191902	179.595550877055	4.01784579590264
chr22	22156234	22156734	chr22:22156234-22156734	48.2251066364435	41.6735931201059	48.1421702248038	55.2479101423578	3.46446670650613	193.76423097945	4.01791192376592
chr22	22157390	22157890	chr22:22157390-22157890	48.2211118709063	41.6799688026057	48.1384403822699	55.2320395873577	3.45878410638674	194.369237389058	4.03079128306721
chr22	22161726	22162614	chr22:22161726-22162614	74.2051642681128	66.0166424542908	74.1221414625317	82.8654778015103	4.29951682224396	297.871502894633	4.01416135699646
chr22	22163090	22163590	chr22:22163090-22163590	29.5186333299573	24.5660148405496	29.4397863998745	34.9192868820373	2.64304547533162	124.733532467177	4.2255862957107
chr22	22164293	22164793	chr22:22164293-22164793	43.8078177728827	37.6624516801236	43.7272880398583	50.4107957270693	3.25376144431693	181.272457527734	4.13790201711308
chr22	22170329	22170829	chr22:22170329-22170829	70.7410285704746	62.8630120012327	70.6603750626152	79.077372536323	4.13763354871997	292.306646947316	4.1320666783366
chr22	22170908	22171408	chr22:22170908-22171408	863.812014239423	835.329341242964	863.729164948303	892.765511221378	14.6527233111429	3475.37587832009	4.02330115931545
chr22	22173610	22174110	chr22:22173610-22174110	142.034161214844	130.776564815863	141.953537129052	153.749927783602	5.86153502510141	587.168694844005	4.13399628527282
chr22	22178337	22178837	chr22:22178337-22178837	196.27506198149	183.15847978422	196.196375448741	209.838806462342	6.80704902065056	831.404728215597	4.23591626884317
chr22	22179912	22180412	chr22:22179912-22180412	130.072964404658	119.523062554176	129.995571473943	141.062673975304	5.49576027624401	560.168282524589	4.30656966333066
chr22	22180436	22180936	chr22:22180436-22180936	338.480932521377	321.271447763084	338.403035835728	356.133093864418	8.89397918187259	1448.35892713462	4.27899709548083
chr22	22181485	22181985	chr22:22181485-22181985	102.937234576855	93.6494695974308	102.861070359944	112.657822372048	4.85010296500334	450.446354320935	4.37593215101018
chr22	22186785	22187285	chr22:22186785-22187285	227.431997267884	213.749757370879	227.358363665372	241.532685724046	7.08821591791131	1029.50688133972	4.52665805034944
chr22	22191495	22191995	chr22:22191495-22191995	170.05876363899	158.563576849233	169.988983505506	181.950499006718	5.96680552468805	812.295913418308	4.77656014918874
chr22	22197529	22198029	chr22:22197529-22198029	80.8866971877613	73.3870678762506	80.8234148204518	88.7459443006383	3.91895946513422	426.003004293798	5.26666335880821
chr22	22199963	22200463	chr22:22199963-22200463	43.4374894358344	38.1515877462793	43.3780199606609	49.0613336775492	2.78415230309783	243.412823767564	5.60374982368933
chr22	22200490	22200990	chr22:22200490-22200990	150.851765981507	140.76541486082	150.791224937073	161.28216163298	5.23451299770612	830.516437455593	5.50551352217783
chr22	22202269	22202769	chr22:22202269-22202769	81.345569104318	74.1549688774143	81.2878562873066	88.864137685138	3.75310858798664	469.770286673269	5.77499539121588
chr22	22202854	22203354	chr22:22202854-22203354	55.4167550185794	49.5764093815122	55.3603542889422	61.5776089703728	3.06240678470376	327.458619641962	5.90901830199506
chr22	22203763	22204561	chr22:22203763-22204561	125.300605770861	116.480363210867	125.244765988513	134.438175849305	4.58169616139806	747.917630263079	5.96898654768522
chr22	22208815	22209315	chr22:22208815-22209315	83.7099890197104	77.0833276916364	83.6625914493308	90.6060010490232	3.45023903839251	588.648715102795	7.03200086388963
chr22	22209985	22210485	chr22:22209985-22210485	91.3867857832848	84.620414304382	91.3416420469834	98.4097005888246	3.51819706187429	674.724503465006	7.38317359213237
chr22	22212519	22213019	chr22:22212519-22213019	94.517186856981	88.0750134911567	94.4777428567489	101.183513678369	3.34443389815315	798.686494842126	8.45017209463355
chr22	22214739	22215239	chr22:22214739-22215239	103.428728555555	97.2089421099934	103.39526919687	109.838659447293	3.22220020224594	1030.33233790741	9.96176161397924
chr22	22215684	22216184	chr22:22215684-22216184	118.525785482633	112.152849452267	118.495233470349	125.072344384915	3.29607369080302	1293.09924694733	10.909855958194
chr22	22216985	22217485	chr22:22216985-22217485	235.546983619404	227.049999617682	235.51990148165	244.197872508424	4.3746701370543	2899.10851269985	12.3079840299896
chr22	22219308	22219808	chr22:22219308-22219808	144.765710886721	138.129727400428	144.738699679113	151.555195754896	3.42509550842975	1786.4301596153	12.3401470463761
chr22	22221922	22222422	chr22:22221922-22222422	1313.74592710548	1293.56847602532	1313.71883049332	1334.07736588048	10.3341464667717	16161.1975937721	12.301615754105
chr22	22230761	22231261	chr22:22230761-22231261	174.052418574869	165.332944668877	174.013545329372	182.992804061979	4.50541378639334	1492.41895966504	8.57453732550734
chr22	22236035	22236535	chr22:22236035-22236535	65.8860476140036	59.9408237077052	65.8372896280646	72.1083513554353	3.10462271894665	450.369787898485	6.83558665617639
chr22	22237034	22237534	chr22:22237034-22237534	190.715432385009	180.272293752022	190.66442041455	201.44846490346	5.40256405780094	1246.15430970373	6.53410316155243
chr22	22242090	22242590	chr22:22242090-22242590	20.3061210289361	16.9171148595819	20.2524787019043	23.9999414798714	1.80813254994888	126.12274426742	6.21107025254583
chr22	22243740	22244240	chr22:22243740-22244240	31.046196844421	26.7062857503227	30.9895408525993	35.7080569392417	2.2975151167191	182.599699459268	5.8815480805689
chr22	22244700	22245200	chr22:22244700-22245200	38.1236869629981	33.2391726675197	38.0656220797795	43.3381601111778	2.57735221167947	218.797445015285	5.73914703548072
chr22	22249031	22249531	chr22:22249031-22249531	31.9860235974038	27.428292379575	31.9252815671472	36.8889218499742	2.4146762214791	175.46992714945	5.48583122922763
chr22	22254173	22254673	chr22:22254173-22254673	32.9047331500844	28.178744947479	32.8412064097924	37.9917120878066	2.50462565997071	172.596146441061	5.2453288605569
chr22	22256652	22257152	chr22:22256652-22257152	32.024509674823	27.3349791176344	31.9601380904776	37.0798306860258	2.48729204321507	165.772091502978	5.17641310315842
chr22	22257346	22257846	chr22:22257346-22257846	36.4630001732321	31.4208913094307	36.397942698197	41.8748002361115	2.668114567224	186.76515432892	5.12204572968811
chr22	22264587	22265087	chr22:22264587-22265087	186.668948752709	174.64299906336	186.599487099345	199.089637724584	6.23711280300146	895.729682605002	4.79849320730695
chr22	22265388	22265888	chr22:22265388-22265888	113.782347982065	104.463138382364	113.713282948471	123.494039438277	4.85568648986216	549.096285733214	4.82584773008697
chr22	22270927	22271749	chr22:22270927-22271749	74.1999097875299	66.752445570583	74.1316001323833	82.0355585802726	3.89976957270511	362.016913751817	4.8789400794212
chr22	22271935	22272435	chr22:22271935-22272435	42.6075474090508	37.0682212179144	42.5406594928831	48.5269694434526	2.92441135107832	212.273680473113	4.98206757678855
chr22	22273618	22274118	chr22:22273618-22274118	34.6715534207076	29.7282516462271	34.6056309362521	39.9894601659201	2.61901297739438	175.255356083481	5.05473042862883
chr22	22281606	22282106	chr22:22281606-22282106	33.7213233725016	28.9495626283172	33.6582037915729	38.8517619727333	2.52736187025573	178.022281106284	5.27921989121737
chr22	22282650	22283150	chr22:22282650-22283150	26.6029289105051	22.4311049605509	26.5412408575401	31.1252900636973	2.21929832637505	143.690328130749	5.40129730129106
chr22	22284293	22284793	chr22:22284293-22284793	28.3697235811854	24.0793419237869	28.3087370359542	33.0066584189784	2.27870668336376	155.000591816154	5.46359189480962
chr22	22290610	22291110	chr22:22290610-22291110	130.971336615588	121.753243447963	130.912986805588	140.521021342542	4.78834781897761	748.137011525575	5.71221941272096
chr22	22292280	22293226	chr22:22292280-22293226	1044.57236628315	1018.65295853266	1044.51586400751	1070.81287115397	13.3065341126952	6162.36136192369	5.89941066874182
chr22	22301258	22301758	chr22:22301258-22301758	84.0279439627126	78.1599486477679	83.9911001801139	90.1053159764177	3.04769525058803	760.158923010316	9.0465015227272
chr22	22301986	22302486	chr22:22301986-22302486	800.979413029495	783.216722565949	800.944853009026	818.93850492169	9.11297052437688	7725.43204381471	9.64498202843352
chr22	22306365	22306865	chr22:22306365-22306865	81.0625348923661	75.5251750701101	81.0285530754707	86.7930075098211	2.87481702064017	795.096690532761	9.80843606221396
chr22	22307034	22307534	chr22:22307034-22307534	320.391002430902	309.246332922555	320.356772955854	331.730194438689	5.73594564576019	3119.97107666315	9.73801090851802
chr22	22313047	22313547	chr22:22313047-22313547	27.7138994241338	24.4250102168866	27.6778747336873	31.2075038715639	1.73085163976131	256.374948063823	9.25077139597925
chr22	22313651	22314151	chr22:22313651-22314151	24.3186289382933	21.1872851608639	24.2812056088307	27.662633979054	1.65257399076466	216.549081395939	8.90465831545915
chr22	22315042	22315542	chr22:22315042-22315542	29.5972344925628	25.9808827789227	29.556371559559	33.4457947090722	1.90504114540049	241.375700135624	8.15534641239122
chr22	22316009	22316509	chr22:22316009-22316509	28.7876968232484	25.1502078976049	28.745094161665	32.6672795526956	1.91840235374372	225.182399901521	7.822174913266
chr22	22319260	22319760	chr22:22319260-22319760	32.3548352439187	28.3036902362843	32.3078478613605	36.6729909433997	2.13588086019483	229.46916605185	7.09226810527433
chr22	22321434	22321934	chr22:22321434-22321934	25.4123947275533	21.8048233587026	25.3645089148664	29.2920777321666	1.91099603130099	176.836379567194	6.95866648787175
chr22	22326546	22327046	chr22:22326546-22327046	75.4934231324676	69.0950986671877	75.4442807668771	82.1710127145938	3.3363251340364	512.013606195887	6.78222797365357
chr22	22328592	22329092	chr22:22328592-22329092	40.6638597098277	36.1396737056263	40.6175888013391	45.4509881128469	2.37609026479961	292.881086430875	7.20249106997808
chr22	22336294	22336794	chr22:22336294-22336794	87.6740259740787	81.3877923539314	87.633461650023	94.1907792601046	3.26652582616394	720.393369711649	8.21672509854443
chr22	22336973	22337473	chr22:22336973-22337473	327.28282244768	314.951315927419	327.241736340814	339.847816817792	6.35147475177686	2655.20019659506	8.11286145950885
chr22	22339218	22339718	chr22:22339218-22339718	257.444642342826	246.463694497885	257.403119649615	268.661558790026	5.66306493531175	2066.63906014588	8.02750852120607
chr22	22342121	22342621	chr22:22342121-22342621	113.379001958087	106.060279263513	113.336643007288	120.938443669405	3.79589306558643	892.148851318946	7.86873085766574
chr22	22344566	22345066	chr22:22344566-22345066	58.8294299149447	53.1387065006933	58.7792237329037	64.8054616829874	2.97693621384608	390.52624117364	6.63828022366119
chr22	22346242	22346742	chr22:22346242-22346742	71.2871618222486	64.7304947489838	71.232300991263	78.1555893722826	3.42552562114871	433.08008005408	6.07514830137222
chr22	22346965	22347465	chr22:22346965-22347465	141.855566499581	132.348645895208	141.798365861185	151.6875486479	4.93400779621238	826.595624643593	5.82702283062
chr22	22356300	22356800	chr22:22356300-22356800	472.917512643194	453.079982656654	472.843769360334	493.174117154344	10.2287032743601	2137.61571123932	4.52006037858891
chr22	22357155	22357655	chr22:22357155-22357655	204.968942503273	191.921168034503	204.894505402245	218.439731058388	6.76571048278097	917.802638248178	4.47776442147337
chr22	22363841	22364341	chr22:22363841-22364341	32.9722372964556	27.7797434813794	32.8951031906224	38.6030388755204	2.76279497526341	142.429358593755	4.31967528661046
chr22	22364594	22365094	chr22:22364594-22365094	31.1985849146939	26.1431926959618	31.1211117667724	36.6942090569099	2.69339384917256	134.174524241109	4.30066057829165
chr22	22369920	22370420	chr22:22369920-22370420	33.9371213393499	28.5071264963046	33.8550497363306	39.8334794336276	2.89126734901879	137.775976852524	4.05974258909149
chr22	22372301	22372801	chr22:22372301-22372801	48.9998908493863	42.2925479650942	48.9142873038975	56.1936793297301	3.5479023841713	190.74224972181	3.89270764516813
chr22	22377264	22377764	chr22:22377264-22377764	62.1293372714523	54.3636996328836	62.0394351527825	70.4058531582461	4.0940196418075	230.299819844565	3.70678056388
chr22	22377869	22378369	chr22:22377869-22378369	122.386010162155	111.246785893998	122.293824649006	134.049102130783	5.81817744321149	442.47590798946	3.61541247568413
chr22	22384902	22385402	chr22:22384902-22385402	172.796134419458	159.163484984175	172.698969659636	186.980951399689	7.09747307159147	592.734953944646	3.43025586733207
chr22	22387928	22388428	chr22:22387928-22388428	75.2139019580464	66.3301775316785	75.1170835871089	84.6478103095631	4.67453431743801	258.892538826377	3.44208360537903
chr22	22392083	22392583	chr22:22392083-22392583	243.847603901703	227.239982699683	243.745999759111	261.032623949927	8.62167555038901	799.933037964741	3.28046298247491
chr22	22396330	22396830	chr22:22396330-22396830	164.783227097918	151.082079727228	164.680078713624	179.070544315836	7.14122191962576	532.452596056683	3.23123054108103
chr22	22397340	22397840	chr22:22397340-22397840	41.2915451032853	34.7341970114886	41.1932419968472	48.40749105953	3.49033424899105	139.954939482869	3.38943333635954
chr22	22398123	22398623	chr22:22398123-22398623	40.4026489325587	33.9135333853	40.3041612532761	47.4514099451283	3.4558184224413	136.684053188774	3.38304682489831
chr22	22401924	22402424	chr22:22401924-22402424	31.4342348973049	25.7563558056488	31.3361904232754	37.6692264851673	3.04154716137046	106.811171535607	3.39792496571199
chr22	22403301	22403801	chr22:22403301-22403801	54.6293873817805	46.8901472506153	54.526887976336	62.9510816450699	4.09927526867188	177.598173843133	3.25096403886022
chr22	22413045	22413545	chr22:22413045-22413545	48.5031421024932	41.1274658531363	48.3976701410272	56.4781572540213	3.91830528933126	153.22979007356	3.15917244597817
chr22	22414944	22415444	chr22:22414944-22415444	77.3455746950687	67.8137251031551	77.2368795151448	87.4950970634693	5.02270718642913	237.134760884656	3.06591245613662
chr22	22415944	22416444	chr22:22415944-22416444	33.2841593296276	27.2815369699169	33.1806864774195	39.8747397785513	3.21523820793774	107.163990293924	3.21966942991206
chr22	22417470	22417970	chr22:22417470-22417970	68.7358425414378	59.7548215149337	68.626812575185	78.3364345386772	4.74227312675586	210.084201656018	3.05639960009753
chr22	22424612	22425112	chr22:22424612-22425112	59.2331829416306	50.8206412820799	59.1214638551888	68.2805694463396	4.45635569944342	176.673106040254	2.98267115266034
chr22	22429574	22430304	chr22:22429574-22430304	48.6230793254128	41.0238865897849	48.5111253405678	56.8584416165445	4.04194872248036	144.711591478161	2.9761914195041
chr22	22437183	22437683	chr22:22437183-22437683	32.4605609037179	26.3431964854937	32.3498416058335	39.2070522188151	3.2846007376011	97.6667795931041	3.00878286985848
chr22	22440091	22440591	chr22:22440091-22440591	87.2002983454936	76.6118932624241	87.0814479366349	98.4640855424622	5.57664072777686	244.506612763179	2.80396532354083
chr22	22445499	22445999	chr22:22445499-22445999	35.1952978727292	28.7325157740873	35.0816474034857	42.3038668002998	3.46508405275196	103.167223519646	2.93127860126976
chr22	22447774	22448274	chr22:22447774-22448274	21.5436080593951	16.6816407428972	21.4358418146505	27.017885120285	2.64031442993968	66.5772082779162	3.09034624536265
chr22	22454521	22455021	chr22:22454521-22455021	172.511877112411	157.094680615861	172.386709061365	188.640373744752	8.04905527861277	459.354718208752	2.66274256531004
chr22	22457373	22457873	chr22:22457373-22457873	45.1418602893563	37.6201610120055	45.0230171346782	53.338867766441	4.01272535032519	126.555211345308	2.80350013344815
chr22	22464063	22464563	chr22:22464063-22464563	495.238336261064	468.445164751542	495.109070833292	522.766105277057	13.8585894409566	1276.9986959915	2.57855380428049
chr22	22465641	22466141	chr22:22465641-22466141	712.779591926369	680.482205033095	712.649676413841	745.815272873679	16.6677047614332	1828.76926860863	2.56568690984287
chr22	22472772	22473272	chr22:22472772-22473272	37.9805209874633	31.0041063078327	37.8577953716937	45.6542894068168	3.74053727349547	103.098859734938	2.71451936557081
chr22	22473306	22473806	chr22:22473306-22473806	43.404361666641	35.8767028735181	43.2800766541516	51.6382449649736	4.0239045080696	116.351346991049	2.68063721071776
chr22	22474475	22474975	chr22:22474475-22474975	27.0654678975596	21.3254696685952	26.9468948915592	33.4791941530713	3.10406958006768	76.0270577067088	2.80900585182804
chr22	22475494	22475994	chr22:22475494-22475994	49.7025872700341	41.5675096193303	49.5765413220934	58.5539045442428	4.33623498123475	131.380943312963	2.64334213829092
chr22	22476847	22477347	chr22:22476847-22477347	76.2601082177402	65.9585831005339	76.1304935224675	87.2981753921452	5.44630830734566	196.060628067585	2.57094610340424
chr22	22477964	22478464	chr22:22477964-22478464	53.2882824458668	44.8168016904022	53.1611370345122	62.4822545193293	4.50940500889422	139.644861401749	2.62055474472475
chr22	22480891	22481391	chr22:22480891-22481391	31.6315117739326	25.3158324961274	31.509596273941	38.6399250140794	3.40251177157075	86.4252460735733	2.73225151839869
chr22	22483166	22483666	chr22:22483166-22483666	31.6337649972161	25.3081359265723	31.5114518480833	38.6543871780728	3.40818134973609	86.1502172224589	2.72336274958231
chr22	22489723	22490223	chr22:22489723-22490223	31.6398043160759	25.2877140339074	31.516430455183	38.6929138768422	3.42326430102078	85.425339879858	2.69993262368106
chr22	22496585	22497085	chr22:22496585-22497085	219.227628364137	200.962437903131	219.089826902218	238.275914502472	9.52049367848884	530.238957948438	2.41866849495681
chr22	22497862	22498362	chr22:22497862-22498362	86.7753196964468	75.5700798359541	86.6409954554633	98.7438682554889	5.91419744690702	215.278572914932	2.48087329056244
chr22	22503560	22504060	chr22:22503560-22504060	28.000770056972	22.0422748669098	27.8772122873722	34.6613156871954	3.22293850122111	75.4806989710486	2.69566511269051
chr22	22511056	22511556	chr22:22511056-22511556	295.370023585864	273.873100673014	295.22913787392	317.6675739061	11.1736673266623	698.781440045821	2.36578320156678
chr22	22512567	22513067	chr22:22512567-22513067	50.6561731730699	42.2465773652011	50.5238345020796	59.8177639843471	4.48560898262972	127.532810386413	2.51761636139961
chr22	22516182	22516682	chr22:22516182-22516682	34.3909533271908	27.6315022837722	34.2627465877642	41.8788892017987	3.6381684877298	89.3558136588139	2.59823601889412
chr22	22517792	22518292	chr22:22517792-22518292	26.1802774303666	20.4168726908732	26.0560866260319	32.6493205203517	3.12447304363347	70.2093455073334	2.68176476334423
chr22	22522850	22523350	chr22:22522850-22523350	142.479304065865	127.68992371283	142.338756735172	158.067373407973	7.75150359065228	337.856022765118	2.37126384761772
chr22	22523582	22524082	chr22:22523582-22524082	31.662848079989	25.1999686378623	31.5349696241854	38.8523383542655	3.48651132353743	82.4741397339588	2.60476061804695
chr22	22524950	22525450	chr22:22524950-22525450	26.1833520356334	20.4030179985066	26.0583979093155	32.67366075405	3.13425250678215	69.7882849994921	2.66536862448001
chr22	22533376	22533876	chr22:22533376-22533876	36.2193971460788	29.2058547261259	36.0885645199591	43.9763482690865	3.77163276424155	92.2196851678876	2.546140809466
chr22	22535149	22535649	chr22:22535149-22535649	27.1019377822972	21.1800135951272	26.9754066776649	33.7427997162886	3.20878656323688	71.337687516243	2.63219877815675
chr22	22538457	22538957	chr22:22538457-22538957	25.2732677316836	19.5871126747518	25.1476738865647	31.6730268707546	3.08722760248139	67.0170796578309	2.65169824374612
chr22	22549656	22550156	chr22:22549656-22550156	265.199280933611	244.525087868638	265.053751198859	286.700490273423	10.760782845364	607.375052599662	2.29025904769217
chr22	22555387	22555887	chr22:22555387-22555887	87.7634968753257	76.2046338731627	87.6219675318179	100.126610191216	6.10524678339933	206.643329725702	2.35454758621633
chr22	22556078	22556863	chr22:22556078-22556863	56.9621542727461	47.8360831682901	56.8240195301102	66.8731613219076	4.85958538296125	137.39609107199	2.4120592492712
chr22	22560630	22561130	chr22:22560630-22561130	86.0315727837134	74.5800849693192	85.8897533755323	98.2889581244931	6.05091668294112	202.149829313308	2.34971676992957
chr22	22562071	22562571	chr22:22562071-22562571	108.372508474602	95.4030518924567	108.229169887258	122.156505516262	6.82736154818009	251.960492329631	2.324948419817
chr22	22573132	22573632	chr22:22573132-22573632	27.1102323665863	21.1295617723208	26.9810525706395	33.8248876066272	3.24272179303047	69.8951593654321	2.57818370644358
chr22	22579376	22579876	chr22:22579376-22579876	16.1147775255115	11.770847658468	15.9965528864897	21.1303795193898	2.39228460222994	45.3756582666607	2.8157793798162
chr22	22580828	22581328	chr22:22580828-22581328	15.1984236229516	11.0136873578133	15.0816544237204	20.0465542954597	2.30899912584674	43.3260956051733	2.85069666960363
chr22	22589982	22590482	chr22:22589982-22590482	46.1911658442416	38.024321080597	46.0534339998224	55.1406404817527	4.3699135763057	111.730605289662	2.4188738960697
chr22	22592278	22592778	chr22:22592278-22592778	34.4111010063513	27.5105320025414	34.277245779182	42.0722454517679	3.71859210092102	85.632781705224	2.48852199438253
chr22	22609211	22609711	chr22:22609211-22609711	28.9370515861683	22.6968561479726	28.8056927757068	35.9236190422019	3.37826488635346	73.3704459393242	2.53551906353841
chr22	22610394	22610894	chr22:22610394-22610894	20.6986693261692	15.6027398214159	20.5738697278013	26.5036612013156	2.78530726906884	55.2253691794637	2.6680637440612
chr22	22617063	22617563	chr22:22617063-22617563	99.7965158005398	87.3025636034742	99.6516234626136	113.113833800046	6.58714443287833	229.528377025155	2.29996383324551
chr22	22624728	22625228	chr22:22624728-22625228	28.0197147134717	21.8981953034047	27.8889418006535	34.884273466351	3.31690247060519	71.3611786698572	2.54682031560967
chr22	22651973	22652789	chr22:22651973-22652789	179.993856323768	162.97235631123	179.847217415823	197.848667401026	8.89908924556829	409.095063634628	2.27282792863084
chr22	22676284	22676784	chr22:22676284-22676784	98.6897758910322	86.3858651561507	98.5477230235516	111.8009172256	6.48600660017126	231.520553988557	2.34594264601623
chr22	22689014	22689514	chr22:22689014-22689514	17.0099533519492	12.5526535920523	16.892596171317	22.1340081966301	2.44870169117133	48.2541292181202	2.8368172575024
chr22	22697155	22697655	chr22:22697155-22697655	154.617243046231	139.132536349965	154.475544731084	170.907181579179	8.10788081029709	363.664692992301	2.35203193270989
chr22	22702306	22702806	chr22:22702306-22702806	28.8756030931217	22.7343910455269	28.7483370305024	35.7399361036771	3.32164817859516	75.5709471051501	2.61712099523738
chr22	22703084	22703584	chr22:22703084-22703584	22.4885502700268	17.2033689437815	22.365852359633	28.4708683949548	2.87853912420331	61.0349573764348	2.71404588751029
chr22	22711532	22712032	chr22:22711532-22712032	277.441891030471	256.487570077909	277.299171108801	299.207261711763	10.8995562493327	647.927536986901	2.3353630361312
chr22	22723509	22724009	chr22:22723509-22724009	40.6199557698155	33.2099831747148	40.4905946159288	48.7649879912345	3.97151096905499	104.608592705147	2.57530050741417
chr22	22728807	22729307	chr22:22728807-22729307	28.8435499502255	22.7865093334684	28.719811726504	35.60366965001	3.27343334958897	77.6408740443826	2.6917932840571
chr22	22734237	22735187	chr22:22734237-22735187	63.6940290535962	54.2450787828412	63.5624895365651	73.8904488645991	5.01438941850484	161.347160444923	2.53315990277763
chr22	22749799	22750299	chr22:22749799-22750299	28.8076162344754	22.8538883195888	28.688153464285	35.4401338822377	3.21433823391099	80.3214421319079	2.78820161578602
chr22	22750411	22750911	chr22:22750411-22750911	28.8060210928116	22.8559583349697	28.6867070615181	35.4340285745609	3.21224621778739	80.4171904206995	2.79167991169622
chr22	22763588	22764088	chr22:22763588-22764088	85.8284813212494	75.0394573825545	85.7028156645117	97.3316131102566	5.68907001682206	227.604213970522	2.65184948477204
chr22	22776945	22777445	chr22:22776945-22777445	169.979458754	154.780904482189	169.856000459066	185.879597005999	7.93500220963136	458.879630565412	2.69961814168098
chr22	22785705	22786205	chr22:22785705-22786205	154.00164530719	139.775842063467	153.882073574817	168.906944831055	7.4330588877142	429.25520949514	2.7873417107908
chr22	22802873	22803373	chr22:22802873-22803373	19.5666892460975	15.1624163812908	19.4693582890247	24.523980892831	2.39132240582912	66.9512098332701	3.42169331720865
chr22	22804826	22805326	chr22:22804826-22805326	35.6977409334817	29.4784555079724	35.5945428189532	42.5034282059678	3.32528532341389	115.245409612823	3.22836702265188
chr22	22814970	22815470	chr22:22814970-22815470	107.03095977721	96.0301158631634	106.927498579074	118.61974357972	5.76423203378651	344.775129722954	3.22126542115123
chr22	22817395	22817895	chr22:22817395-22817895	87.7595998220965	77.9255471576589	87.6582564182834	98.1695534456246	5.16595165185971	288.594861324603	3.28847057085075
chr22	22818361	22818861	chr22:22818361-22818861	310.428668908451	291.512583173822	310.325514158195	329.930967203058	9.80164543968207	1003.05712778525	3.23120004125993
chr22	22827428	22827928	chr22:22827428-22827928	21.195637650869	16.8552606787466	21.1094438638321	26.025770869361	2.34196127934427	81.9093636721884	3.86444442112974
chr22	22829054	22829554	chr22:22829054-22829554	39.6137906527768	33.4594524680694	39.5237096423663	46.2800075237263	3.27256672273341	146.526367890612	3.69887267731952
chr22	22832812	22833312	chr22:22832812-22833312	69.40064494397	61.179713249556	69.3107725655807	78.1322888396443	4.32618988592936	257.345072762938	3.70810779886417
chr22	22834377	22835205	chr22:22834377-22835205	65.1894529837593	57.2971649558621	65.1011449764884	73.5835623186987	4.15625063543195	246.009124565325	3.77375654044241
chr22	22835261	22835761	chr22:22835261-22835761	34.2201727674889	28.6820476430096	34.1354169351718	40.2399129195109	2.95041059895231	134.523908398701	3.93112884942843
chr22	22839281	22839781	chr22:22839281-22839781	43.3830871439022	37.1856081829819	43.3002642070037	50.0512078733612	3.28374979147487	174.542338372211	4.02328072673233
chr22	22840168	22841130	chr22:22840168-22841130	58.86849854407	51.5997595473679	58.7854401709858	66.6092261333025	3.83043757159016	236.194152283552	4.01223333574124
chr22	22851804	22852304	chr22:22851804-22852304	37.1444777784127	31.874138336734	37.074560011292	42.81212570008	2.79173622882913	177.02709748005	4.7659062145419
chr22	22856509	22857009	chr22:22856509-22857009	27.3911062859947	23.1466711901966	27.3291553728752	31.9875730332346	2.25671570142199	147.321266942791	5.37843435035397
chr22	22861991	22862491	chr22:22861991-22862491	108.725383883224	100.347348568948	108.667118086598	117.434532187476	4.35967032466018	621.94875178467	5.7203638154331
chr22	22862899	22863399	chr22:22862899-22863399	362.828361869019	347.424839938049	362.770394422527	378.561306028119	7.94345601696075	2086.33222265991	5.75019056369433
chr22	22873970	22874902	chr22:22873970-22874902	764.621364489275	743.752656147585	764.571263967123	785.774789264667	10.720313785336	5087.18887642312	6.65321309694384
chr22	22881253	22881753	chr22:22881253-22881753	43.6198681709577	39.1570028334113	43.5780978461993	48.3201021932944	2.33815739652809	348.033630165939	7.97878684093917
chr22	22882663	22883163	chr22:22882663-22883163	25.2965287369596	22.0231434654888	25.2572002678803	28.793401255557	1.72784490915514	214.344500285881	8.47327720394745
chr22	22889002	22889941	chr22:22889002-22889941	123.960565651895	117.446228116662	123.930061609131	130.648253531756	3.36814364730066	1354.52145337237	10.9270351119252
chr22	22890061	22890561	chr22:22890061-22890561	141.751458227156	134.952204020784	141.722466853224	148.715466745787	3.5112899327715	1629.75261995542	11.4972547043837
chr22	22890771	22891556	chr22:22890771-22891556	93.2357205600931	87.8973832632409	93.2084189741344	98.7292087979693	2.76348454328924	1138.28387449876	12.2086671037749
chr22	22895077	22895577	chr22:22895077-22895577	121.134923053321	116.08909384222	121.116299463093	126.286587976736	2.60155463702663	2168.06766865604	17.8979572034871
chr22	22896105	22896605	chr22:22896105-22896605	229.220654381452	222.717118246947	229.204414614575	235.81647952567	3.34179751660083	4704.86571206622	20.5254876562596
chr22	22899351	22899851	chr22:22899351-22899851	218.457106837244	212.304325221908	218.441856984159	224.696551882282	3.16139848765429	4775.00546588654	21.8578627860527
chr22	22899897	22900397	chr22:22899897-22900397	1460.8056917731	1444.81243022609	1460.79041540874	1476.88576760619	8.18214669145241	31875.0138362469	21.8201599403392
chr22	22901402	22901902	chr22:22901402-22901902	2583.76931305259	2562.47857787823	2583.75402749934	2605.14691474765	10.8849967773056	56344.4134482856	21.8070603918264
chr22	22908309	22908809	chr22:22908309-22908809	34.3059982949799	31.59849854986	34.2866939348715	37.1232007860802	1.40959744194537	592.311162810911	17.2655276700572
chr22	22909415	22909915	chr22:22909415-22909915	30.8016171983767	28.0893070242804	30.779935034302	33.6371420330626	1.41555223799037	473.473020333995	15.3716935472774
chr22	22918754	22919254	chr22:22918754-22919254	138.538142584176	130.668508761283	138.498222066922	146.634638938965	4.07337614701873	1156.72384801436	8.34949730404771
chr22	22921438	22921938	chr22:22921438-22921938	93.0595919881564	86.3057709133365	93.015458117771	100.064217700259	3.51031044976565	702.799160944035	7.55214100910178
chr22	22929226	22929726	chr22:22929226-22929726	216.196276211008	204.525435745244	216.140096729391	228.186376896943	6.03647811900379	1282.71199865308	5.93309015832054
chr22	22936454	22936954	chr22:22936454-22936954	246.773510601864	233.283305799077	246.707727573991	260.637551153996	6.97874165030472	1250.38235469532	5.06692291099529
chr22	22939500	22940000	chr22:22939500-22940000	39.3141580048757	34.0100995603701	39.247511841402	44.9969367056744	2.80406636015171	196.571876251398	5.00002762941074
chr22	22943489	22943989	chr22:22943489-22943989	34.8959922757831	29.7767195255841	34.8255839514178	40.4153590386589	2.71542937576055	165.148289668627	4.73258614810147
chr22	22948890	22949390	chr22:22948890-22949390	34.0481604136246	28.8201136631033	33.9726069169446	39.7055352272066	2.77856563535268	150.157138855022	4.41013955029817
chr22	22955324	22955824	chr22:22955324-22955824	39.4863574042781	33.6098403620362	39.4042660286959	45.8293560928961	3.11898592189295	160.275564549515	4.05901113917766
chr22	22957622	22958122	chr22:22957622-22958122	34.1159013040863	28.6333138837361	34.0326371050323	40.0716283747371	2.91986477019486	136.517467263997	4.00157879597469
chr22	22958551	22959051	chr22:22958551-22959051	91.6726630233574	82.2848659842164	91.5847133934682	101.560252359429	4.91852228882443	347.384476545011	3.78940095213008
chr22	22962370	22962870	chr22:22962370-22962870	35.9507849001468	30.183240448773	35.8633572312755	42.2151276270382	3.0713793246983	137.009234656391	3.81102206911293
chr22	22964823	22965323	chr22:22964823-22965323	17.8101244010657	13.916693280268	17.7268911181979	22.1764790635798	2.10971688829318	71.2665191297673	4.0014610524283
chr22	22973790	22974290	chr22:22973790-22974290	35.1195872421766	29.1702511070445	35.0238664931126	41.6128400842653	3.17646432595083	122.239296427005	3.48065868724684
chr22	22975788	22976288	chr22:22975788-22976288	17.8410022136966	13.796822160836	17.7509104230125	22.3970677906097	2.19689421650419	65.9508205169916	3.69658720553047
chr22	22978684	22979184	chr22:22978684-22979184	162.674722849718	148.896071181998	162.56896470394	177.054374520449	7.18460172935048	512.666280966866	3.15148089381088
chr22	22994016	22994516	chr22:22994016-22994516	70.0288343262412	60.7863445215507	69.9154121152267	79.9158535416796	4.88214634550025	205.746382261134	2.93802380463209
chr22	22996499	22996999	chr22:22996499-22996999	50.5511588442223	42.7653084165117	50.4382659470277	58.978515816547	4.13852868017887	149.200505079215	2.95147546545844
chr22	22997605	22998537	chr22:22997605-22998537	50.5641895910703	42.7518931962246	50.4505264870756	59.0223688194127	4.15316277483757	148.227299567663	2.93146791763949
chr22	23002379	23002879	chr22:23002379-23002879	35.248877799046	28.798615662126	35.1358813787192	42.3412108921534	3.45772070990895	103.92278290018	2.94825791313539
chr22	23008948	23009448	chr22:23008948-23009448	98.9904639666812	87.4248403940682	98.8658674277919	111.264125556051	6.08357644343965	264.770003051526	2.67470211212106
chr22	23023865	23024365	chr22:23023865-23024365	158.741508990487	143.432603219646	158.606877668815	174.81548884056	8.00777224740676	392.968359082097	2.47552364583888
chr22	23027337	23027837	chr22:23027337-23027837	95.8235742252702	84.0314277362115	95.689309314932	108.378696525349	6.21344226749189	237.837426637697	2.48203459911199
chr22	23030031	23030531	chr22:23030031-23030531	272.94692370141	252.412566200521	272.807631776666	294.272850409961	10.6802744624085	653.11789155841	2.39283844163376
chr22	23035223	23035723	chr22:23035223-23035723	134.275544163081	119.967822195007	134.135756903271	149.377634212354	7.50469642815187	320.13089108279	2.38413400651711
chr22	23044533	23045388	chr22:23044533-23045388	65.2093069206482	55.3649123537377	65.0696377916385	75.8473649942133	5.22815624115769	155.568639268646	2.38568153251428
chr22	23046061	23046561	chr22:23046061-23046561	39.0480508816459	31.6514467207536	38.9134139939363	47.2096848858671	3.9726112864363	96.6154490793998	2.47427072281379
chr22	23052109	23052609	chr22:23052109-23052609	86.4988764141613	74.8908265395381	86.3538516972295	98.9310372959895	6.13552521688249	198.754715690757	2.29777222468312
chr22	23053175	23053675	chr22:23053175-23053675	161.249562361331	145.045709899452	161.100751526407	178.299064911434	8.48521492559799	361.1365083782	2.23961233190177
chr22	23062675	23063175	chr22:23062675-23063175	350.062105657394	325.485273214224	349.906938349011	375.520726304439	12.7658698636835	751.95071357709	2.14804945015393
chr22	23064337	23064837	chr22:23064337-23064837	69.7717614118934	59.2792987488773	69.6235220936426	81.1065878476476	5.57140118641751	156.830493618047	2.24776457472828
chr22	23069923	23070423	chr22:23069923-23070423	25.3642250956499	19.4374618883805	25.2275375406984	32.067612533669	3.22660263758	61.7948423229579	2.43629923996992
chr22	23070696	23071196	chr22:23070696-23071196	28.1230749978746	21.8105314546494	27.9840162343446	35.225728882459	3.42675760736546	67.3532937801284	2.39494769989479
chr22	23078371	23078871	chr22:23078371-23078871	50.0603862559381	41.1588208946655	49.9093158900507	59.8203734241015	4.76446722338524	110.397618580553	2.20528898870527
chr22	23079184	23079684	chr22:23079184-23079684	32.7262320934602	25.7568378885011	32.5815869896868	40.5174939240341	3.76992016956318	75.3577120771542	2.30266997624249
chr22	23088068	23088568	chr22:23088068-23088568	113.015508943359	98.9385721675605	112.853146162951	128.015089665893	7.42041950888098	231.963243709984	2.05249036949645
chr22	23090687	23091187	chr22:23090687-23091187	125.091949748933	110.186993267729	124.927986746128	140.928648077472	7.84510806077458	254.249942459359	2.03250443349595
chr22	23095997	23096497	chr22:23095997-23096497	199.960048268422	180.751521548378	199.791817657197	220.124585162216	10.0465574210922	396.142943499921	1.98111046146652
chr22	23101921	23102421	chr22:23101921-23102421	30.9219536243804	24.0404609595322	30.7718328362215	38.6564122841934	3.73338834622277	68.6005367878091	2.21850590752199
chr22	23102674	23103174	chr22:23102674-23103174	26.323204451123	20.0753246193714	26.1765026565538	33.4046009921554	3.40537155077655	59.7514579756188	2.26991581084155
chr22	23104852	23105352	chr22:23104852-23105352	30.9388912062662	23.8985773698098	30.7813635467765	38.8742477332357	3.82550993416117	65.4079928727998	2.1141026818554
chr22	23112018	23112518	chr22:23112018-23112518	43.7780427903036	35.0823825793742	43.6111568385208	53.4219643244901	4.68324217798655	87.3814908239129	1.99601181904064
chr22	23112638	23113138	chr22:23112638-23113138	231.583573993567	209.979109809204	231.40009227481	254.230718314412	11.2912369644084	420.661203872048	1.81645527192586
chr22	23125991	23126491	chr22:23125991-23126491	38.3210901658814	30.1716852295942	38.1522231135045	47.4299913461437	4.40781293268794	75.5839181582415	1.97238434060878
chr22	23130578	23131078	chr22:23130578-23131078	185.447903932628	165.870593583669	185.258506174797	206.1015044003	10.2659345139873	326.322394264413	1.75964455431626
chr22	23138667	23139167	chr22:23138667-23139167	27.2991123990897	20.5968278886667	27.1354986644397	34.9309872682981	3.66250339425337	55.5572808228063	2.0351313995344
chr22	23140750	23141377	chr22:23140750-23141377	35.5871501579576	27.7032386785111	35.4160439868852	44.4432654829892	4.27589370966827	69.2679954425194	1.9464327751749
chr22	23143909	23144409	chr22:23143909-23144409	32.8305959729894	25.3034279397447	32.6607242018074	41.3229405637574	4.09224640851928	64.3626594332006	1.96044748886537
chr22	23144780	23145280	chr22:23144780-23145280	80.014772858227	67.4330974424991	79.8281819787291	93.6567348153735	6.69393099033898	142.8821221368	1.78569677864316
chr22	23151043	23151543	chr22:23151043-23151543	34.6776545353454	26.8622714767556	34.504694463198	43.4757682921535	4.24377422514235	66.7720776919015	1.9255073212591
chr22	23152405	23152905	chr22:23152405-23152905	133.515578656987	116.790299100376	133.321492861957	151.343770885397	8.81819507716295	229.247432517054	1.71700886760197
chr22	23165882	23166382	chr22:23165882-23166382	31.93055458999	24.4274757927768	31.7563972166674	40.4231491951773	4.08645685917114	61.0546978835992	1.91210890846034
chr22	23166702	23167202	chr22:23166702-23167202	30.0883588075845	22.8492418304468	29.9157119034529	38.3083987927695	3.94968557265626	58.0325897489273	1.92873895582164
chr22	23167317	23167817	chr22:23167317-23167817	24.5537204600498	18.1709805235704	24.3872311908136	31.8823597044163	3.50410082935671	49.0999924809295	1.99969664722777
chr22	23172497	23172997	chr22:23172497-23172997	30.0929489458057	22.8297468256006	29.9190949513386	38.3439308720091	3.96378532872653	57.6380454226047	1.91533390517509
chr22	23175267	23176262	chr22:23175267-23176262	62.105443634718	50.9607505041861	61.9143875520754	74.3357655682991	5.96794968365198	108.295155941579	1.74373049452045
chr22	23178624	23179124	chr22:23178624-23179124	60.2920003491136	49.3127497950269	60.100700684005	72.3582597888018	5.88397197341881	104.997315418924	1.74148004396852
chr22	23180831	23181331	chr22:23180831-23181331	31.9426547834591	24.3756788146249	31.7653753515015	40.5168815564832	4.12373912645122	60.0011603277507	1.87840242880567
chr22	23183527	23184027	chr22:23183527-23184027	30.1011639411671	22.7939234043909	29.9250896471835	38.4087964955277	3.98958634146107	56.926022662948	1.89115685938957
chr22	23184137	23184637	chr22:23184137-23184637	22.7173390659895	16.5893695115315	22.5504243097946	29.7936045281176	3.37499567777984	45.3073309040581	1.99439427181366
chr22	23188438	23188938	chr22:23188438-23188938	39.3086597748291	30.7005055427954	39.1242722069177	48.9644858084642	4.66501245125587	71.0020452853159	1.80626980650155
chr22	23190472	23190972	chr22:23190472-23190972	147.491621873623	129.398144050481	147.286300908908	166.751860120866	9.53267513945844	239.389510339097	1.62307192298839
chr22	23196596	23197096	chr22:23196596-23197096	31.0321641469211	23.5386718441022	30.8526985869808	39.5453190448056	4.08961326155958	57.5784072009302	1.85544285368969
chr22	23197800	23198300	chr22:23197800-23198300	85.522450145764	72.0170167679778	85.321222333985	100.171342252266	7.18680432906737	141.608273422945	1.65580234408145
chr22	23207466	23207966	chr22:23207466-23207966	31.9611219298362	24.292599537322	31.7788129759465	40.6654652767886	4.18309332806543	58.3779612039942	1.82653041192203
chr22	23208154	23208654	chr22:23208154-23208654	31.9615636828637	24.2907492798818	31.7791404743695	40.6688480587196	4.1844341513014	58.3421676860621	1.82538527416737
chr22	23208707	23209464	chr22:23208707-23209464	50.3226982270912	40.2659421462184	50.1283692281371	61.4836474515927	5.41827764626521	86.259180396238	1.71412073349041
chr22	23219646	23220146	chr22:23219646-23220146	162.123850844304	142.784937444358	161.910859111037	182.673118316956	10.1792613230417	253.665435385773	1.56463983593247
chr22	23226046	23226546	chr22:23226046-23226546	388.837073928258	358.118738984648	388.617826584937	420.801346806721	15.9931280344362	591.110269562067	1.52020038519045
chr22	23232183	23232980	chr22:23232183-23232980	41.1820727595623	32.1501304711742	40.9882785166371	51.3151340047566	4.89517243789672	70.7750872302867	1.71858972819315
chr22	23238707	23239207	chr22:23238707-23239207	28.2869852543552	21.0857736578775	28.103656823366	36.5297789466489	3.9465833903919	51.3725070679231	1.81611814076276
chr22	23239638	23240138	chr22:23239638-23240138	18.1223313847571	12.7181127692346	17.9565336233191	24.4684340996382	3.00479334047882	36.3746580384475	2.00717320890858
chr22	23244408	23244908	chr22:23244408-23244908	34.7466150921297	26.5548732073904	34.555753626698	44.0227793718868	4.46261734972777	60.6241562997587	1.74474998899937
chr22	23245197	23245697	chr22:23245197-23245697	31.058999246748	23.4094093694308	30.8715758170502	39.7734553339698	4.18120223936232	55.178840189297	1.77658139436268
chr22	23245756	23246256	chr22:23245756-23246256	25.5184305331771	18.7529967506412	25.337853339684	33.3097916391583	3.7204449316077	47.0455076623794	1.8435893853744
chr22	23251592	23252572	chr22:23251592-23252572	52.1862816108341	41.7252815989196	51.9834508353398	63.7997814460404	5.63711075021488	85.7037001323915	1.64226493030304
chr22	23254538	23255038	chr22:23254538-23255038	36.5932606524268	28.1094088423598	36.3993461357947	46.1788896705043	4.6160701022846	62.8430749225391	1.71734012772025
chr22	23265571	23266071	chr22:23265571-23266071	49.4472606858617	39.260521525389	49.243595015973	60.7912333028458	5.49858014910941	80.8692387164235	1.63546448467966
chr22	23267997	23268497	chr22:23267997-23268497	50.3628942944105	40.0582281067776	50.1584472732515	61.8292362405869	5.55986110807199	82.0528132896749	1.62923148955682
chr22	23270925	23271425	chr22:23270925-23271425	79.3632431610431	65.9849154431185	79.1491543169832	93.9580952446433	7.14121108129149	123.507995489716	1.55623674852972
chr22	23278439	23279884	chr22:23278439-23279884	90.1198608755303	75.7205324625019	89.902551801162	105.754025575772	7.66660711720346	138.176634073989	1.53325396568058
chr22	23284863	23285363	chr22:23284863-23285363	315.634604300056	287.388812828496	315.404961720569	345.18539959822	14.7471213985666	458.094112779695	1.45134312441931
chr22	23290570	23291070	chr22:23290570-23291070	35.6847467654955	27.2377686262133	35.4870243857329	45.2551270599724	4.60304658716125	60.1000035357013	1.68419307920698
chr22	23298066	23298566	chr22:23298066-23298566	217.272125116317	193.960081329678	217.04269273834	241.887961928874	12.230122579235	315.606838321611	1.4525878004491
chr22	23301356	23301856	chr22:23301356-23301856	401.693590318641	369.506013155027	401.460433546661	435.2061490289	16.763107112637	574.223237829659	1.42950560245226
chr22	23309253	23309753	chr22:23309253-23309753	16.297310985405	11.1687765804443	16.1294228674995	22.3795618263429	2.86768797366475	32.2974411560472	1.98176503994868
chr22	23316244	23316744	chr22:23316244-23316744	25.5470039447118	18.6318677280304	25.3578817936019	33.5366010495952	3.80969752413926	44.9675223064654	1.76018770748159
chr22	23317002	23317773	chr22:23317002-23317773	53.1540811125063	42.3427155200204	52.9410060557136	65.1761496506184	5.83110467989033	83.0943612468397	1.56327340267555
chr22	23318315	23318815	chr22:23318315-23318815	32.9394960805254	24.8233702162946	32.7405462118306	42.1859766110453	4.43635224387169	55.1292213661546	1.67365102463569
chr22	23324293	23324793	chr22:23324293-23324793	19.9972823691998	14.0944754060629	19.8183876294585	26.9163843531997	3.27864572586642	37.2008595875717	1.86029575923123
chr22	23327013	23327896	chr22:23327013-23327896	44.910475594784	35.1008755358793	44.7009651056905	55.9104945666081	5.3151873692959	71.3934141144638	1.58968287841413
chr22	23330329	23330829	chr22:23330329-23330829	29.2458655447163	21.6930455846196	29.0503536105492	37.9094795288007	4.14419266752792	49.8022635378875	1.70288218899662
chr22	23337264	23338340	chr22:23337264-23338340	55.8915189274341	44.715775027347	55.6754357809705	68.2950645930097	6.02135270348639	86.1596033066722	1.54155057797832
chr22	23339200	23339700	chr22:23339200-23339700	35.7064425536242	27.1466163566899	35.503143938843	45.4213466863668	4.66898670714543	58.4854575533583	1.63795251978755
chr22	23349900	23350400	chr22:23349900-23350400	28.321112486602	20.8989630469369	28.1256665366481	36.8536718001597	4.07753828004278	48.2419133307577	1.70339047781332
chr22	23351768	23352268	chr22:23351768-23352268	33.8605170932317	25.5612672667688	33.6583108995469	43.3086257563995	4.53457996459385	55.7587517047149	1.64671884812593
chr22	23352730	23353230	chr22:23352730-23353230	34.7825744960887	26.3438920054842	34.579375777448	44.3757607467518	4.6071176025814	56.9986869656728	1.63871386150793
chr22	23358459	23358959	chr22:23358459-23358959	91.0509857273572	76.2600545814504	90.8236936164392	107.133476540846	7.88119059420113	133.470609292171	1.46588868012736
chr22	23360480	23360980	chr22:23360480-23360980	29.2435064139168	21.6617667628783	29.0463517214932	37.9453709074666	4.16142022664352	49.3828036276388	1.68867586973558
chr22	23369991	23370491	chr22:23369991-23370491	25.5451706383553	18.582735153662	25.3532066396316	33.5982077005665	3.83811523957582	44.2977426241035	1.73409460642208
chr22	23371954	23372454	chr22:23371954-23372454	44.8908361443881	35.0272270670002	44.6787518321678	55.9594856078013	5.34659524566055	70.4953991215571	1.57037393767436
chr22	23377284	23377784	chr22:23377284-23377784	197.462970106448	174.906060563369	197.225715047954	221.368119077957	11.8565315027742	277.367780354908	1.40465718815728
chr22	23380149	23380649	chr22:23380149-23380649	36.6149610441062	27.8896702930012	36.4091514243006	46.50959973475	4.75709045505028	59.2426304879148	1.61798971782467
chr22	23382238	23382738	chr22:23382238-23382738	31.0833223067735	23.1965032223661	30.8833135358723	40.1064950207619	4.32115110907584	51.7435183919155	1.66467142351253
chr22	23383627	23384127	chr22:23383627-23384127	27.3896001166276	20.1063673483624	27.1945216684115	35.7811453487238	4.00622884761025	46.7412019042504	1.70653100831051
chr22	23384434	23384934	chr22:23384434-23384934	32.9270929458412	24.7524065549731	32.7249480016727	42.2502827639394	4.47103173227059	54.2364524169077	1.64716795698048
chr22	23387458	23387958	chr22:23387458-23387958	27.3881558258794	20.1048917641281	27.1930635137347	35.7798110797533	4.00626589145634	46.7354082925662	1.70640946362681
chr22	23388897	23389397	chr22:23388897-23389397	27.3874585611642	20.1046164083009	27.1923849667001	35.7785855856357	4.00602252371659	46.738706963762	1.70657335215609
chr22	23395324	23395824	chr22:23395324-23395824	26.4609836373732	19.3365221260645	26.2673522376214	34.6855280901037	3.92316734925844	45.4923425133358	1.71922340971039
chr22	23396633	23397133	chr22:23396633-23397133	25.5364414535757	18.5728752681461	25.3443323691048	33.5914331410126	3.83891218060451	44.2490957803541	1.73278237928324
chr22	23397784	23398284	chr22:23397784-23398284	25.5358939216359	18.5727231729072	25.3438037347679	33.5903828342438	3.83868200554252	44.2525047536648	1.73295303032923
chr22	23411964	23412464	chr22:23411964-23412464	461.173544125886	426.05052717988	460.93223495767	497.667873972436	18.2725830865932	636.98452285953	1.38122520463935
chr22	23419140	23419640	chr22:23419140-23419640	35.6583358278909	27.0935084702312	35.4544660543743	45.3814852060281	4.67240006005263	58.242780501714	1.6333566654044
chr22	23422690	23423190	chr22:23422690-23423190	45.7380882867804	35.7930531102365	45.5267766348491	56.8837784905728	5.38692380247935	72.0898881743318	1.5761456342977
chr22	23428933	23429433	chr22:23428933-23429433	646.348125465804	604.72075015272	646.107763657143	689.34143787005	21.589419693648	896.295155821262	1.38670651388573
chr22	23429748	23430248	chr22:23429748-23430248	103.928647942097	88.0731994190195	103.701113499959	121.077048297148	8.42435400362617	152.193932308056	1.46440789254614
chr22	23442312	23442812	chr22:23442312-23442812	62.0096787441371	50.2037335903292	61.7935619966219	75.043634502483	6.34263563084968	95.5827314007743	1.54141632945988
chr22	23448012	23448512	chr22:23448012-23448512	50.2074275974241	39.7919902185333	49.9975569246022	61.8153526155136	5.62448521354856	79.6838634440239	1.58709313058118
chr22	23449062	23449562	chr22:23449062-23449562	90.4803072227525	75.917950783041	90.2587871476308	106.301426750296	7.75602203571682	136.091206578696	1.50409752968295
chr22	23451041	23451541	chr22:23451041-23451541	46.5540921989722	36.6084124404971	46.3469356281053	57.6768258560738	5.38098449041181	74.8500757426981	1.60780872759346
chr22	23452963	23453463	chr22:23452963-23453463	55.6167933609031	44.5926393167983	55.4057127486882	67.8403276257121	5.93656250587122	87.7691316200119	1.57810485495755
chr22	23461902	23462402	chr22:23461902-23462402	92.8739421353702	78.2363876883228	92.656312870834	108.748155529219	7.78855629979877	142.191564591204	1.53101678815302
chr22	23466495	23466995	chr22:23466495-23466995	52.7936758949581	42.2139393318093	52.5886084252003	64.5386214524702	5.70099566459822	85.755578770022	1.62435324527595
chr22	23470561	23471061	chr22:23470561-23471061	232.790721597812	209.006822982831	232.568446299285	257.837746634089	12.4602274449279	349.043370190199	1.49938695062441
chr22	23473012	23474006	chr22:23473012-23474006	74.145298589563	61.4010079368716	73.9369503259312	88.0734886266232	6.80935964408035	118.564504823592	1.59908324707025
chr22	23483482	23483982	chr22:23483482-23483982	151.434235686677	132.926257624391	151.225045646139	171.130961133342	9.74981986824923	241.243130712496	1.59305542513937
chr22	23484046	23484546	chr22:23484046-23484546	851.485579540974	806.108160490343	851.270019192715	898.087998533778	23.4662390531479	1316.64172350339	1.54628775300361
chr22	23487205	23487705	chr22:23487205-23487705	896.879252558793	850.668980098362	896.667214935639	944.294506562444	23.8859879798776	1409.87800858717	1.57198196364203
chr22	23489798	23490298	chr22:23489798-23490298	107.81695896365	92.6626156074587	107.617952648543	124.102159467155	8.02433459334822	180.532791570697	1.67443780000846
chr22	23495060	23495560	chr22:23495060-23495560	54.0211004839155	43.8950998584863	53.8389188710443	65.1822912136259	5.43532353671704	98.7815993028635	1.82857436109202
chr22	23499113	23499613	chr22:23499113-23499613	60.844763741971	50.2037630800305	60.6674503079675	72.493310259237	5.69057300509971	114.323212453041	1.87893263811262
chr22	23500400	23500900	chr22:23500400-23500900	51.1273555168994	41.5536038995129	50.9553058402192	61.6787259491862	5.13859898587026	98.9958995928237	1.93626090361943
chr22	23506269	23506769	chr22:23506269-23506769	60.1944052609239	50.1264780831416	60.0346687033744	71.1700104687096	5.37209476632317	125.552372925926	2.08578143403355
chr22	23507408	23507908	chr22:23507408-23507908	44.5151913940443	36.1215825318044	44.363183669101	53.7725352692856	4.50692173771836	97.5565552039106	2.19153399432452
chr22	23508392	23508892	chr22:23508392-23508892	83.1426907230065	71.3764068018023	82.9870335114902	95.7934988013378	6.23203302089874	177.987154116891	2.14074325198186
chr22	23511271	23511771	chr22:23511271-23511771	53.4478249033307	44.5905608137551	53.3087130406762	63.0955719538868	4.72398556624847	128.00972010468	2.3950407773601
chr22	23516069	23516569	chr22:23516069-23516569	163.857495397058	149.568435653919	163.74442713673	178.78909592271	7.4557408104703	483.004326268132	2.94770968577129
chr22	23519293	23519793	chr22:23519293-23519793	365.869616937176	345.463913166262	365.768038613911	386.852575873765	10.5592978885934	1200.55651122103	3.28137799818228
chr22	23520664	23521164	chr22:23520664-23521164	197.937483677578	183.048177420281	197.836497822943	213.400673119393	7.74416560371786	653.291228055749	3.3004927410308
chr22	23521508	23522008	chr22:23521508-23522008	177.912797320839	163.822404325057	177.811966998398	192.576188411098	7.3363779135176	588.099739200733	3.30555051720189
chr22	23522321	23522821	chr22:23522321-23522821	267.212878570339	249.834286454205	267.11151329763	285.167512892513	9.01464374759455	878.653481721007	3.28821532263729
chr22	23524624	23525124	chr22:23524624-23525124	237.249216190511	220.898753990724	237.147952259053	254.175143653375	8.48998454021616	780.900631031424	3.29147823360716
chr22	23525396	23525896	chr22:23525396-23525896	255.564094495521	238.576191206628	255.46274464259	273.127951985681	8.81530666609148	840.47504840865	3.28870552049862
chr22	23529326	23529826	chr22:23529326-23529826	349.948812213677	328.157000562661	349.827285183616	372.431242869012	11.2956894494333	959.80621946157	2.7427046069684
chr22	23534363	23534863	chr22:23534363-23534863	84.9321522059232	73.297591667107	84.7835455038266	97.4111762297649	6.15436992562583	190.44828422181	2.24235792070894
chr22	23539133	23539633	chr22:23539133-23539633	53.3982540415458	43.8937676315034	53.2367752387559	63.8203055316066	5.08743810557656	110.168094337635	2.06314038380207
chr22	23539995	23540495	chr22:23539995-23540495	145.693374508099	129.113603303344	145.519692053629	163.260124108306	8.71374000234456	279.557024864029	1.91880396626058
chr22	23544399	23544899	chr22:23544399-23544899	59.9113945133317	49.3832013884222	59.7350301528312	71.4417394530878	5.63163958366371	113.174647695345	1.88903377420402
chr22	23552787	23553287	chr22:23552787-23553287	74.3713302822616	62.0278816664226	74.1771408075552	87.8182320418971	6.58381172462783	127.601650996324	1.71573710611383
chr22	23556012	23556512	chr22:23556012-23556512	85.8221372222434	72.313969979341	85.6215904409163	100.469894002709	7.1871818667777	142.587476185345	1.66143003192875
chr22	23561054	23561554	chr22:23561054-23561554	240.969520654342	217.097883162865	240.753564810366	266.068375664712	12.4956486030981	371.883252055515	1.54327921243186
chr22	23562441	23562941	chr22:23562441-23562941	690.219267569143	648.90241100316	689.998053323004	732.793251192136	21.4029230723236	1039.98715662765	1.50674894992478
chr22	23565924	23566424	chr22:23565924-23566424	1180.65426365007	1125.88615532346	1180.42860385496	1236.70476871041	28.2719961054047	1743.94399919746	1.47709964965184
chr22	23579367	23579867	chr22:23579367-23579867	193.208640887045	171.233192044707	192.978563738543	216.491540079917	11.5493272782105	279.859281231984	1.44848222081122
chr22	23584448	23584948	chr22:23584448-23584948	171.006040414667	150.284558753851	170.773965959471	193.046314097422	10.9127073719522	245.560146117681	1.43597352188396
chr22	23585036	23585536	chr22:23585036-23585536	108.684905086113	92.4642575955411	108.457617749498	126.19710507685	8.61021157325232	159.334864156066	1.46602570089952
chr22	23590566	23591066	chr22:23590566-23591066	351.982535305194	321.456961538963	351.742378319125	383.872866101328	15.9255764465298	488.485760069245	1.38781249372414
chr22	23592147	23592647	chr22:23592147-23592647	423.625355496589	389.960617015003	423.383596451217	458.663960967627	17.5293177964764	584.028261447317	1.37864330798306
chr22	23592651	23593151	chr22:23592651-23593151	169.890892940955	149.063133079993	169.654707856103	192.060802298244	10.9730076153274	239.711481924286	1.41097311206432
chr22	23593869	23594369	chr22:23593869-23594369	650.790141790839	608.711979789018	650.546190084594	694.254641531597	21.8246615947552	889.174284961227	1.36629956089133
chr22	23602253	23602753	chr22:23602253-23602753	31.9651783941873	23.8841137334756	31.7611084941565	41.205672324743	4.42626362736338	52.153049946608	1.63155823200698
chr22	23602964	23603464	chr22:23602964-23603464	32.8869215474319	24.6581102954646	32.6815886951693	42.2823438948663	4.50344171975109	53.3282523001238	1.6215641291694
chr22	23605893	23606393	chr22:23605893-23606393	32.8939372156667	24.64974511836	32.6878261459595	42.3091608897412	4.5124580818903	53.1380186781206	1.61543503684965
chr22	23612391	23612891	chr22:23612391-23612891	193.941393768032	171.247474243652	193.696514342049	218.026876159596	11.9377054759498	263.936409831491	1.36090808003153
chr22	23621918	23622418	chr22:23621918-23622418	52.1775976394636	41.1929645375459	51.9525590740523	64.440896008351	5.9374316109277	77.2273118791515	1.48008561859778
chr22	23623873	23624373	chr22:23623873-23624373	341.003788712891	310.245344360818	340.751635719905	373.195157537753	16.0620460767875	450.73021641252	1.32177480524128
chr22	23632065	23632565	chr22:23632065-23632565	111.293194748141	94.3240323334751	111.049831068033	129.64525789996	9.01586667464884	152.377995782595	1.36915825021854
chr22	23644843	23645343	chr22:23644843-23645343	28.3409760241778	20.7186952846655	28.1340809253463	37.138695883846	4.19689174035434	45.6009690768736	1.60901194926989
chr22	23657835	23658335	chr22:23657835-23658335	147.20079633977	127.258097333656	146.949085290437	168.573855542641	10.5446704962263	194.8741762495	1.32386631794905
chr22	23718437	23718937	chr22:23718437-23718937	33.0067360153747	24.5223290115824	32.7882981891327	42.7321928919106	4.65354198135724	50.3080967082272	1.52417666153943
chr22	23728097	23728597	chr22:23728097-23728597	46.8420272732845	36.323453069831	46.6102049881846	58.6777795486452	5.71016167663791	67.2937228672157	1.43660995871533
chr22	23744332	23745164	chr22:23744332-23745164	116.297061289299	98.5847195699188	116.043347062597	135.451120437633	9.41026550969656	152.733297065606	1.313303151192
chr22	23773449	23773949	chr22:23773449-23773949	109.402106892939	92.2278424449148	109.147863299568	128.021089022251	9.13668131204275	143.375325785141	1.31053532566286
chr22	23775456	23775956	chr22:23775456-23775956	31.18432702921	22.9744424047974	30.9669826944311	40.6290321023118	4.51205727337191	47.7665137208137	1.53174746006452
chr22	23780404	23780904	chr22:23780404-23780904	19.12989992355	13.1746013693086	18.9374811774142	26.1782755948375	3.32609256329864	33.0793322123986	1.72919525688036
chr22	23799655	23800155	chr22:23799655-23800155	38.5860234240814	29.2310537731514	38.3609404996596	49.2198356353352	5.10709456228532	57.0837175626455	1.47938845460348
chr22	23802697	23803197	chr22:23802697-23803197	27.4749450376166	19.9210966027823	27.2645301858853	36.2242128938774	4.1674076854631	43.4652005681951	1.58199408620057
chr22	23820392	23820892	chr22:23820392-23820892	35.8077289753039	26.8998007553577	35.5869342182441	45.9701197923205	4.87285446504823	53.9991189592205	1.50802970488475
chr22	23851663	23852163	chr22:23851663-23852163	18.1981093167201	12.4919739667671	18.0121261689782	24.9607563006001	3.1894120301671	32.5560182320837	1.78897805620784
chr22	23852340	23852840	chr22:23852340-23852840	18.1979539606909	12.4924874991109	18.0120171330247	24.959669027696	3.18900050689004	32.5638651324108	1.78942452556762
chr22	23863211	23863711	chr22:23863211-23863711	23.7699655036153	16.9261607007271	23.5686252658163	31.7575985742129	3.79202315818531	39.2929957282402	1.65305228239662
chr22	23863846	23864346	chr22:23863846-23864346	59.7824522109892	47.6989878760554	59.5459766112078	73.2095852582442	6.51469645718351	84.2091105736915	1.40859244576475
chr22	23875534	23876034	chr22:23875534-23876034	67.0809600880091	54.2129652837752	66.8434191296866	81.2986984680919	6.91618937617289	94.0729550992554	1.40237937822943
chr22	23876054	23876554	chr22:23876054-23876554	148.231141597598	128.221663551665	147.979572402772	169.670174444619	10.5785161135115	196.34932056756	1.324615856367
chr22	23878386	23878886	chr22:23878386-23878886	199.565963804038	176.109977409624	199.311662348018	224.467054479056	12.3403524909454	261.52777412669	1.31048285560104
chr22	23880152	23880652	chr22:23880152-23880652	164.298912201248	143.420659417466	164.052894175421	186.575185620454	11.013347912152	222.551567984212	1.35455289997058
chr22	23881662	23882162	chr22:23881662-23882162	86.0327028185415	71.4003637873508	85.796245704164	102.008667592097	7.8140305152834	121.220739252617	1.40900768290744
chr22	23922855	23923355	chr22:23922855-23923355	29.2455856434663	21.6883115009732	29.0498218764189	37.9150842167981	4.14684422421964	49.7376431614609	1.70068890969782
chr22	23923514	23924014	chr22:23923514-23924014	19.0728419994343	13.3465899020325	18.8957335483036	25.8052279749042	3.18603848610567	35.8367640194209	1.87894200667545
chr22	23933331	23933831	chr22:23933331-23933831	33.8462306050796	25.6150243358877	33.6474801418003	43.2066658959506	4.4946757565585	56.7053301507849	1.67538095489648
chr22	23950737	23951237	chr22:23950737-23951237	19.9726268164223	14.1479618393347	19.7986321321251	26.7857587600039	3.23136886265928	38.2029854582872	1.91276719929875
chr22	23963300	23963800	chr22:23963300-23963800	22.7257092832533	16.4395688599906	22.5493495217942	30.0137896837616	3.46993924078348	42.8934671920217	1.88744239651213
chr22	23964830	23965330	chr22:23964830-23965330	22.7231082490376	16.4442438565068	22.5471693829666	30.0015220989271	3.46559224633851	42.991297068877	1.89196374887216
chr22	23969638	23970138	chr22:23969638-23970138	20.8697458221954	14.9490403286332	20.6985911083241	27.7628036236016	3.27592383121451	40.5851101180878	1.94468636388109
chr22	23976459	23976959	chr22:23976459-23976959	100.902567173129	85.9429778438436	100.694452586139	117.044761805176	7.93858029530716	161.55438403958	1.60109290145596
chr22	24016386	24016886	chr22:24016386-24016886	19.8072017847574	14.4039223052224	19.6580716615997	26.0577310508013	2.97884928638087	44.2129191692906	2.23216381848114
chr22	24026821	24027321	chr22:24026821-24027321	77.7334172299091	65.9179429148533	77.5645359626055	90.508550581721	6.27681553222112	153.368718675281	1.97300883121693
chr22	24042723	24043223	chr22:24042723-24043223	15.8451867703703	11.5019039121484	15.7246326252725	20.8733692218052	2.39550540122647	43.7522524770692	2.76123299214647
chr22	24057355	24057855	chr22:24057355-24057855	22.0815688537162	17.5027649251532	21.9893509009125	27.1843563551654	2.47255219632886	79.7570192926844	3.61192720594497
chr22	24059333	24059833	chr22:24059333-24059833	87.9354975130347	78.1127479988184	87.83460862513	98.3315652862428	5.15951366601838	290.476441685684	3.30328991022797
chr22	24091848	24092348	chr22:24091848-24092348	52.9942150782725	44.7657980132259	52.8738503644829	61.9065958070573	4.37534602784412	146.700676814698	2.76823945024982
chr22	24092573	24093073	chr22:24092573-24093073	29.828453386451	23.9017953406997	29.7146708145583	36.4016344068047	3.19199272670217	87.3248171879625	2.92756771719274
chr22	24093122	24094077	chr22:24093122-24094077	113.482744510336	101.156622746197	113.3598497003	126.507238637237	6.46895576276525	307.745207378233	2.71182379934603
chr22	24104886	24105386	chr22:24104886-24105386	30.8152961093702	25.4344169462408	30.7257860745675	36.7047971809999	2.87734701279011	114.6959828339	3.72204707775058
chr22	24108858	24109358	chr22:24108858-24109358	125.030121934815	113.847682330321	124.939261214549	136.728901286574	5.83826930446438	458.628523601195	3.66814425599219
chr22	24109921	24110831	chr22:24109921-24110831	412.54929137853	392.05907333743	412.458744916366	433.554073223001	10.5862651780682	1518.6795812554	3.6812075865668
chr22	24113008	24113508	chr22:24113008-24113508	107.107827414458	97.1572023266644	107.023687346024	117.536599322876	5.19999613965986	424.264191072538	3.96109417317217
chr22	24128800	24129750	chr22:24128800-24129750	276.379913035797	263.253109411308	276.324504053366	289.82159894957	6.77815809267568	1662.60684286114	6.01565730518847
chr22	24181155	24181655	chr22:24181155-24181655	166.020431726164	152.161736412112	165.915665638254	180.474489830607	7.22397346542025	528.166429250984	3.1813339102873
chr22	24186708	24187208	chr22:24186708-24187208	20.9090468477068	16.4158271818838	20.8148363020386	25.9375652566599	2.43193809280795	73.9202523119004	3.53532386484694
chr22	24188659	24189159	chr22:24188659-24189159	28.5979886207582	23.1210273500047	28.4970680661789	34.6483959811583	2.94343922975623	94.3975734095704	3.3008465966397
chr22	24191692	24192192	chr22:24191692-24192192	36.8156807687362	30.4187769437455	36.7098478457822	43.8139585649249	3.4197853675722	115.89587310735	3.14800298914392
chr22	24199707	24200207	chr22:24199707-24200207	306.540639093313	286.813645515733	306.426824951578	326.914419953981	10.2309770587466	897.722055829251	2.92855804856588
chr22	24230506	24231006	chr22:24230506-24231006	183.105626583104	173.424838053082	183.060013268987	193.045629371186	5.00572406620455	1338.04145068281	7.30748407709646
chr22	24236174	24236674	chr22:24236174-24236674	892.702586333497	872.159230992743	892.661091265216	913.481754314146	10.5417827098376	7171.09483102728	8.03301675251144
chr22	24236866	24237366	chr22:24236866-24237366	186.543413773834	177.248262330592	186.50220181777	196.072767406625	4.80253714557526	1508.75379346689	8.0879499465798
chr22	24237454	24237954	chr22:24237454-24237954	145.788822079756	137.592569483724	145.747685209901	154.218849616898	4.24179093065095	1181.27207007839	8.1026244209049
chr22	24243753	24244253	chr22:24243753-24244253	61.0892766229056	55.1186429328987	61.0360256623436	67.3625211215253	3.12421226062194	382.339264424491	6.25869687055897
chr22	24256047	24256547	chr22:24256047-24256547	259.623446523341	242.900679365355	259.526875237692	276.895012599478	8.67303214596102	896.078195565621	3.45145327806539
chr22	24298732	24299232	chr22:24298732-24299232	41.7870386080335	33.9562305810243	41.6461903322274	50.4181730183445	4.20327602241792	98.8342265599072	2.36518858124841
chr22	24313290	24313790	chr22:24313290-24313790	16.9937715965808	12.366364665715	16.8663272620096	22.3452261358786	2.55069345773866	44.3877383354253	2.61200040751144
chr22	24335806	24336306	chr22:24335806-24336306	60.2628813342986	50.4059045899488	60.1102671561309	70.9870683145193	5.25389169978072	131.564146519656	2.18317052896666
chr22	24352949	24353449	chr22:24352949-24353449	27.9823882798977	21.7524893323693	27.8464179153109	34.9848523033334	3.37997879986368	68.5396061436353	2.44938371442989
chr22	24354247	24354747	chr22:24354247-24354747	16.6279415807428	12.1232433333946	16.5046203335786	21.8332652506886	2.48192151242412	44.884965250502	2.69936991494391
chr22	24359732	24360232	chr22:24359732-24360232	60.3430747329718	50.8059512465082	60.2008447645606	70.6884069456054	5.07529376613799	141.361941455932	2.34263736280397
chr22	24360948	24361448	chr22:24360948-24361448	33.4324117647328	26.6407326137098	33.298743089384	40.98360320346	3.66281084821161	83.3117832843067	2.49194655385857
chr22	24372719	24373219	chr22:24372719-24373219	206.425800706791	189.437272438552	206.299264888394	224.133404881208	8.85264479454343	543.728225209243	2.63401291576705
chr22	24384055	24384555	chr22:24384055-24384555	107.101269604268	96.5667020381809	107.006681491551	118.173355601734	5.51328383902163	377.371010463337	3.52349707765087
chr22	24388072	24388572	chr22:24388072-24388572	96.5422738827519	86.7972483892072	96.4523550125029	106.798282840172	5.10364914974938	357.827261662618	3.70643084393465
chr22	24407466	24407966	chr22:24407466-24407966	126.330547332942	117.15383480126	126.270524726988	135.848357241457	4.76969482877093	701.512750537217	5.55299383519959
chr22	24408711	24409211	chr22:24408711-24409211	34.9288114383592	30.2581408081778	34.870682480756	39.9298032539998	2.46838665453698	200.235573460836	5.73267641282907
chr22	24429431	24429931	chr22:24429431-24429931	28.2348815101575	22.3292462712629	28.1147767979298	34.8229512118762	3.19079426511986	78.3022665551483	2.77324579977355
chr22	24464214	24464714	chr22:24464214-24464714	16.8954005750189	11.9817190145236	16.7491006498254	22.6402163661333	2.72524263876368	38.4349778817253	2.27487816646113
chr22	24486482	24486982	chr22:24486482-24486982	38.6135532954057	30.0520221625215	38.4275641057553	48.2318513735557	4.64367193609135	69.1443145297165	1.79067474056948
chr22	24487702	24488202	chr22:24487702-24488202	269.303177536322	244.250234010603	269.091034535806	295.561676211752	13.0926079269001	423.087924540301	1.57104690858405
chr22	24542242	24542742	chr22:24542242-24542742	30.017635955228	22.2820557732677	29.81789074122	38.8880627403802	4.24371572337016	50.0334447877853	1.66680163829061
chr22	24552861	24553361	chr22:24552861-24553361	69.8238587932053	56.9384528339021	69.5960121721963	84.0039374126277	6.91051444432241	102.090876963889	1.46212023695578
chr22	24571080	24571580	chr22:24571080-24571580	18.1353272332373	12.4934657605657	17.9531850790345	24.8118879827446	3.15080574089981	33.1289397123719	1.82676272042422
chr22	24591590	24592090	chr22:24591590-24592090	77.4878877249204	63.5539581752163	77.248466678626	92.7822672872603	7.46239927166011	107.822818671677	1.39147964717331
chr22	24593873	24594373	chr22:24593873-24594373	46.7177711294944	36.3293162903776	46.4913509890509	58.3927149629443	5.63569587351431	68.7177818065921	1.4709131053388
chr22	24602550	24603050	chr22:24602550-24603050	118.355826199437	100.637369642841	118.106720594052	137.489816093662	9.40651347362804	158.314946700511	1.33761853374029
chr22	24603844	24604344	chr22:24603844-24604344	38.4969308893464	29.2281104816572	38.2756949449459	49.0227408456658	5.05737458015249	57.9431327633973	1.50513642061353
chr22	24607949	24608449	chr22:24607949-24608449	20.9543616391936	14.6666245082801	20.7600132716037	28.3461712162273	3.49825044327427	35.8795571530087	1.71227154378679
chr22	24626906	24627888	chr22:24626906-24627888	29.3192067322134	21.4599359158953	29.1067070265468	38.3857607314181	4.32611912859704	45.9311672795553	1.56658970002384
chr22	24655261	24655761	chr22:24655261-24655761	57.0883095038132	45.2428100031036	56.8495633718736	70.2903672402525	6.39682923579148	79.6461616944861	1.39513960715838
chr22	24666506	24667006	chr22:24666506-24667006	223.254902298903	198.008111064353	222.992189961188	249.994599388376	13.2662098679659	283.209802528652	1.26854908721995
chr22	24667559	24668059	chr22:24667559-24668059	32.1627226596326	23.7963089314299	31.9443167727993	41.7699965226632	4.59339491152505	49.0273073355812	1.52435189814062
chr22	24680634	24681134	chr22:24680634-24681134	81.9589996822733	67.3629663997255	81.7108676190655	97.9649845021763	7.81299870772812	110.041827274125	1.34264483096083
chr22	24685780	24686280	chr22:24685780-24686280	68.2632202611856	55.118169367808	68.0195272094661	82.792970327008	7.0666579588899	93.3136982038934	1.36696888671324
chr22	24701140	24701640	chr22:24701140-24701640	40.5826651346276	30.9341749026946	40.3556817324025	51.5208077068917	5.25951295500705	59.5374281838848	1.46706550657472
chr22	24720965	24721465	chr22:24720965-24721465	37.8241148165385	28.6127270862691	37.6013407043188	48.3012244890715	5.0304469687304	56.5359112256162	1.49470546765832
chr22	24726386	24726886	chr22:24726386-24726886	19.1787088833757	13.2442441272505	18.9883626213158	26.1944831861299	3.3123090396616	33.5256366847472	1.74806536188719
chr22	24788442	24788942	chr22:24788442-24788942	24.8056888503908	17.8807522029341	24.6092838124822	32.8464404536834	3.82579380612944	42.0396860656568	1.69475987218934
chr22	24802804	24803304	chr22:24802804-24803304	45.4388576820091	35.4629190238882	45.2245550246973	56.6324415073904	5.40718650328249	70.6174629612898	1.55412056032495
chr22	24817317	24817817	chr22:24817317-24817817	22.0035716702042	15.7335973423019	21.821368898432	29.3086605755991	3.47062749386711	40.1948450372501	1.82674184172015
chr22	24841344	24841844	chr22:24841344-24841844	113.061415506588	97.0887336860137	112.850505986585	130.232593763179	8.45937202893292	178.629255040508	1.57993117492943
chr22	24846578	24847078	chr22:24846578-24847078	28.5851015375946	21.4248900312101	28.4062082623992	36.7617054983615	3.91896305095911	53.2031248120913	1.86121867512415
chr22	24851657	24852157	chr22:24851657-24852157	97.3408456622118	82.8916239877209	97.1395641680875	112.933843551045	7.66814222032068	161.14243118457	1.65544515345346
chr22	24855803	24856303	chr22:24855803-24856303	67.2817256580808	55.610044026569	67.0889673609604	80.0487173545105	6.23916914337144	116.289559301103	1.72839739414644
chr22	24856602	24857102	chr22:24856602-24857102	35.1918181196276	27.1957092697213	35.0132095532266	44.2027480647449	4.34440103240283	65.6180911383328	1.86458371986571
chr22	24861497	24861997	chr22:24861497-24861997	76.7691760810478	64.3524531799912	76.579274235594	90.2649939644237	6.6147658517936	134.692932310531	1.75451840421383
chr22	24862135	24862635	chr22:24862135-24862635	30.482457190779	23.2298813538568	30.3116923740959	38.7052677117349	3.95369106950718	59.4421462144459	1.95004444170686
chr22	24862845	24863345	chr22:24862845-24863345	103.166775959001	88.6022634061385	102.974607291485	118.823289893338	7.71336595037964	178.892381107819	1.73401155018076
chr22	24878380	24878880	chr22:24878380-24878880	39.0241863115885	30.9348793153419	38.8613272074287	48.038860900048	4.36813045989453	79.8135285757635	2.04523235765873
chr22	24882489	24882989	chr22:24882489-24882989	17.3073155244706	12.4577594203564	17.1691689770944	22.9417068935668	2.68013709164489	41.7008976933173	2.40943765278659
chr22	24899022	24899522	chr22:24899022-24899522	46.745111473779	38.4196953291789	46.6035683334812	55.8748128935402	4.45646516192256	110.024997649319	2.3537220081513
chr22	24906604	24907575	chr22:24906604-24907575	211.068945223443	193.105173579827	210.930370040248	229.820208597319	9.36787087113175	507.652919687188	2.40515211344698
chr22	24908000	24908500	chr22:24908000-24908500	39.172581330304	31.9911318798957	39.0465196800601	47.0703409574058	3.85006440519747	103.520984282087	2.64268988068965
chr22	24910149	24910649	chr22:24910149-24910649	35.362571262087	28.6775283447097	35.2411581030842	42.7375049181337	3.59003422064778	97.0265288383821	2.74376340225029
chr22	24917665	24918165	chr22:24917665-24918165	38.3061358834806	31.6800762740865	38.1970521388433	45.5520422336426	3.54148313572078	116.994739211841	3.0542036285705
chr22	24921315	24921815	chr22:24921315-24921815	89.7317661636603	79.5389254903627	89.6251964437738	100.530206460202	5.35669068796552	280.607511721218	3.12718141766453
chr22	24951040	24951540	chr22:24951040-24951540	444.745034360265	432.627545071987	444.71599403827	457.027556998053	6.22471419700884	5104.85468314944	11.4781600439731
chr22	24951680	24952180	chr22:24951680-24952180	117.47597955212	111.305419031054	117.447099706864	123.810660324818	3.19037761328136	1355.85726202059	11.5415701762167
chr22	24960200	24960700	chr22:24960200-24960700	13.6522950604942	11.2006235335725	13.6102314466401	16.342982596949	1.3129137389468	108.12819312731	7.92014768565921
chr22	24974392	24974892	chr22:24974392-24974892	23.2018609515496	18.7534496421585	23.119792351569	28.1165985027302	2.39082483040905	94.1781433060135	4.05907713621238
chr22	24979642	24980142	chr22:24979642-24980142	17.4342547678057	13.4792765136927	17.3460739284296	21.8902607026723	2.14855285405915	65.8437705270385	3.77668970678496
chr22	24988917	24989417	chr22:24988917-24989417	57.6182869370259	49.3819884558431	57.5081413600321	66.4804881703093	4.36413643058216	174.310699691775	3.02526695877453
chr22	24998976	24999476	chr22:24998976-24999476	22.7836218996261	17.8900737729967	22.6810769107119	28.2598246923421	2.64852483497806	74.000973038079	3.24798986588228
chr22	24999630	25000130	chr22:24999630-25000130	40.2540758991494	33.4456805110141	40.1447227747718	47.683851837712	3.6348493455363	122.644165274415	3.04675147882369
chr22	25003293	25003793	chr22:25003293-25003793	51.8958989032286	43.9368403217373	51.781026816636	60.5077111356742	4.22980269974732	150.530969122249	2.90063323506444
chr22	25018473	25018973	chr22:25018473-25018973	55.3756965292567	45.7804756234597	55.2174319579446	65.8702241127003	5.12888359423825	116.571589718572	2.10510380952018
chr22	25026733	25027233	chr22:25026733-25027233	88.4248728815507	75.4004988174625	88.24495775423	102.471610696085	6.90972007821551	163.767598487953	1.85205353596976
chr22	25028568	25029068	chr22:25028568-25029068	26.9520042107443	20.3478203768802	26.7911473468496	34.4701158074949	3.60834654305752	55.7911933942792	2.07002020918498
chr22	25030991	25031491	chr22:25030991-25031491	25.9819475864273	19.4720954870549	25.8192539725454	33.4161527050152	3.5630796785799	53.1731435413889	2.04654186775305
chr22	25047550	25048050	chr22:25047550-25048050	17.4101033606672	12.1586546431678	17.2467687915984	23.589434573744	2.92325828519311	35.4705824896696	2.0373562267186
chr22	25091914	25092414	chr22:25091914-25092414	61.9930003003222	49.4453838819434	61.7470600135951	75.9380637341047	6.76551363456141	83.9621911808482	1.3543817975271
chr22	25101993	25102493	chr22:25101993-25102493	21.1907722517412	14.6925071575374	20.9845976465665	28.8602726699946	3.62353298599556	34.2002380919108	1.61392127127885
chr22	25103182	25103682	chr22:25103182-25103682	24.963013652663	17.7037898443405	24.7469044704883	33.4499602533234	4.02609404622331	38.4437901239557	1.54003000835016
chr22	25112561	25113061	chr22:25112561-25113061	12.7537646978674	8.17122948938065	12.5770427948813	18.3400582559599	2.60357532081173	23.9958704097591	1.88147350827098
chr22	25123207	25123707	chr22:25123207-25123707	237.167898712902	209.577895016348	236.872037097793	266.439179933616	14.5104583711748	267.146536734971	1.12640259573391
chr22	25124860	25125360	chr22:25124860-25125360	733.286542510601	683.403726213955	732.981735457126	784.901524870274	25.8956040979998	801.854066421629	1.09350713525475
chr22	25137663	25138163	chr22:25137663-25138163	18.385293634167	12.3035549494672	18.1736799232854	25.6690825231047	3.41994544210405	28.9003288907607	1.57192642477315
chr22	25147505	25148005	chr22:25147505-25148005	91.1976656469421	74.4175625687693	90.9019210026155	109.658253608079	8.99780704857994	102.729244071269	1.12644598238918
chr22	25148739	25149570	chr22:25148739-25149570	36.3086692803005	26.6391801700075	36.0492183396565	47.4521933458393	5.31951419046402	46.5882847172609	1.28311738327842
chr22	25149922	25150422	chr22:25149922-25150422	24.9770334089584	17.3993121942709	24.7396945613085	33.9030394926839	4.22072523889373	35.0193069419911	1.40206029950022
chr22	25154048	25154548	chr22:25154048-25154548	54.2785668486944	41.8211747757425	53.9971010061981	68.3351894002732	6.77312774253771	64.2211696806996	1.18317732779719
chr22	25164694	25165194	chr22:25164694-25165194	24.0403464181061	16.5797474553432	23.8002013071508	32.8651463208159	4.16541981847156	33.3091756703308	1.38555306529376
chr22	25198893	25199393	chr22:25198893-25199393	27.8220601829235	19.415486445204	27.5600476302032	37.7170911630171	4.68041724186571	35.3353526807338	1.27004802837792
chr22	25201870	25202370	chr22:25201870-25202370	86.3545270706002	69.3418781910069	86.0310001964531	105.205490017365	9.15806524250733	88.9124861064104	1.02962159741456
chr22	25240920	25241420	chr22:25240920-25241420	16.5678639512941	10.5572581543171	16.3332370067439	23.9111054819502	3.41932353201067	23.4775432373464	1.41705311598196
chr22	25279300	25279800	chr22:25279300-25279800	50.5199539530439	37.4476248773616	50.1807962795378	65.519193055197	7.17388596484591	49.5926087410784	0.981643981448847
chr22	25290434	25290934	chr22:25290434-25290934	22.223778585771	14.6521518345526	21.9505502972548	31.3474031956782	4.27282448066058	27.0523935454542	1.21727245621385
chr22	25334621	25335121	chr22:25334621-25335121	15.6542359331469	9.76414747487188	15.4134159185775	22.9120695511959	3.36766848771136	21.6075279676377	1.3802991126437
chr22	25347863	25348826	chr22:25347863-25348826	55.2692131382109	41.0393500441888	54.9021676649092	71.5844354394749	7.80586268322576	50.133121792219	0.907071386503222
chr22	25496818	25497318	chr22:25496818-25497318	128.710302330009	104.247684981859	128.263356976111	155.712537305079	13.1410232548999	95.9330502124971	0.74534088162211
chr22	25506807	25507307	chr22:25506807-25507307	21.340233745792	13.6692722800355	21.0442519325791	30.6923340896942	4.3585133970768	23.9729551920194	1.12336891327381
chr22	25544249	25544749	chr22:25544249-25544749	23.2311941709491	15.0417038410067	22.9228431316391	33.1721201241619	4.6413131108134	25.0530920564893	1.07842463336726
chr22	25631745	25632245	chr22:25631745-25632245	36.4693774447444	25.1840300054371	36.107378558867	49.8111499913539	6.29893070450602	33.5214686761691	0.919167559878373
chr22	25729544	25730321	chr22:25729544-25730321	27.0412551586	17.9815562306761	26.7210403710411	37.9198780553481	5.10222171928784	28.0889197930338	1.03874319547259
chr22	25758193	25758693	chr22:25758193-25758693	23.261850931566	15.2123482861471	22.9657121522811	32.9934593546875	4.5512476837531	26.1232733478534	1.12300923192679
chr22	25794507	25795007	chr22:25794507-25795007	52.8976525347394	39.3962843969011	52.5529011964926	68.3577256929972	7.40091894534726	51.0859534623288	0.965750860660201
chr22	25796839	25797339	chr22:25796839-25797339	28.0349431813043	19.1619013878691	27.7424394479737	38.5695926303366	4.96460528272973	31.8881930345601	1.13744453942127
chr22	25799697	25800197	chr22:25799697-25800197	62.582700607846	47.7562230296508	62.2353155923113	79.3829199813713	8.07996034178784	59.9915581571241	0.958596506293993
chr22	25802358	25802858	chr22:25802358-25802858	29.0005554145121	20.0090977642182	28.7114640951778	39.6342658149472	5.0196264918455	33.3787313164094	1.15096869143777
chr22	25815258	25815758	chr22:25815258-25815758	58.0810671579959	44.5880217036013	57.77193982808	73.3305006795416	7.34266275961309	62.5694029155932	1.07727708833909
chr22	25842962	25843462	chr22:25842962-25843462	45.7892415674388	37.5252881825199	45.646671582172	54.8633123774395	4.42666965640631	106.997264098176	2.33673370502522
chr22	25843628	25844128	chr22:25843628-25844128	177.723415650733	160.460228313007	177.570444933645	195.855894569306	9.03171803286128	387.21178018606	2.17873249154191
chr22	25844545	25845045	chr22:25844545-25845045	45.7891196982722	37.5253155334699	45.6465547139051	54.8630128749522	4.42658608821559	107.000734502482	2.33681571533946
chr22	25848147	25848647	chr22:25848147-25848647	21.8888664739175	16.5424520024207	21.7591242466639	27.972428293625	2.92040855731484	56.1771004168929	2.56646914466004
chr22	25858388	25858888	chr22:25858388-25858888	55.9209741438076	44.0338654114556	55.6747760287318	69.2069715277482	6.42926511094797	75.6531103269806	1.35285751876263
chr22	25884131	25884631	chr22:25884131-25884631	39.5642327082889	28.4979263066343	39.2496555025578	52.4177106693111	6.11485150553461	41.8633197943326	1.05811024070643
chr22	25890626	25891126	chr22:25890626-25891126	32.8279419217612	22.9133142084385	32.5190954740609	44.4970844294312	5.51977836039535	35.3707308655621	1.07745806757734
chr22	25939775	25940275	chr22:25939775-25940275	20.4856744924951	12.8480245250097	20.1770330896279	29.876285422885	4.36120556714113	22.0641611000625	1.07705319188518
chr22	25941543	25942043	chr22:25941543-25942043	63.2868684595181	46.60170270946	62.844420687042	82.4857555996922	9.17108900446691	47.6195620202422	0.752439853311788
chr22	25942693	25943193	chr22:25942693-25943193	29.965775035743	19.8543904581842	29.6052255791605	42.1251823261226	5.69938483184986	27.6436295939984	0.922506745145927
chr22	25959719	25960219	chr22:25959719-25960219	41.3549514549519	28.6119787823124	40.9482880916987	56.4080852926756	7.10929683380178	33.8377700978501	0.818227779440382
chr22	25960373	25960873	chr22:25960373-25960873	94.6572715146614	73.0409784988773	94.1716454288899	119.032796982318	11.7486526507943	64.9130231217655	0.685769007315103
chr22	25962964	25963464	chr22:25962964-25963464	58.4663227737708	42.428747246225	58.0207994535744	77.0350315087536	8.84598054080069	43.6837185494833	0.747160356202198
chr22	25998804	25999304	chr22:25998804-25999304	46.071097601465	32.2044477480627	45.6409206595398	62.3815310669616	7.71726735284818	35.639370636871	0.773573291983773
chr22	26023293	26023793	chr22:26023293-26023793	14.8246111085751	8.78964082061735	14.5513844870878	22.4111931044134	3.49175228049258	18.0251865418819	1.21589608050194
chr22	26046722	26047222	chr22:26046722-26047222	31.8348120958854	21.022243340851	31.4461258423138	44.8552131581529	6.09944918507189	27.2410188386307	0.855699061661858
chr22	26059656	26060156	chr22:26059656-26060156	18.5956583371079	11.3536317031067	18.2861685345791	27.5953547117198	4.16147069623957	19.9677639835124	1.07378634418479
chr22	26062173	26062673	chr22:26062173-26062673	48.8730942740892	34.3180783784999	48.4272656459175	65.9608303174376	8.09163125042913	36.4810648292417	0.74644475393044
chr22	26120047	26120547	chr22:26120047-26120547	23.311107752031	14.6845734875294	22.9657932238869	33.8989114081184	4.92076975801603	22.4419057329846	0.962712968071171
chr22	26122090	26122590	chr22:26122090-26122590	64.9076342673197	47.3506599565791	64.427866746764	85.1903160637554	9.67190835869009	45.0367678432835	0.693859333369033
chr22	26124054	26124554	chr22:26124054-26124554	20.4779010848069	12.6618204698558	20.1524282974793	30.1424777217556	4.47803742119608	20.9119939592368	1.02119811364613
chr22	26136766	26137266	chr22:26136766-26137266	31.8136881241364	20.9744169291416	31.4225277498664	44.8748377500729	6.11684879435117	27.050328802765	0.85027327536547
chr22	26143323	26143823	chr22:26143323-26143823	106.417364721648	83.0572815254294	105.915628955598	132.628257952111	12.6615708877423	70.6398581460259	0.663800107536923
chr22	26145100	26145600	chr22:26145100-26145600	35.4607774609225	23.9279587789738	35.0677629017632	49.2261127251031	6.47252063911972	30.0157789406123	0.846450108819229
chr22	26145725	26146225	chr22:26145725-26146225	122.122879586716	96.78533353317	121.612252315784	150.361815686538	13.6827528901045	79.6612478170968	0.652304040706242
chr22	26146844	26147344	chr22:26146844-26147344	84.1232535412193	63.8580514492	83.6392436527661	107.13843920875	11.0578230298036	57.8752462345443	0.687981548480958
chr22	26155691	26156191	chr22:26155691-26156191	218.552877003892	183.253762088923	218.013842741471	256.914991798873	18.8036694993584	135.091441920456	0.618117884204518
chr22	26158032	26158532	chr22:26158032-26158532	164.259938774262	134.205597012192	163.733519268748	197.305514113868	16.1107849771493	103.951296543459	0.632846312492037
chr22	26168768	26169268	chr22:26168768-26169268	27.898140231214	18.2523419550755	27.5436421031066	39.5575346596301	5.45323664855374	26.1722955806927	0.938137645154197
chr22	26212468	26212968	chr22:26212468-26212968	40.0927738651715	27.8759610092285	39.7081208840974	54.4947323323751	6.80774812942098	34.683686328503	0.865085724553287
chr22	26249411	26249911	chr22:26249411-26249911	62.5229587216352	46.2697985205986	62.0989968827921	81.184833954845	8.92294000296903	49.097920404053	0.785278262704214
chr22	26376878	26377378	chr22:26376878-26377378	17.524104663399	10.9192512203021	17.2534746047391	25.6660067632645	3.7772474878549	21.5238915249025	1.22824486262385
chr22	26635335	26635835	chr22:26635335-26635835	20.1820343633734	13.405172792531	19.9418405440245	28.3232716318785	3.81760486401349	27.9478196435872	1.38478704081028
chr22	26655379	26655879	chr22:26655379-26655879	16.44189073072	10.663504196833	16.2251550182338	23.4513417365445	3.27355663556812	25.2268948656984	1.53430619865175
chr22	26726858	26727358	chr22:26726858-26727358	22.8144006442169	16.1627539396792	22.6157654363501	30.5944978007437	3.69005974202575	38.2253378878024	1.67549165476289
chr22	26752612	26753112	chr22:26752612-26753112	98.6521128220302	83.2618733420549	98.4258248630041	115.328215938194	8.18527683560377	145.259999112216	1.47244691428218
chr22	26756345	26756845	chr22:26756345-26756845	160.717874301901	140.783887329931	160.488995296735	181.952491436189	10.5063237309343	234.005897191631	1.45600418253456
chr22	26760292	26760792	chr22:26760292-26760792	78.1550866328966	64.8280839769528	77.9391098585424	92.709338417865	7.11786684276585	120.563203530002	1.54261493044338
chr22	26763593	26764093	chr22:26763593-26764093	33.7731300747431	25.6626654503238	33.580118040112	42.9802266634109	4.42446560934976	58.2667745692024	1.72524058149933
chr22	26773333	26773833	chr22:26773333-26773833	37.3850691663053	28.9118138118209	37.1963405890457	46.9306467757072	4.60282837887713	65.9700499294044	1.76460954601797
chr22	26783988	26784488	chr22:26783988-26784488	20.8141481823551	15.0520075655958	20.652331836624	27.4956038210045	3.18093256700657	42.8162235371423	2.05707306213181
chr22	26794615	26795115	chr22:26794615-26795115	30.8195788967801	23.6725319164244	30.6561731488283	38.8950592523948	3.88878385933862	62.8095656157642	2.03797611337014
chr22	26797031	26797531	chr22:26797031-26797531	61.3528624749266	50.7462792215497	61.1783569559546	72.9510388529636	5.66882242507724	117.134264227373	1.90918988132367
chr22	26797605	26798105	chr22:26797605-26798105	105.259479073501	90.9953779839937	105.079392864891	120.546928707641	7.54219338657409	194.772260727789	1.8504011462168
chr22	26800811	26801311	chr22:26800811-26801311	474.533182242265	443.379381990797	474.34969221636	506.729725901484	16.1627437140741	861.991532216942	1.81650422873245
chr22	26805789	26806289	chr22:26805789-26806289	30.7340993761454	23.8083603362659	30.5808498302535	38.5305771892724	3.76066176805256	66.7901520982695	2.17316119404851
chr22	26807154	26807654	chr22:26807154-26807654	24.3511495865104	18.3637850351628	24.2047386615533	31.1703641306672	3.27220964155747	55.3804776456008	2.27424489545576
chr22	26824720	26825220	chr22:26824720-26825220	44.7964066707986	36.7310402230601	44.6576317865666	53.650326327787	4.31974142007181	107.540203954648	2.4006435325258
chr22	26831870	26832370	chr22:26831870-26832370	21.4305201162339	16.3634780680002	21.3120690504269	27.1705676806682	2.76096852455569	60.2479829374474	2.8113168794167
chr22	26857031	26857531	chr22:26857031-26857531	33.1367526956215	27.6999592647663	33.0522911259169	39.053487720275	2.89830385184672	130.716997911695	3.94477392255059
chr22	26859153	26859653	chr22:26859153-26859653	29.5936163977346	24.623666800118	29.5144105106557	35.0136406815386	2.6524186788019	124.48353849473	4.2064321177137
chr22	26870576	26871076	chr22:26870576-26871076	20.2324493367085	17.0515805799799	20.185284286902	23.6813294195542	1.69233090325507	142.930973930226	7.06444244844347
chr22	26873116	26873616	chr22:26873116-26873616	34.1701238181676	30.3696167944279	34.1312672949109	38.1914397271373	1.99599679478073	293.071391195043	8.57683140847216
chr22	26875668	26876168	chr22:26875668-26876168	64.559523581087	59.7129396276638	64.5267203738918	69.5925218651548	2.52068494702618	655.969275018616	10.1606895254535
chr22	26879551	26880051	chr22:26879551-26880051	85.0875195021237	79.5298937175088	85.0549588046102	90.83018236259	2.88307001433695	871.006403529617	10.2365941400828
chr22	26889264	26889764	chr22:26889264-26889764	151.008511036389	142.05856200828	150.961081212231	160.227996637337	4.63552820096501	1061.2174819992	7.02753424105664
chr22	26896468	26896968	chr22:26896468-26896968	150.001662737115	140.334624867771	149.945806169037	159.986124398161	5.01372108671462	895.100511502099	5.96727059666534
chr22	26898870	26899370	chr22:26898870-26899370	29.9729100149114	25.871132248423	29.9205749700825	34.3720837927389	2.16964634253407	190.844620447285	6.36723696005294
chr22	26908235	26908735	chr22:26908235-26908735	99.7603597656074	92.6151158158036	99.7143030541546	107.167335628496	3.71282027416444	721.951726797931	7.2368596955163
chr22	26914137	26914637	chr22:26914137-26914637	38.1685715427025	33.5977451307853	38.1180192233176	43.0266681684609	2.40622007153797	251.617662391027	6.59227349154317
chr22	26920497	26920997	chr22:26920497-26920997	16.0635425010238	12.7657379348974	15.9978657358054	19.7345245316282	1.7796962462684	81.4687184213844	5.07165330537719
chr22	26948995	26949495	chr22:26948995-26949495	14.2397529597786	10.743176878164	14.1543807988725	18.2213808118732	1.91074765543752	55.5390234444957	3.90027998388528
chr22	26964317	26964817	chr22:26964317-26964817	38.5275278117951	32.6529053593403	38.4432731742435	44.8809226083081	3.12124442532016	152.365529708269	3.9547185703834
chr22	26969087	26969587	chr22:26969087-26969587	203.320507108933	189.866835946573	203.24062029009	217.228161715812	6.98078012677053	848.309733057716	4.17227826705753
chr22	26981004	26981504	chr22:26981004-26981504	61.7612240048752	56.6758695188364	61.7233272655042	67.0619375245182	2.64998371010714	543.182013077004	8.79487124533231
chr22	26982470	26982970	chr22:26982470-26982970	370.905812173502	358.172108767012	370.867220649028	383.85882716983	6.55303415222969	3203.63046554848	8.63731535177423
chr22	26984134	26984634	chr22:26984134-26984634	232.086132085822	222.039134320807	232.047561639395	242.352321139636	5.18225730668553	2005.67442315673	8.64193997776249
chr22	26986028	26986528	chr22:26986028-26986528	91.4438019843786	85.1975309228676	91.4054711660464	97.9079004652417	3.24285851711117	795.156377712609	8.69557433590137
chr22	26992380	26993306	chr22:26992380-26993306	38.1463027246397	33.7521529246091	38.0996725409251	42.8054357148294	2.31029630945707	272.627419726239	7.14688974431438
chr22	27002457	27002957	chr22:27002457-27002957	19.5761981195772	15.6400710635112	19.4996186281206	23.9474552239515	2.12145030553209	85.1512401159389	4.34973326259828
chr22	27004062	27004562	chr22:27004062-27004562	33.4299187122748	27.9668038983385	33.3454168833465	39.373204275402	2.91178469587658	131.811142070395	3.94290944003991
chr22	27013551	27014051	chr22:27013551-27014051	123.372524748593	111.063528575925	123.260334550041	136.319066567962	6.44439957492784	366.498316585986	2.97066398967543
chr22	27014375	27014875	chr22:27014375-27014875	32.7957266666765	26.7688798732348	32.689650861425	39.4253192689264	3.23149016744883	102.998011138486	3.14059243709765
chr22	27024633	27025133	chr22:27024633-27025133	82.7471070137535	71.9493542248486	82.6162036361156	94.2887281964885	5.7012969961514	210.648469310477	2.54568983632823
chr22	27026171	27026671	chr22:27026171-27026671	87.4248632068489	76.2019535794477	87.2911723495988	99.4074828192129	5.92226884723257	217.918291548998	2.49263520188072
chr22	27028476	27028976	chr22:27028476-27028976	552.238423186911	522.502970231603	552.095660955568	582.785174189376	15.3794422056468	1289.35370297014	2.33477724264352
chr22	27037867	27038367	chr22:27037867-27038367	106.333385255411	93.1262465854808	106.181515459885	120.403540633889	6.96123659886851	233.327802656256	2.19430428266538
chr22	27039012	27039512	chr22:27039012-27039512	193.94027343552	175.693403404375	193.783919952479	213.075660241035	9.53848861761562	413.406095269122	2.13161551206418
chr22	27041143	27041643	chr22:27041143-27041643	338.242558107172	313.659042056893	338.081672284013	363.740358538734	12.7776802131206	700.732839013752	2.07168738001244
chr22	27054774	27055274	chr22:27054774-27055274	299.632336790168	275.371037607632	299.454672850887	324.903262788379	12.6379758168722	562.111308668267	1.87600348710664
chr22	27061331	27061831	chr22:27061331-27061831	52.9210045687857	43.1932377593351	52.7497415415768	63.6219251021523	5.21593244101029	102.941915207332	1.94519956765996
chr22	27064908	27065408	chr22:27064908-27065408	49.1413387912856	39.734018081649	48.9680782324953	59.5331527236865	5.05557710718083	94.4827425366173	1.92267335120654
chr22	27068598	27069098	chr22:27068598-27069098	362.386764494044	334.48087944689	362.192824299047	391.394773314087	14.5211623176141	622.790379173374	1.71857926445768
chr22	27074857	27075357	chr22:27074857-27075357	66.818617604992	55.3560210221425	66.6316241332511	79.343769494478	6.12394159053743	119.050957630684	1.78170339192696
chr22	27084153	27084653	chr22:27084153-27084653	41.5742693292024	32.689783215356	41.389153054378	51.5105773000338	4.80693420659646	74.8019457006783	1.79923656885862
chr22	27103047	27103935	chr22:27103047-27103935	29.4113799248548	21.9890057653692	29.224325863796	37.8965083464421	4.0648970895994	52.3518088912279	1.77998478905054
chr22	27109934	27110434	chr22:27109934-27110434	18.2093286731361	12.715276390983	18.0383911866152	24.6744544208371	3.05839314414027	35.4487762153023	1.94673712862349
chr22	27152478	27152978	chr22:27152478-27152978	14.5168161273343	9.62273846340111	14.3424956641058	20.4010841671552	2.75830142532378	27.6986947573967	1.90804199174513
chr22	27173412	27173912	chr22:27173412-27173912	31.210078394048	22.9684411058555	30.9911181153318	40.6957147444441	4.53068806821222	47.4527508680338	1.5204303644775
chr22	27231839	27232339	chr22:27231839-27232339	31.256966076118	22.7067479519661	31.0202145322141	41.1522333374745	4.71493689289092	43.9482791313198	1.40603150748206
chr22	27234323	27234823	chr22:27234323-27234823	14.5274156376299	9.47435429072456	14.3403157743375	20.6432217122508	2.85889065419431	25.8215099318122	1.77743313579654
chr22	27248121	27248621	chr22:27248121-27248621	15.4572524503531	10.1124727074636	15.2608039853315	21.917885301157	3.02169277221202	26.1676057764941	1.69290149465705
chr22	27530211	27530711	chr22:27530211-27530711	67.1417281687129	52.2040459914521	66.8159669698655	83.9303415885342	8.10391926187528	68.6427730107175	1.02235636291983
chr22	27550616	27551116	chr22:27550616-27551116	35.9230423627813	25.7916003759671	35.6322021165735	47.7067925351546	5.60261074945542	41.1116891070462	1.14443784276024
chr22	27710285	27710785	chr22:27710285-27710785	137.0963400671	114.510995064438	136.743905706944	161.684344600468	12.0423783235324	129.606621005324	0.945368935026926
chr22	27953562	27954062	chr22:27953562-27954062	20.100106179233	13.4114831992222	19.8656674287295	28.1204266766603	3.76384721561548	28.5188974318717	1.41884312339289
chr22	27990608	27991108	chr22:27990608-27991108	63.9551646590217	50.2131711904414	63.6670695531557	79.3340975320822	7.43774605619478	73.9381449264805	1.15609341826705
chr22	27998161	27998661	chr22:27998161-27998661	18.2160026610891	12.1157570266921	18.0005076559859	25.5403304593076	3.43534128896903	28.1168318594904	1.54352370180261
chr22	28023270	28023770	chr22:28023270-28023770	21.8968235747675	15.00118097173	21.6708875300648	30.0759327045295	3.85609672343518	32.245298429595	1.47260164559906
chr22	28028937	28029437	chr22:28028937-28029437	53.0320618819646	40.8928149037304	52.7586086931264	66.7250148493773	6.59890445701419	64.5852499551967	1.21785289244356
chr22	28058537	28059037	chr22:28058537-28059037	29.246955107297	20.977458620179	29.0088514953963	38.8691524899742	4.57405874227425	40.8844200413754	1.39790347034023
chr22	28065262	28065762	chr22:28065262-28065762	113.854155932056	95.2717610840689	113.567128484227	134.067547668229	9.90363080112487	132.162696894809	1.16080696231834
chr22	28066604	28067104	chr22:28066604-28067104	81.6022541670141	66.2182860463389	81.3237044146101	98.5689917518996	8.26029357937183	97.5918039501549	1.19594495208938
chr22	28081379	28081879	chr22:28081379-28081879	18.1744764339546	12.229278221315	17.9704325347456	25.2787381356908	3.33882367579373	29.6303545664833	1.6303278212255
chr22	28108289	28108789	chr22:28108289-28108789	15.3939078591251	10.1640086083042	15.2058421628243	21.6920656232576	2.95032196080967	27.2244391449134	1.76852033895834
chr22	28114084	28114584	chr22:28114084-28114584	191.369975738415	167.411370878242	191.09212561556	216.907492861588	12.6316180421813	229.524808554143	1.19937731960567
chr22	28115559	28116059	chr22:28115559-28116059	79.6515669072092	64.9001060727618	79.3896919622525	95.8910551308483	7.91283762723554	101.326756107885	1.27212508230913
chr22	28122642	28123142	chr22:28122642-28123142	330.853636955476	299.025876247397	330.574467162491	364.267845785848	16.6473613729818	394.985371792681	1.19383717654534
chr22	28181105	28181605	chr22:28181105-28181605	13.5001593696942	8.933489706159	13.3368225786567	18.9946256931239	2.57482030728235	27.4905823184593	2.03631539196282
chr22	28225525	28226025	chr22:28225525-28226025	26.2643463378044	19.5094147737264	26.0903255068452	34.007973262337	3.70512313646175	50.2490553111715	1.91320410814275
chr22	28238528	28239028	chr22:28238528-28239028	28.0480596568902	21.1929110419987	27.8815833778017	35.8490646214524	3.74471879228156	56.1005636465778	2.00015845419796
chr22	28242941	28243441	chr22:28242941-28243441	145.736878941797	128.488559932082	145.548493642421	164.055723525862	9.07650922588878	257.810868719212	1.76901598683319
chr22	28245468	28245968	chr22:28245468-28245968	25.2875533516949	18.964610909815	25.1299042347677	32.5061891678143	3.46021055028305	53.4082775787414	2.11203815711027
chr22	28276805	28277305	chr22:28276805-28277305	43.0164200141441	35.39309292926	42.8875225926556	51.372176962942	4.07958534540505	111.182511942922	2.58465283504217
chr22	28279613	28280113	chr22:28279613-28280113	24.1783383354867	18.8214246702561	24.0620640661842	30.1959078202994	2.90537724294223	69.2544747922012	2.86431903761376
chr22	28282483	28282983	chr22:28282483-28282983	22.3410176889479	17.3323067710991	22.2308307608139	27.9757939576128	2.71874717006102	67.5255702335285	3.02249302935441
chr22	28307352	28307852	chr22:28307352-28307852	30.7770633153809	26.8854940516019	30.7314508188675	34.9278300441265	2.05245415750616	224.857524170356	7.30600973413807
chr22	28309117	28309617	chr22:28309117-28309617	142.442755726769	134.582945964727	142.404059001303	150.522473526395	4.06657147808007	1226.94166165646	8.61357712013071
chr22	28314418	28314918	chr22:28314418-28314918	41.347186576331	37.4641677641836	41.3139778955637	45.4189218323802	2.02974023303369	414.964559625517	10.0361014614489
chr22	28315157	28315657	chr22:28315157-28315657	159.369889660205	151.58649919132	159.336083164821	167.345398112297	4.02042560441294	1571.3339126402	9.8596661890804
chr22	28348120	28348620	chr22:28348120-28348620	87.4818956561252	76.6899130303778	87.35869706789	98.9739682540656	5.68691916246742	236.636787352465	2.70498010562825
chr22	28361506	28362006	chr22:28361506-28362006	25.1437826039739	19.3578498345806	25.0126598474001	31.6747268116515	3.14642744774688	63.8595394608517	2.53977456243036
chr22	28386805	28387305	chr22:28386805-28387305	53.0404685362871	43.4966593144444	52.8763665089963	63.516746199905	5.11141587980401	107.679310957524	2.03013498803948
chr22	28405200	28405700	chr22:28405200-28405700	43.3506260044807	34.5407918425799	43.177164562873	53.1460768781748	4.75132898955288	83.2454568730105	1.92028269359723
chr22	28415997	28416497	chr22:28415997-28416497	17.0729169782517	12.0570921816075	16.9217604760701	22.9474598796215	2.78467069490833	37.5896055140322	2.20170961774814
chr22	28421156	28421656	chr22:28421156-28421656	19.8215126859988	14.260261720905	19.6628491432189	26.2841588487797	3.07383109879527	41.582786572725	2.09786141105657
chr22	28423404	28423904	chr22:28423404-28423904	36.1966078627059	28.0839479811438	36.0181966156397	45.3229734094401	4.4034922658967	67.5680320254833	1.86669514120687
chr22	28428853	28429353	chr22:28428853-28429353	144.285987805412	126.512270828661	144.083401074385	163.21092707829	9.36553325735711	237.346752202328	1.64497437216441
chr22	28430896	28431396	chr22:28430896-28431396	216.613791946544	194.505489290693	216.407400961564	239.894955140743	11.5820616300184	349.784424451349	1.61478371856243
chr22	28447626	28448126	chr22:28447626-28448126	28.0594931534124	20.9645563076047	27.8802888121602	36.1725847531949	3.88618530521601	52.1329899507259	1.85794481980463
chr22	28471136	28471636	chr22:28471136-28471636	47.9324679482284	37.9839283314966	47.7318909847832	59.0206880410455	5.37252585008677	79.5980729105244	1.66062955482488
chr22	28508627	28509127	chr22:28508627-28509127	63.5841669367618	51.7246173636093	63.3719685125756	76.6494693886756	6.36407980482737	99.8221080926195	1.5699208293772
chr22	28516945	28517726	chr22:28516945-28517726	16.1768259239537	11.0997383147742	16.0111580803513	22.1950195523551	2.83809743622839	32.4886766364131	2.00834680357819
chr22	28637820	28638320	chr22:28637820-28638320	138.90748616037	120.506623852271	138.680778801622	158.596627808945	9.72118944486911	204.179666624786	1.4698967799983
chr22	28639477	28639977	chr22:28639477-28639977	36.0404790018092	27.5103274172401	35.8408374571565	45.704936951832	4.64832866613637	60.1156369727653	1.66800327403383
chr22	28640748	28641248	chr22:28640748-28641248	44.0522243697255	34.4271039626625	43.8465816967907	54.845786983204	5.21533882310666	71.3461640994983	1.61958142001406
chr22	28643653	28644153	chr22:28643653-28644153	96.0805754057771	81.0459148751971	95.8587831800788	112.375552217228	7.99725563440701	144.340841684834	1.50228952184392
chr22	28671634	28672134	chr22:28671634-28672134	14.3212946251717	9.65684833885076	14.1620570862836	19.8902874212919	2.61824505876329	29.9187864238187	2.08911185803218
chr22	28693593	28694093	chr22:28693593-28694093	32.3982350509699	24.4598276041573	32.2048889991358	41.4351615387054	4.33731755492356	55.7956400434408	1.72218146931959
chr22	28711914	28712414	chr22:28711914-28712414	129.455559514076	111.952554472689	129.235123568251	148.211202808989	9.25396974156168	195.697492925272	1.51169632003323
chr22	28721938	28722438	chr22:28721938-28722438	10.6709638315799	6.91384844231788	10.5297184623754	15.2303548644755	2.12897153690771	25.1227736435255	2.35431157297869
chr22	28747549	28748049	chr22:28747549-28748049	26.0500643029239	19.1959841137559	25.8687398839834	33.9343216941627	3.7667295941569	47.8287147743372	1.8360305839617
chr22	28754296	28754796	chr22:28754296-28754796	17.0079943288384	11.8272592169152	16.8449455362344	23.1149810877966	2.88682810349795	34.7107786151281	2.04085078722499
chr22	28765799	28766299	chr22:28765799-28766299	67.8728469527475	55.8023475901948	67.6679662635998	81.1075325853238	6.46064954623331	110.367134036558	1.62608670464928
chr22	28769732	28770232	chr22:28769732-28770232	18.80862045436	13.2869075362932	18.6423639557577	25.2748348798595	3.06530566599629	37.6501152177841	2.00174783201904
chr22	28775007	28775507	chr22:28775007-28775507	18.8044575668044	13.2907132652126	18.6386833415205	25.2599644525842	3.0605112024845	37.7514531654416	2.0075800129478
chr22	28792013	28792513	chr22:28792013-28792513	47.2034238005203	37.4911850835976	47.0095195989378	58.0174315305571	5.24204152184263	81.0860392989488	1.71779995539338
chr22	28805970	28806930	chr22:28805970-28806930	41.0727515875326	32.2334478666829	40.8871061041763	50.9668813799449	4.784706309035	73.6880435919512	1.79408587795513
chr22	28838180	28838680	chr22:28838180-28838680	73.2024743502244	61.0382839911127	73.0108506380079	86.4555380087555	6.48857827368526	127.277731485628	1.73870805072367
chr22	28839479	28839979	chr22:28839479-28839979	25.0347866874878	18.576443080801	24.8678156699235	32.4417706964921	3.54334096779323	49.9185428426528	1.99396717318952
chr22	28844634	28845134	chr22:28844634-28845134	103.353318981439	88.6572029027678	103.157903055389	119.159887850228	7.78531156690616	176.236906111415	1.70518864655972
chr22	28858084	28858584	chr22:28858084-28858584	17.822157136526	12.6612581958352	17.6692844966363	23.8515328430998	2.86115030573557	38.8006669049902	2.1771027271143
chr22	28870245	28870745	chr22:28870245-28870745	17.8075595925671	12.6740766947369	17.6563128532274	23.800285248199	2.8447069922058	39.1862524715397	2.20054029682406
chr22	28940472	28940972	chr22:28940472-28940972	49.6564992995137	40.487283992984	49.4942559667907	59.7476153692882	4.91766341404602	101.961120062246	2.05332879885966
chr22	28956243	28956743	chr22:28956243-28956743	299.37531790959	275.55487809141	299.204032445875	324.169137776613	12.4036922231461	582.545727037228	1.94587092584952
chr22	28970391	28970891	chr22:28970391-28970891	30.743198633693	23.9722251652477	30.5972214061846	38.3435983417228	3.67081249153809	70.1412821546312	2.28152193889675
chr22	28984532	28985032	chr22:28984532-28985032	16.6890008364871	12.1042490292778	16.5614109302693	21.9986231983498	2.52919422167542	43.5407906435588	2.60895131291298
chr22	28985157	28985657	chr22:28985157-28985657	27.1957537767759	20.9864327854815	27.0562876198887	34.1974942628329	3.37477601097699	64.9400015099689	2.38787282908205
chr22	28990563	28991063	chr22:28990563-28991063	76.2514923037217	65.1170074376647	76.0991190730788	88.2518358992749	5.90495362906214	166.749182027242	2.18683171947709
chr22	28996462	28996962	chr22:28996462-28996962	41.4927822620846	33.6243268697646	41.3493789307353	50.1760796777835	4.22630246575658	96.3882207720119	2.32301175089167
chr22	29004419	29004919	chr22:29004419-29004919	17.5044484685998	12.8621854193198	17.3804945155199	22.8509406653871	2.5529426098669	47.0126529239626	2.68575459594148
chr22	29005835	29006335	chr22:29005835-29006335	118.236946247067	104.381341077626	118.087204710881	132.943479298323	7.28882202940698	263.142936336362	2.22555592552686
chr22	29016435	29016935	chr22:29016435-29016935	35.4006302875229	28.387890111786	35.2664473658681	43.1758107956448	3.77625948544083	87.8816759529469	2.48248901895741
chr22	29025319	29025819	chr22:29025319-29025819	17.4113720814471	12.8904095736779	17.2936015700419	22.6014414765541	2.48175521230438	49.2207364761708	2.826930367459
chr22	29051997	29052497	chr22:29051997-29052497	102.458982803127	90.5542837070504	102.33148749919	115.088192966095	6.26081484248753	267.817134881925	2.61389609339115
chr22	29058111	29058611	chr22:29058111-29058611	8.53825108630162	5.83297889135087	8.4489533524225	11.7507908355931	1.51382213605513	31.8117925115743	3.72579726105873
chr22	29058785	29059285	chr22:29058785-29059285	11.1392927526822	7.91573483105382	11.0438819023166	14.904884531833	1.78699302692387	38.8570226034033	3.48828453171294
chr22	29066190	29066690	chr22:29066190-29066690	19.6307609283745	15.0884335313453	19.5271696284645	24.7616705142805	2.47113242392183	63.1076821998039	3.21473438701947
chr22	29069959	29070459	chr22:29069959-29070459	91.6567255677812	80.947377150478	91.5413471801427	103.02172850856	5.63318102356555	264.741034057771	2.88839724982311
chr22	29075393	29075893	chr22:29075393-29075893	24.4229854380424	19.3622561415481	24.3211426247496	30.0623870257704	2.7326693821702	79.8772894961022	3.27057843516877
chr22	29075905	29076405	chr22:29075905-29076405	16.9774985185991	12.9119968276191	16.8810635991741	21.5909129707701	2.21735699496472	58.6240964256357	3.4530467701948
chr22	29136083	29136583	chr22:29136083-29136583	26.3497976986095	23.3447345934302	26.3182456884964	29.5341601239637	1.57946165601977	278.314860658686	10.5623148929668
chr22	29137589	29138089	chr22:29137589-29138089	50.0435395211507	45.8460214535831	50.0116485756561	54.4222868222441	2.18822994513087	523.010158965951	10.4511024593875
chr22	29138315	29138815	chr22:29138315-29138815	40.6635407676734	36.9001635670169	40.6318457286622	44.60703293541	1.96647753936178	427.594788420364	10.5154342280073
chr22	29168394	29168894	chr22:29168394-29168894	76.1301698181549	70.4342334328044	76.0917530676295	82.0444212524219	2.96223039598168	660.504725529948	8.67599175343539
chr22	29169274	29169774	chr22:29169274-29169774	20.3254807368398	17.4917102523778	20.2885922247407	23.368871135343	1.50001929336241	183.606462203223	9.03331461530638
chr22	29175750	29176250	chr22:29175750-29176250	81.1669508032887	74.9620517239817	81.1241540933276	87.6150551944837	3.22831425586438	632.130658830875	7.78803013510843
chr22	29190139	29190639	chr22:29190139-29190639	24.8616304001406	21.864789821944	24.8282537012267	28.0481383361307	1.5779710869723	248.233921896114	9.98461958853313
chr22	29195203	29195703	chr22:29195203-29195703	58.6809108523322	54.1870030381416	58.6498579048904	63.3512864656871	2.33819597174198	629.84237613174	10.7333435521597
chr22	29196428	29196928	chr22:29196428-29196928	198.288041782479	189.8854949808	198.25648060281	206.8699470861	4.3330295312713	2094.1594690124	10.5611990021551
chr22	29198149	29198649	chr22:29198149-29198649	216.718131391837	207.901242656925	216.686363561987	225.715553083732	4.54472579172059	2273.91970377937	10.4925217339938
chr22	29207605	29208105	chr22:29207605-29208105	40.6393150895182	35.9583360146879	40.5896450099632	45.6025520321241	2.46109572594558	272.668988826982	6.7094878008244
chr22	29218848	29219348	chr22:29218848-29219348	38.2089886539879	32.9278283097379	38.1408798667163	43.8771794021209	2.79456330755665	186.940405406511	4.89257664209333
chr22	29225308	29225808	chr22:29225308-29225808	27.8533791756429	23.1970158000549	27.7795419420202	32.9293111385902	2.48450564659085	125.68278814288	4.51229947182807
chr22	29251530	29252030	chr22:29251530-29252030	47.7609713861911	40.7696858819628	47.665043385974	55.2973661837533	3.70806763420276	165.9017657072	3.47358441196124
chr22	29252314	29252814	chr22:29252314-29252814	14.7820743695182	11.2178142758036	14.6968562653623	18.8305152405453	1.94499531393987	57.7608595170129	3.90749350010851
chr22	29264402	29264902	chr22:29264402-29264902	43.8187889262176	36.9484953191132	43.7172198524803	51.2662403226926	3.65478070060327	143.746769948901	3.28048249327343
chr22	29269542	29270042	chr22:29269542-29270042	29.6207109007586	24.05697178286	29.5203812581564	35.7545415498892	2.98678774562421	98.3517820214447	3.32037209879814
chr22	29278606	29279106	chr22:29278606-29279106	66.9403580524535	58.0643241193271	66.8308879081041	76.4384631376162	4.68938359252202	203.772016340346	3.04408315504786
chr22	29279233	29279733	chr22:29279233-29279733	90.4079327756393	79.9692454901196	90.2968825735086	101.477679770914	5.48871993337814	271.313207554412	3.00098895334457
chr22	29281414	29282202	chr22:29281414-29282202	45.61347817806	38.3877625967598	45.5054486392676	53.4530614210337	3.84565399777108	140.684407343514	3.08427274048975
chr22	29283076	29283576	chr22:29283076-29283576	38.9998270819545	32.3654412985954	38.8925922560928	46.2435557749644	3.54296154269365	121.169268577634	3.10691809794458
chr22	29287651	29288609	chr22:29287651-29288609	34.823075838499	28.5631585799095	34.7155520773395	41.6939699350737	3.35247938574764	107.895175352372	3.0983815402397
chr22	29305198	29305698	chr22:29305198-29305698	92.6519457233494	81.7559599168078	92.533744429019	104.219627199436	5.73255658675875	261.223586213885	2.81940745199108
chr22	29308078	29308578	chr22:29308078-29308578	19.3028110468929	14.791165136672	19.1987275146766	24.4058332778038	2.45624459473569	61.7586643344077	3.19946479216812
chr22	29313658	29314158	chr22:29313658-29314158	13.9928344245917	10.2845847783648	13.8939045513068	18.2631422293634	2.039166918148	47.0875220624887	3.36511679004325
chr22	29323553	29324053	chr22:29323553-29324053	29.8295669592738	23.9365742816842	29.7171536765085	36.3613033123091	3.17277405727365	88.3925383823526	2.96325248378679
chr22	29326379	29326879	chr22:29326379-29326879	18.4482500687746	14.0149783139688	18.3426651395059	23.4814210546628	2.41858778586236	58.1817316910328	3.15378051978549
chr22	29358034	29358534	chr22:29358034-29358534	40.2513714487182	33.2176641923303	40.1342728621968	47.9504666311526	3.761313622884	114.52024558928	2.84512655016446
chr22	29372436	29372936	chr22:29372436-29372936	28.2138667371251	22.4698911192168	28.1005431796964	34.601752181847	3.09818922934854	82.92955630227	2.93931906161404
chr22	29374011	29374511	chr22:29374011-29374511	27.3406293708828	21.7011415650626	27.2277207285034	33.6216666541949	3.04430945535706	80.6565092501251	2.95006044506139
chr22	29419157	29419657	chr22:29419157-29419657	16.7456684963649	12.5746761269804	16.6421369701197	21.5048829166526	2.28185935637649	53.8551491669261	3.21606445145005
chr22	29425889	29426389	chr22:29425889-29426389	63.8103131989775	54.8065159186752	63.6915796304386	73.4888158425075	4.76831392355349	179.082056645402	2.80647512396588
chr22	29426513	29427013	chr22:29426513-29427013	33.5358705908609	27.2476287576763	33.4226939013747	40.4672035487619	3.37539648683661	98.7119161095755	2.94347259726355
chr22	29427324	29427824	chr22:29427324-29427824	128.49540587648	115.408161139793	128.373499965924	142.275406908307	6.85572645166665	351.291983946722	2.73388750010573
chr22	29436647	29437147	chr22:29436647-29437147	80.5758284652468	70.4071507439845	80.4568887032687	91.4203931490286	5.36270180476639	225.757538946854	2.8018022680862
chr22	29454969	29455469	chr22:29454969-29455469	27.4330913079292	21.9060736863985	27.3253170878629	33.5724892231926	2.97925667260083	84.7878565916986	3.09071462781855
chr22	29461440	29461940	chr22:29461440-29461940	18.5478410996864	14.1843297769486	18.4464213600122	23.4875920648342	2.37673752193721	60.9009809809329	3.28345388844001
chr22	29468520	29469020	chr22:29468520-29469020	171.825377312118	156.944859528475	171.708478748786	187.370202849663	7.76309954849564	489.896460773465	2.85112984145279
chr22	29474758	29475258	chr22:29474758-29475258	46.5296809112985	39.1661378163799	46.4197098113398	54.5181245230699	3.91883052480285	140.9766492779	3.0298219656105
chr22	29475307	29475807	chr22:29475307-29475807	27.4487503681296	21.9906965696692	27.3438735214385	33.5027238535911	2.93974726936472	87.1816659786419	3.17616156689841
chr22	29479887	29480387	chr22:29479887-29480387	80.0963840494096	70.2390405062808	79.9841414192143	90.591559256914	5.19397913692079	237.807429704396	2.96901579923631
chr22	29485427	29485927	chr22:29485427-29485927	23.9092681288328	18.9119101320434	23.8077160567761	29.4836447072477	2.69993358554409	78.4199213277251	3.27989635254275
chr22	29492884	29493384	chr22:29492884-29493384	209.775874817762	193.618086908521	209.66355380633	226.571960815126	8.40793964467068	622.489328720735	2.96740189624526
chr22	29499034	29499534	chr22:29499034-29499534	24.8056189998255	19.7584858154694	24.7061091755468	30.4181718327523	2.72222710244095	83.0331341091348	3.34735182821759
chr22	29505791	29506291	chr22:29505791-29506291	159.151546210639	145.344933098604	159.042889064708	173.575632933443	7.20313552004274	488.178392758011	3.0673807724865
chr22	29514087	29514587	chr22:29514087-29514587	69.1240590000164	60.3258636177196	69.0202055391341	78.5124113556528	4.64134496861544	221.804711574694	3.20879176922527
chr22	29521758	29522258	chr22:29521758-29522258	31.9029171813337	26.2105628620633	31.8059446028279	38.1462948996909	3.04732044627012	109.603530004337	3.43553316398494
chr22	29525303	29525803	chr22:29525303-29525803	85.9500989329414	76.2072957604554	85.8484613144041	96.2704743798803	5.11984462768888	281.824794255824	3.27893507691834
chr22	29548756	29549256	chr22:29548756-29549256	479.40816554233	456.584363064506	479.31159060477	502.780791243016	11.7856445162296	1654.64251344814	3.45142747323948
chr22	29550292	29550792	chr22:29550292-29550792	94.0730359066341	84.2560959941649	93.9792166480837	104.423122748691	5.14609450577744	334.175652169304	3.55230007141438
chr22	29553660	29554160	chr22:29553660-29554160	59.5169156983459	51.8738495212974	59.4258338730783	67.6775622882625	4.03325702948221	217.755450910852	3.65871531405489
chr22	29588392	29588892	chr22:29588392-29588892	68.4584451328431	60.8979201754419	68.3817233530323	76.4549550896305	3.96987477061584	297.372255957093	4.34383596326274
chr22	29591523	29592023	chr22:29591523-29592023	356.807459460489	339.224966527509	356.73038794783	374.827939863874	9.08307441830228	1543.12854724558	4.32482143052409
chr22	29593005	29593505	chr22:29593005-29593505	56.7149322153312	49.9787660229048	56.6410820764708	63.8707619061021	3.54515600177499	255.931730541561	4.51259872038385
chr22	29598270	29598770	chr22:29598270-29598770	164.250190036708	152.724373569914	164.177458442525	176.189327218771	5.98676520199926	752.709348800904	4.58270001777583
chr22	29599423	29599923	chr22:29599423-29599923	26.813648119752	22.4357305344067	26.7459988504801	31.5759740269043	2.33328541347918	132.061455470172	4.92515807175415
chr22	29641481	29641981	chr22:29641481-29641981	36.8700457532604	32.9951177298674	36.832735056033	40.9569992487679	2.03167046532733	329.337222552657	8.93237900372102
chr22	29662541	29663041	chr22:29662541-29663041	44.5302139462145	42.0204346591934	44.5175848324736	47.1117626743746	1.29892898545601	1175.27296776389	26.392708761369
chr22	29663794	29664294	chr22:29663794-29664294	497.889733589151	489.377102615082	497.876996626821	506.474747600923	4.36175364610413	13029.9898378656	26.1704328465181
chr22	29666331	29666831	chr22:29666331-29666831	192.513696343241	187.241540591792	192.500995493655	197.858029796281	2.70838485868174	5052.45566230609	26.2446556181532
chr22	29699515	29700015	chr22:29699515-29700015	100.180630304753	93.5535682460023	100.141290810122	107.031252140817	3.43860319880417	848.796136127768	8.47265717480219
chr22	29702164	29702664	chr22:29702164-29702664	90.7047439542731	84.3189311568068	90.6643105443499	97.3203326038991	3.31713412038793	747.711293577047	8.24335377600526
chr22	29706861	29707361	chr22:29706861-29707361	78.2335923219578	72.1918258148031	78.1914775964523	84.5146884566005	3.14409056544707	619.150817106244	7.9141299629733
chr22	29716516	29717016	chr22:29716516-29717016	29.2974743729974	25.3062260437281	29.2467969507238	33.5766993854197	2.11081372732888	192.646244129219	6.57552394027435
chr22	29721744	29722244	chr22:29721744-29722244	12.6366597336912	10.0797933240975	12.5865621999765	15.4781832741861	1.3786017300827	84.020825571956	6.64897428138736
chr22	29738444	29738944	chr22:29738444-29738944	17.9156981018234	14.669277454743	17.8594411103204	21.4817843703773	1.73935202316554	106.094408941876	5.92186853891434
chr22	29756804	29757304	chr22:29756804-29757304	20.3265904835472	16.8851200450584	20.2712531072005	24.0825060912763	1.83741672380446	122.380928923733	6.02073077739183
chr22	29760084	29760584	chr22:29760084-29760584	123.849838411253	114.932907600665	123.792050429911	133.0951677463	4.63388375994173	714.332842295054	5.76773334110504
chr22	29765282	29765782	chr22:29765282-29765782	73.2343633657804	66.6433143902578	73.1804567289823	80.1317507593349	3.44165747344232	452.787605435318	6.18272057850492
chr22	29766414	29766914	chr22:29766414-29766914	28.0425645058085	24.1207810395257	27.9913424195592	32.2554186583569	2.07619820728473	182.430660983426	6.50549135567251
chr22	29778846	29779346	chr22:29778846-29779346	67.8319761362697	62.9667454086307	67.8005701667756	72.8756812665701	2.52814424402537	719.888507962982	10.6128193363669
chr22	29779680	29780180	chr22:29779680-29780180	31.9901446969483	28.7812394669429	31.9607308470494	35.3662005782102	1.68027437806872	362.469942483835	11.3306753038355
chr22	29784414	29784914	chr22:29784414-29784914	130.362632254902	123.723601054468	130.332530446014	137.172728057786	3.43117130905477	1443.51545710347	11.0730769403377
chr22	29789176	29789676	chr22:29789176-29789676	28.3629222337127	25.3403682650742	28.3333881467733	31.5533093495642	1.58539740866044	320.055769481368	11.2843016260484
chr22	29790887	29791387	chr22:29790887-29791387	62.2136385077598	57.299595239574	62.178571734135	67.326959099845	2.55842746603582	591.323290866278	9.50472123234719
chr22	29800452	29800952	chr22:29800452-29800952	19.1480035578836	15.9505447042179	19.0973629370048	22.6332199260053	1.70598163718718	125.97904001002	6.5792258513631
chr22	29804991	29805491	chr22:29804991-29805491	20.1441351975293	16.7148272762392	20.088660758159	23.8886667463488	1.83142067325824	120.982075463324	6.0058212614738
chr22	29808633	29809133	chr22:29808633-29809133	29.9705141438824	25.5983750755669	29.9107451799327	34.6822895573781	2.31858372796937	167.087060770687	5.57504819465346
chr22	29816031	29816531	chr22:29816031-29816531	96.5020889009528	88.0312258789285	96.4345970209219	105.356492537209	4.42060562622916	476.551547692696	4.9382511106243
chr22	29819109	29819609	chr22:29819109-29819609	17.8932354112057	14.4586507925906	17.8297890560683	21.6883317301393	1.84606058662753	93.9476348326567	5.25045541924865
chr22	29827948	29828448	chr22:29827948-29828448	42.289233374578	36.6022203397007	42.2180234537391	48.3809006268522	3.00615201802862	197.896333189449	4.67959140891908
chr22	29839969	29840469	chr22:29839969-29840469	10.2123583459815	7.64703470957429	10.1480547727512	13.1430258993523	1.40438562204763	52.8785261701212	5.17789568076882
chr22	29853735	29854235	chr22:29853735-29854235	66.6261454326424	59.0924911717013	66.5477604176203	74.6052353742255	3.95863066523915	283.269233757705	4.25162272135469
chr22	29866310	29866810	chr22:29866310-29866810	46.2696390132256	40.046486197127	46.1917042557219	52.9356602857796	3.28957240260813	197.839644686679	4.27579831842062
chr22	29873847	29874347	chr22:29873847-29874347	74.3799900194663	66.3879699306399	74.3012144646431	82.819667094107	4.19300485120391	314.674464461556	4.23063332462402
chr22	29874505	29875005	chr22:29874505-29875005	36.9128612196653	31.432471905061	36.836501863851	42.8271603306688	2.90844391347437	161.077185745584	4.36371444594953
chr22	29876860	29877360	chr22:29876860-29877360	294.394421282666	278.111310681913	294.314056583012	311.134233123526	8.42497499274684	1221.01756337689	4.14755673037878
chr22	29877506	29878006	chr22:29877506-29878006	65.5559739463974	58.092984930387	65.477763981666	73.4634036115449	3.92232828515515	279.342276663328	4.26112617732956
chr22	29899908	29900408	chr22:29899908-29900408	187.625328593949	175.003241244458	187.549086241178	200.680688275054	6.5511900837923	820.242995160244	4.37170717465008
chr22	29911916	29912416	chr22:29911916-29912416	10.9651308114233	8.37028495136019	10.9044114457298	13.9049668292284	1.41399065107879	60.1360028864052	5.4842941612476
chr22	29916814	29917314	chr22:29916814-29917314	41.0934725739533	35.6836842027254	41.0272656082819	46.8794866423842	2.8573354108981	206.834622615079	5.03327194465865
chr22	29920411	29920911	chr22:29920411-29920911	17.6194978928175	14.293579232683	17.5591920593848	21.2880849536445	1.78595207168742	97.3301642766438	5.52400328708117
chr22	29924781	29925281	chr22:29924781-29925281	15.8762960874368	12.8165509216911	15.819519687945	19.258652890885	1.6449695955802	93.1499506507967	5.8672344064248
chr22	29929044	29930007	chr22:29929044-29930007	17.3952161373473	14.2725391747931	17.3416617261819	20.8222027309908	1.67221654246266	108.21180164075	6.22077936751935
chr22	29935129	29935629	chr22:29935129-29935629	37.4780421621919	33.0137915280094	37.4289484867292	42.2212742281141	2.34970049087511	254.406835343015	6.78815702917539
chr22	29949609	29950109	chr22:29949609-29950109	132.99388074632	126.431146652909	132.965072271278	139.720329685612	3.39035329280802	1538.76891707177	11.5702234451442
chr22	29959610	29960110	chr22:29959610-29960110	47.6656382829657	43.1533521227978	47.6267228363188	52.3990708673178	2.35915185062522	408.224470342126	8.56433449854826
chr22	29965131	29965631	chr22:29965131-29965631	53.2790543860071	48.253802187901	53.2358813393412	58.5496479056085	2.62709964788944	411.301150211978	7.71975319291702
chr22	29975879	29976379	chr22:29975879-29976379	31.2870409227025	27.6916933433973	31.2489850912002	35.0986466669315	1.89016846745838	273.985735531065	8.75716358756878
chr22	29976436	29976936	chr22:29976436-29976936	23.7497447875365	20.6463228104604	23.7120654470352	27.0672824440718	1.63871385492755	210.044659111608	8.84408068342005
chr22	29976942	29977442	chr22:29976942-29977442	104.907826442665	98.141771217837	104.868701132808	111.896224435086	3.50919798690239	893.71703305014	8.51906919965192
chr22	29977713	29978213	chr22:29977713-29978213	42.1559883472292	37.9397864693258	42.1174610393443	46.5911301457255	2.20754681321351	364.668883689686	8.65046457186561
chr22	29983938	29984438	chr22:29983938-29984438	17.7242860134995	14.97931349037	17.6842451470233	20.6967879312754	1.45943317611903	147.492205594612	8.32147514897224
chr22	29985886	29986386	chr22:29985886-29986386	54.0961319924393	48.9881638736034	54.0521972605634	59.4537698764703	2.67041716781714	410.368676319922	7.58591531788774
chr22	29989968	29990468	chr22:29989968-29990468	35.3423097552139	31.2575491239319	35.2988087011693	39.6742717366506	2.14785805710943	270.756382665968	7.66097022354415
chr22	29993275	29993775	chr22:29993275-29993775	19.6746743424741	16.8303692203435	19.6361704460663	22.7377776559793	1.5077956794175	170.266855756087	8.6541130385326
chr22	29999136	29999636	chr22:29999136-29999636	118.55864463144	111.349902458337	118.519421308479	125.990286920957	3.73518579664421	1007.49298893792	8.49784502909833
chr22	30000595	30001095	chr22:30000595-30001095	37.2097689396983	33.238263627074	37.1708985552896	41.402162683185	2.08323813012254	319.033372222443	8.57391435941095
chr22	30019557	30020057	chr22:30019557-30020057	28.9557023143932	24.5017837140872	28.8912131995502	33.7760761997148	2.36732086323256	149.607703019338	5.16677859838929
chr22	30020313	30020813	chr22:30020313-30020813	22.4585468362244	18.5740372585919	22.3946020426957	26.7064100250343	2.076177068764	117.01311054564	5.21018173610878
chr22	30021433	30021933	chr22:30021433-30021933	62.5212772848922	55.6911028218444	62.4527608213251	69.7408089629856	3.58520824683883	304.107345490436	4.86406162344866
chr22	30025295	30025795	chr22:30025295-30025795	25.7812937592207	21.4696157046461	25.7128924873483	30.4816513618006	2.30063573946881	125.578037152686	4.87089741599073
chr22	30029433	30029933	chr22:30029433-30029933	36.2495586038865	30.9484213321274	36.1768969404921	41.9635946535119	2.81152693932898	166.234417943173	4.58583288584788
chr22	30031746	30032246	chr22:30031746-30032246	28.3681969549849	23.6983626921526	28.2953870494385	33.4517635055854	2.48983837379011	129.813887210215	4.5760358832888
chr22	30054092	30054592	chr22:30054092-30054592	26.5862430939698	21.8402249124876	26.5053485402765	31.7919251034588	2.54077790381036	109.491532686734	4.11835295042378
chr22	30085589	30086089	chr22:30085589-30086089	20.2156120719659	16.0632822210771	20.1328698191269	24.8380859498212	2.24092145668728	81.380531182657	4.02562786092991
chr22	30097125	30097625	chr22:30097125-30097625	83.0674760666314	74.0158944828595	82.976921339459	92.6336514029657	4.75087762824311	305.713306132244	3.68030089041131
chr22	30112736	30113236	chr22:30112736-30113236	29.5000231571538	24.4201624425046	29.4168078996722	35.0527385504289	2.71445472242783	118.10805289984	4.00365966733821
chr22	30122003	30122503	chr22:30122003-30122503	41.477422351644	35.447044825413	41.3952853906521	47.9745423183986	3.19751415095637	168.266851121368	4.05682999523953
chr22	30123090	30123590	chr22:30123090-30123590	37.2146239780614	31.5481775290598	37.1334793054536	43.3421706792413	3.01045316861071	152.81413207662	4.10629252002402
chr22	30128178	30128678	chr22:30128178-30128678	28.2127138095877	23.4260835446122	28.135570428962	33.4376979308211	2.55586754451258	121.846494875179	4.31885056140083
chr22	30129410	30129910	chr22:30129410-30129910	18.9259138413505	15.1304289640094	18.8522855616367	23.1397601197474	2.04532517743359	85.6227137684432	4.52409931093364
chr22	30146981	30147481	chr22:30146981-30147481	54.7200805765976	48.6486270780133	54.6581646406486	61.1433821198613	3.18844522456525	294.534067803073	5.38255910260916
chr22	30162855	30163355	chr22:30162855-30163355	73.0529634587021	67.8213931670373	73.0192471003519	78.4761376826043	2.71842718850387	722.171368152086	9.88558620979613
chr22	30168233	30168733	chr22:30168233-30168733	29.9424065204926	26.622129667427	29.9085680999386	33.4549760774018	1.74362350362762	294.895384687748	9.84875362258947
chr22	30176733	30177233	chr22:30176733-30177233	131.990075409475	122.726016583789	131.93160308077	141.586422078099	4.81197733492698	752.376821573563	5.70025298674503
chr22	30194347	30194847	chr22:30194347-30194847	31.1586697080386	26.2367792168786	31.0853117343811	36.4974101864741	2.61917745041413	141.52330725127	4.54202020103439
chr22	30195140	30195640	chr22:30195140-30195640	123.896869701852	113.585957976546	123.819171185815	134.649325185537	5.37429357672083	531.46894740388	4.28960754765489
chr22	30209525	30210025	chr22:30209525-30210025	69.4774951948804	61.7880260623637	69.3992880789348	77.6113899269312	4.03784236381055	296.066715191015	4.26133259929082
chr22	30217280	30217780	chr22:30217280-30217780	199.985096208739	187.031030571666	199.909852073726	213.366761964247	6.71908758322084	885.879513083344	4.42972766409896
chr22	30223160	30223660	chr22:30223160-30223660	36.2710954043832	31.2789629139339	36.2070069961851	41.6274125801192	2.64118657088811	188.591963652326	5.19951111345635
chr22	30227441	30227941	chr22:30227441-30227941	15.1210241802935	12.3085929232589	15.0708588324014	18.2185049538361	1.50897414261527	100.415052579287	6.64075735757061
chr22	30234139	30234639	chr22:30234139-30234639	98.2461524746514	90.991780856101	98.1978902882614	105.774789011296	3.77173242885607	678.49921792467	6.90611490459873
chr22	30236434	30236934	chr22:30236434-30236934	75.2673940920178	68.9358303399033	75.2191436143216	81.8731546638116	3.30095531219556	519.917541539546	6.90760651157822
chr22	30251580	30252080	chr22:30251580-30252080	17.9524919844659	14.2425686148742	17.8780596018029	22.0853415819861	2.00292607643275	80.3377457671249	4.4750191692964
chr22	30267717	30268217	chr22:30267717-30268217	57.4281950230613	49.664786211292	57.3304369234056	65.7471191216642	4.104549076668	195.757958672269	3.40874301540661
chr22	30269991	30270491	chr22:30269991-30270491	19.384277695008	15.1492054491714	19.2938009111172	24.1334304768301	2.29474985658736	71.3556789468064	3.68111105657461
chr22	30278848	30279348	chr22:30278848-30279348	129.998492391255	117.58621236784	129.890476132952	143.024600552128	6.49092307610539	401.110200811114	3.08549886566298
chr22	30288731	30289231	chr22:30288731-30289231	14.5560528602848	10.8511620853896	14.4617557300731	18.7966936693424	2.03041110722281	51.3948126243661	3.53082069141103
chr22	30297355	30297855	chr22:30297355-30297855	42.4788683913433	35.4241523975424	42.3678050564881	50.1646853751805	3.7629958906041	127.431967862483	2.9998908325075
chr22	30303681	30304181	chr22:30303681-30304181	298.977170086933	278.88020119469	298.855876940233	319.763427332533	10.430699702732	821.57869551257	2.74796465319971
chr22	30319606	30320547	chr22:30319606-30320547	25.881805677403	20.4168112875694	25.7694695284372	31.9850914664915	2.9545151968429	76.7390976234311	2.96498237332918
chr22	30334019	30334519	chr22:30334019-30334519	40.1215904283157	32.9869837881993	40.0005014323837	47.9442567876713	3.81873063553273	110.387076037703	2.75131356606935
chr22	30340241	30340741	chr22:30340241-30340741	29.4293834447146	23.4274513952288	29.3107378983907	36.1054647280798	3.2376762538117	82.6219588236659	2.80746482436092
chr22	30342157	30342657	chr22:30342157-30342657	55.3277968223312	46.7282787812726	55.2018639451594	64.6429190751896	4.57288225284909	146.38841743217	2.64583854481416
chr22	30348008	30348508	chr22:30348008-30348508	253.35476557572	233.945521004481	253.220598577931	273.526454823888	10.0987698565816	629.39198102187	2.48423186195707
chr22	30350184	30350684	chr22:30350184-30350684	81.4598320098659	70.7687031483499	81.3294185301428	92.8920448472481	5.64619095603645	208.149751229477	2.55524405211475
chr22	30384071	30384571	chr22:30384071-30384571	18.4042256321985	13.7609274849374	18.2872451105797	23.7121528454524	2.54286724702753	52.3826809657998	2.84623118693761
chr22	30390092	30390592	chr22:30390092-30390592	28.8755455529966	22.7597645766276	28.7493982780655	35.7080916483969	3.30700093416495	76.2415577699028	2.64035038333642
chr22	30390895	30391395	chr22:30390895-30391395	99.3133955880405	87.1109358646155	99.1746913029946	112.30405851645	6.42929717356635	238.610011529041	2.40259644850744
chr22	30394611	30395111	chr22:30394611-30395111	19.3086231775083	14.5037150925848	19.1894847254869	24.7904255433241	2.62846661065087	53.9631987181461	2.79477196390704
chr22	30401201	30401701	chr22:30401201-30401701	58.7733357075322	49.55625631109	58.6370386869478	68.7649115222271	4.90324716062922	143.678937902794	2.44462792817765
chr22	30410188	30410688	chr22:30410188-30410688	115.117341815246	101.795545378308	114.975278743005	129.246433149526	7.00518042043429	270.049175176522	2.34586006693873
chr22	30432564	30433064	chr22:30432564-30433064	30.7699480851927	24.3225384119174	30.638560374195	37.9639017073828	3.48391205456099	78.004410679994	2.53508424726695
chr22	30443178	30443678	chr22:30443178-30443678	22.0529751201016	16.7587172343925	21.9270284223145	28.0628215202035	2.88808391620828	58.3062028351638	2.64391550426304
chr22	30444471	30444971	chr22:30444471-30444971	22.9377798482144	17.5131573809609	22.8109374408919	29.0830849921687	2.95585853140434	60.2192678325373	2.62533114499419
chr22	30470813	30471313	chr22:30470813-30471313	13.1875516516641	9.34910242950323	13.0731548307718	17.6758922292413	2.12906319280616	38.3664170556707	2.90929037239672
chr22	30484900	30485400	chr22:30484900-30485400	116.523156110334	102.84431160016	116.375047494934	131.043649046652	7.19624699605338	262.187725609225	2.25009117810852
chr22	30504510	30505010	chr22:30504510-30505010	30.9707235468563	24.4189044704174	30.835761625889	38.2893926243432	3.5425105827193	76.4329092835144	2.46790841576166
chr22	30523623	30524123	chr22:30523623-30524123	29.2540808715732	22.9153587617222	29.119926116696	36.3550600120014	3.43269354308692	72.6277933285841	2.48265510878375
chr22	30540259	30540759	chr22:30540259-30540759	97.2971848798605	84.8468721778418	97.1493805663447	110.58740883925	6.56920907207539	219.368558720674	2.25462390295817
chr22	30577714	30578214	chr22:30577714-30578214	38.1272704680191	30.7575409742464	37.9900685180826	46.2766004344974	3.96276416515927	92.5710045022851	2.42794732919402
chr22	30579747	30580247	chr22:30579747-30580247	89.378558594749	77.5418387607291	89.2327658679579	102.043755128139	6.25328669340918	204.291366171214	2.28568651568315
chr22	30591198	30591698	chr22:30591198-30591698	53.643333471588	44.7232908854936	53.5027109655848	63.3624424602688	4.75825248005313	127.097365967513	2.36930402609729
chr22	30592051	30592551	chr22:30592051-30592551	112.416147856017	99.0646183083939	112.269776654575	126.599451745446	7.02672810751585	255.94762273097	2.27678698845641
chr22	30604680	30605180	chr22:30604680-30605180	143.48195386013	128.340965785072	143.335536731004	159.45498617975	7.93952755697537	326.5917750763	2.27618711823976
chr22	30612632	30613132	chr22:30612632-30613132	266.214083189907	245.357928782882	266.06651487262	287.908838549917	10.8566070350234	601.275926965107	2.25861802561429
chr22	30615062	30615562	chr22:30615062-30615562	68.8342980564579	58.6705275057659	68.693524121212	79.7980130766158	5.39266406347112	162.930744730834	2.36699943678075
chr22	30627003	30627503	chr22:30627003-30627503	17.767538359339	13.1724649675014	17.6483924198224	23.0395345810977	2.52159381447644	49.6482862872296	2.7943255437596
chr22	30634532	30635032	chr22:30634532-30635032	30.3187245431803	23.9839430852733	30.190045696129	37.3846589297495	3.42242914076004	78.4789031269872	2.5884632124025
chr22	30651879	30652379	chr22:30651879-30652379	64.962395102035	55.3089741609037	64.8277625678249	75.3808613523051	5.12326574809581	160.77935784433	2.47496043813959
chr22	30658907	30659407	chr22:30658907-30659407	46.2180478982754	38.2704386498964	46.088054048632	54.9043224010085	4.24655569444289	118.453950165785	2.56293711120164
chr22	30661959	30662459	chr22:30661959-30662459	23.2010899647351	17.8896078313409	23.0814245359541	29.1924869469929	2.88735169481491	64.568010249577	2.7829731425428
chr22	30666790	30667290	chr22:30666790-30667290	43.6394728924097	35.9967551551418	43.5119236020424	52.0069620906044	4.08745214057497	113.986555798176	2.61200578841093
chr22	30682790	30683530	chr22:30682790-30683530	61.0426902624872	51.9963051405025	60.9168941831956	70.8039081238228	4.80054772009859	161.690963395275	2.64881778145745
chr22	30683802	30684302	chr22:30683802-30684302	157.614790380026	142.605862926834	157.484543544014	173.363876655757	7.84828272405821	403.315263639996	2.55886685930654
chr22	30685468	30685968	chr22:30685468-30685968	254.616915587547	235.399477836513	254.486117473993	274.577653756131	9.99596758006977	648.820895194006	2.54822384324625
chr22	30702046	30702546	chr22:30702046-30702546	104.36846112729	92.6908111367547	104.248310280114	116.728888633753	6.13413313054318	289.489066171028	2.77372170715404
chr22	30704416	30704916	chr22:30704416-30704916	26.9054404103571	21.4184983387525	26.796980635402	33.0086557222371	2.9598622860467	82.6298949395073	3.07112218492805
chr22	30710821	30711321	chr22:30710821-30711321	27.8442056551713	22.3352111335301	27.7389418682644	33.9513194180445	2.96629427165165	88.1132457742823	3.16450922915511
chr22	30721097	30721597	chr22:30721097-30721597	50.447045784493	43.0296978659901	50.3447810381423	58.4455110390324	3.93477535601148	164.37342028926	3.25833589922102
chr22	30722875	30723375	chr22:30722875-30723375	181.645949116029	167.129693462833	181.541091376906	196.758089610601	7.55955154931265	577.376852216604	3.17858369551526
chr22	30723832	30724332	chr22:30723832-30724332	80.2437427025529	70.8417595496934	80.1421486850508	90.2230485247723	4.94594454501759	263.223020342491	3.2802934095211
chr22	30752622	30753122	chr22:30752622-30753122	121.105717407817	113.376897682994	121.061509197619	129.085765270976	4.00782283971448	913.087214464639	7.53958800631905
chr22	30783334	30783834	chr22:30783334-30783834	31.5812259505045	25.9615313368203	31.4857773687973	37.7432845759252	3.00799433877817	110.231049069999	3.49039803719963
chr22	30787093	30787593	chr22:30787093-30787593	85.7431880356244	75.8940409931402	85.6389825948079	96.1844986807624	5.17788776319769	274.216756391142	3.19811710613339
chr22	30788557	30789057	chr22:30788557-30789057	33.3264025006231	27.4244312956161	33.2266867011763	39.7949858285749	3.15829586229302	111.345135407204	3.34104874971494
chr22	30798098	30798598	chr22:30798098-30798598	53.6385861077059	45.7597740453887	53.5300753319381	62.1340085389513	4.17940091604188	164.712506413765	3.07078389581379
chr22	30804721	30805221	chr22:30804721-30805221	137.938250561509	124.722722679642	137.822829497037	151.809686011145	6.91158830115341	398.303117433211	2.88754653485765
chr22	30816217	30816717	chr22:30816217-30816717	137.89050227289	124.489009704303	137.771680601062	151.967226526559	7.01146770396438	386.768264050798	2.80489415641818
chr22	30817578	30818078	chr22:30817578-30818078	233.595266872944	215.93732842789	233.474890754387	251.937279508919	9.18507531908447	646.789012724334	2.76884468329632
chr22	30819880	30820380	chr22:30819880-30820380	520.447348644362	493.764351256763	520.325532363456	547.822611777525	13.7914755624565	1424.07260641557	2.73624721141329
chr22	30830773	30831273	chr22:30830773-30831273	48.0468322103338	40.3781592450671	47.9312351085777	56.3723738582654	4.08281463688349	138.487377943697	2.88234149001631
chr22	30834517	30835017	chr22:30834517-30835017	36.6120536959199	30.0206009794177	36.4986462623798	43.8479155026681	3.53031548012805	107.552657849833	2.93762974191799
chr22	30838296	30838796	chr22:30838296-30838796	108.567102543751	96.6194898117977	108.446317505894	121.201097697297	6.27276957638126	299.555864250439	2.75917711011696
chr22	30840623	30841540	chr22:30840623-30841540	171.081489411052	155.900932416128	170.959161239558	186.95720846283	7.92415588629431	466.122453738078	2.72456392180536
chr22	30847367	30847867	chr22:30847367-30847867	96.6952085760432	85.4554692271188	96.5747808281858	108.619296522897	5.91118494335782	267.58441456543	2.76729755802735
chr22	30881282	30881782	chr22:30881282-30881782	46.0316397505555	38.6272236701949	45.919073916248	54.0756986831784	3.94354557915405	136.250831701538	2.95993869520788
chr22	30886427	30886927	chr22:30886427-30886927	26.6919904819047	21.2828382075326	26.5858229957469	32.7043923506986	2.91676377186283	83.7451005575302	3.1374618020452
chr22	30902352	30902852	chr22:30902352-30902852	142.946207667272	129.639862227019	142.833459099182	156.893274749935	6.95397212466449	422.551244657442	2.95601577371671
chr22	30919741	30920241	chr22:30919741-30920241	34.5253925885194	28.5299095032605	34.4262641292535	41.0841529744931	3.20509119757161	116.036993673043	3.36091742839814
chr22	30933124	30933979	chr22:30933124-30933979	22.0976423228685	17.6016229711342	22.0090011727568	27.0973249940559	2.42497346576775	83.0381944846754	3.7577852547075
chr22	30938535	30939035	chr22:30938535-30939035	42.9966979096111	36.5531647931209	42.9060051060457	49.9555894192288	3.42094627985169	157.971120433558	3.67402912580982
chr22	30956423	30956923	chr22:30956423-30956923	32.4229087874971	27.3666998314002	32.3485965444891	37.9013912843157	2.68909134797403	145.376041231309	4.48374457036282
chr22	30987911	30988411	chr22:30987911-30988411	258.088886292523	249.479705689964	258.063547519127	266.842064521261	4.42936901764315	3395.11805389923	13.1548401896358
chr22	31001497	31001997	chr22:31001497-31001997	91.1109876911223	84.0022705855994	91.0609043059238	98.5043186128494	3.7001052591441	606.33599602008	6.65491628820484
chr22	31002819	31003319	chr22:31002819-31003319	54.9498910221292	49.3447136236503	54.8975955251154	60.8522486844637	2.93638488135599	350.193202797604	6.37295536503567
chr22	31005287	31005787	chr22:31005287-31005787	154.632819941538	144.623435554523	154.574721977023	164.972365569766	5.19166230009321	887.136567601605	5.73705225020799
chr22	31030431	31030931	chr22:31030431-31030931	67.280275419353	59.316663593547	67.1932876378604	75.7382073649966	4.19067165697686	257.755684354798	3.83107356128116
chr22	31031406	31031906	chr22:31031406-31031906	86.4776904226192	77.3405260264707	86.3892132826012	96.117643584732	4.79145879848433	325.741167468411	3.76676534579616
chr22	31033535	31034035	chr22:31033535-31034035	24.6677869218479	20.0297332981116	24.5840570013042	29.7816092645796	2.48999056842856	98.1442753138798	3.97864127920429
chr22	31040803	31041303	chr22:31040803-31041303	24.700630287388	19.9523363876056	24.6127710304574	29.9481534420651	2.55238620131593	93.6533451879952	3.79153665709551
chr22	31045334	31045834	chr22:31045334-31045834	60.4097321614548	52.5073538795459	60.3136764033964	68.8579544216361	4.17289349631162	209.574876773216	3.46922373721329
chr22	31046409	31046909	chr22:31046409-31046909	40.3877406947145	34.0286275240565	40.2932956468084	47.2835295518677	3.38349519777957	142.484620385723	3.52791757931559
chr22	31063593	31064093	chr22:31063593-31064093	157.238994922698	143.617367783751	157.131950391942	171.468931595756	7.10639434178159	489.578020078177	3.11359164003092
chr22	31070377	31070877	chr22:31070377-31070877	57.3480934276057	49.2976249828781	57.2425187430033	65.9984921237418	4.26256742761711	181.007030757184	3.15628680813393
chr22	31071332	31071832	chr22:31071332-31071832	54.8657369514755	46.9977374107315	54.7601517974849	63.3337243270567	4.1695304538951	173.152247684916	3.15592676424005
chr22	31077084	31077584	chr22:31077084-31077584	21.2206901348947	16.6015835456855	21.1224231792716	26.3981410691839	2.50221155811636	71.9235236418715	3.38931124222028
chr22	31087121	31087621	chr22:31087121-31087621	22.1193094537776	17.3444473417979	22.0186798983119	27.4659417840448	2.58515093090618	73.21015413653	3.30978479637967
chr22	31093948	31094448	chr22:31093948-31094448	97.528375871759	86.5681286550373	97.4150806790847	109.132441932054	5.75806788061452	286.885384370663	2.94155810353995
chr22	31097736	31098236	chr22:31097736-31098236	23.0145290309772	18.0928031087147	22.9118983500639	28.5193974437255	2.66301417383138	74.6891002873287	3.24530213878365
chr22	31115793	31116293	chr22:31115793-31116293	30.0930404281651	24.2944023080029	29.9854623514547	36.5029526266415	3.11741217178187	93.1845009419922	3.09654656412775
chr22	31116377	31116877	chr22:31116377-31116877	70.4644800708782	61.1535986152874	70.3500748658489	80.425476769934	4.91848624058487	205.247361085259	2.91277762751966
chr22	31124729	31125229	chr22:31124729-31125229	89.9908508399281	79.3509879116707	89.8747679917478	101.290370710083	5.59878407172535	258.350483810515	2.87085277446768
chr22	31136005	31136505	chr22:31136005-31136505	58.2220830595651	49.8009269009519	58.1080231224455	67.2913841685766	4.46423337729688	170.091142616675	2.92141973763908
chr22	31140119	31140619	chr22:31140119-31140619	85.3331340741857	74.9769961321367	85.2169571269471	96.3494618924502	5.45421320877146	244.777317676385	2.86849088964181
chr22	31151297	31151797	chr22:31151297-31151797	40.4974644031088	33.6144131763946	40.386318516609	48.0120825722654	3.6755944464798	121.394913878986	2.99759295225573
chr22	31159587	31160087	chr22:31159587-31160087	24.7739733467587	19.5895124385853	24.6684732175069	30.5578854306474	2.80123993028447	78.2151198825417	3.15714878625939
chr22	31198713	31199213	chr22:31198713-31199213	67.6644506742083	58.703159608392	67.5540712915198	77.2529797945936	4.73421526902385	204.279655692956	3.01901003640041
chr22	31202292	31202792	chr22:31202292-31202792	20.2914688467276	15.7665362494657	20.1925284728524	25.3785667973545	2.45523818763849	68.3029892272925	3.36609388621503
chr22	31259314	31259814	chr22:31259314-31259814	18.4269230643233	14.3982724388932	18.3407898079973	22.9449745851246	2.18300169168379	71.2520724228332	3.86673739148483
chr22	31268157	31268657	chr22:31268157-31268657	53.2773149068585	46.0510771689038	53.1859952401957	61.0224809815699	3.82102847534926	194.412466218323	3.64906652218121
chr22	31277424	31277924	chr22:31277424-31277924	145.032197255824	133.003602495589	144.941878348528	157.574054796819	6.26911503635849	535.200333159468	3.69021736749546
chr22	31278947	31279447	chr22:31278947-31279447	24.5397916809367	19.950268554982	24.4574255851278	29.5973347026726	2.46320449847783	99.2523515786191	4.04454743826214
chr22	31316334	31316834	chr22:31316334-31316834	26.9391440817459	22.6658561056591	26.8751605718008	31.5760122227138	2.27446123922787	140.284764025405	5.20746923509208
chr22	31358783	31359283	chr22:31358783-31359283	26.0846986224626	23.967084569148	26.0691491203551	28.2906772165377	1.10315062130011	559.11612662407	21.4346400821588
chr22	31364335	31364835	chr22:31364335-31364835	66.4228091374744	63.2217374457864	66.4090940712087	69.701821810766	1.6532029634295	1614.29212167179	24.3032798918623
chr22	31364901	31365401	chr22:31364901-31365401	217.704258833953	211.86774334199	217.690498407864	223.618973506649	2.99786775635915	5273.62091178214	24.2237838617775
chr22	31365520	31366020	chr22:31365520-31366020	27.6369607457403	25.594506296212	27.6233603317932	29.7567037843844	1.06194210809863	677.296575592979	24.5069123853415
chr22	31386529	31387705	chr22:31386529-31387705	53.0558089158865	48.1825775125034	53.015091554289	58.1604269910421	2.54593064907315	434.282912877809	8.18539801299254
chr22	31391003	31391503	chr22:31391003-31391503	28.8048267560818	25.092432101121	28.760415666744	32.7695911881467	1.95928953374822	216.139079725799	7.50357159083289
chr22	31392407	31392907	chr22:31392407-31392907	37.5755075585897	33.2300597342372	37.5292010479969	42.1840991511429	2.28497649581679	270.424625554095	7.19683227518442
chr22	31394218	31394718	chr22:31394218-31394718	37.578031003066	33.1530900091034	37.5299624611166	42.2761282891176	2.32813188642764	260.527086477027	6.9329626785334
chr22	31442283	31442783	chr22:31442283-31442783	45.2799995048974	39.3041663290119	45.2066687610522	51.6725396112534	3.15659988432832	205.766065934444	4.54430362597925
chr22	31448987	31449487	chr22:31448987-31449487	30.529864914051	25.7055690262015	30.4579333640554	35.7629052393706	2.56728465765673	141.41703078632	4.6320883234971
chr22	31455668	31456168	chr22:31455668-31456168	50.6321591248183	44.3227794666478	50.5593529568903	57.3552676352949	3.32593346381982	231.753222418521	4.57719414744301
chr22	31457047	31457547	chr22:31457047-31457547	53.0773314961364	46.6267123174153	53.0048584178944	59.939787846145	3.39747547505071	244.064997479405	4.59829065628839
chr22	31459787	31460287	chr22:31459787-31460287	120.47181554699	110.627223753192	120.399030550735	130.730028996154	5.12917633005343	551.665280084942	4.57920616187412
chr22	31476890	31477390	chr22:31476890-31477390	70.8785496184292	64.4860407514587	70.826150967257	77.5688273486617	3.33815624151835	450.833650266768	6.36065005130334
chr22	31478506	31479006	chr22:31478506-31479006	38.0749531963088	33.4695851900368	38.0234737151673	42.9728598278701	2.42521188510455	246.478691940538	6.47351267038283
chr22	31480810	31481310	chr22:31480810-31481310	43.976778095982	39.0014757437033	43.9249820690959	49.2464198361026	2.61436424996183	282.953209207893	6.4341505098516
chr22	31482771	31483271	chr22:31482771-31483271	25.3047917578778	21.5220722965421	25.2516943840956	29.3892351445802	2.00807424899435	158.798355857278	6.27542630568542
chr22	31494677	31495177	chr22:31494677-31495177	21.688607956094	17.7525005277346	21.6202839414497	26.0129485543549	2.10904229640377	105.753019895597	4.8759708373023
chr22	31498300	31498800	chr22:31498300-31498800	19.7075040191212	15.9850070821854	19.6399582129484	23.8138080914283	1.9989805350234	97.195490810651	4.93190262533233
chr22	31503483	31503983	chr22:31503483-31503983	62.0953403124127	55.000517302361	62.0207003157351	69.6143169112681	3.72925789405456	277.251042427723	4.46492508186321
chr22	31514339	31514839	chr22:31514339-31514839	22.9358611376617	18.6803968445318	22.8601633332316	27.6214557426774	2.28290467547893	100.93796530264	4.40087968342707
chr22	31515066	31515566	chr22:31515066-31515566	24.3668774729965	19.9555000248433	24.2905102219585	29.2121919260536	2.36339140013081	106.298823340502	4.36243106890915
chr22	31523206	31523706	chr22:31523206-31523706	43.3747417195791	37.261183474791	43.294217534952	49.9458799790771	3.23753218867214	179.492213555841	4.1381736568317
chr22	31526867	31527367	chr22:31526867-31527367	31.6137430467076	26.4920656747773	31.5352706124951	37.1813306843332	2.72868433424371	134.22865640648	4.24589572352012
chr22	31536288	31536788	chr22:31536288-31536788	41.2482400010642	35.4736132612751	41.1727332599881	47.4519354733968	3.05722248108896	182.035778834797	4.41317687324599
chr22	31544923	31545423	chr22:31544923-31545423	40.1255413727864	34.8440047623292	40.0609148673659	45.7743226122279	2.78957940851153	206.901839890481	5.15636257635154
chr22	31555898	31556398	chr22:31555898-31556398	71.0408930774283	64.9319662511981	70.9932565118051	77.4205276931363	3.18647829677282	497.044068232718	6.99659093095837
chr22	31607928	31608428	chr22:31607928-31608428	106.078518343757	95.0485176337468	105.973506016513	117.705273028989	5.78139655113844	336.658335660385	3.17367117222935
chr22	31609127	31609627	chr22:31609127-31609627	25.6764875312865	20.6053660728765	25.579782068326	31.2970992862889	2.73023531974092	88.4445476851059	3.44457346735363
chr22	31613479	31613979	chr22:31613479-31613979	45.8401826274643	38.7619557193947	45.7372661034741	53.5032257234246	3.76281864718673	148.411004054407	3.23757444992136
chr22	31618672	31619172	chr22:31618672-31619172	49.1013298172624	41.7019366697527	48.9965531757793	57.0961116707188	3.9293626030792	156.150109682328	3.18016050203657
chr22	31623783	31624283	chr22:31623783-31624283	78.8728517748507	69.2504372986902	78.7643004125622	89.1121224490961	5.06868459933369	242.138892432441	3.06999033233447
chr22	31625575	31626075	chr22:31625575-31626075	53.9302735683039	46.0833176193171	53.8233043653606	62.3850808447064	4.16085992896828	167.996043876697	3.1150601093081
chr22	31627074	31627574	chr22:31627074-31627574	89.7199881950087	79.378623711887	89.6101753484701	100.685381029847	5.43724789870723	272.28276196916	3.03480603873182
chr22	31637056	31637556	chr22:31637056-31637556	20.8345035974568	16.2280590721164	20.7347549826449	26.0077077106973	2.49799563805341	69.5637464501814	3.3388722762117
chr22	31637903	31638403	chr22:31637903-31638403	17.3669872135327	13.2377464184846	17.2698387671614	22.0481966388887	2.2509113836072	59.5294916574477	3.42773855508233
chr22	31639844	31640344	chr22:31639844-31640344	26.8538342978357	21.496575572255	26.7505166893648	32.7981523804947	2.88602612488777	86.5789059037087	3.22407984437018
chr22	31644038	31644538	chr22:31644038-31644538	100.29630200461	89.1870635978906	100.183217701258	112.048161676163	5.83375040519669	295.579393062508	2.94706172764897
chr22	31680419	31680919	chr22:31680419-31680919	25.3876365505569	20.1587054712949	25.2831210761215	31.2104272300176	2.82242155455999	80.9097360514096	3.18697393868414
chr22	31686476	31686976	chr22:31686476-31686976	122.288778603947	109.87827968832	122.173613172663	135.353729779323	6.50056944444121	353.891727240014	2.89390188764704
chr22	31688316	31688816	chr22:31688316-31688816	145.26710870122	131.68831931936	145.151547685656	159.502601985646	7.09709619312359	418.960618607326	2.88407074631759
chr22	31689558	31690058	chr22:31689558-31690058	69.6456659665006	60.4604374870239	69.5330345238819	79.4709303212171	4.85176845815654	206.057324988449	2.95865251812744
chr22	31691677	31692177	chr22:31691677-31692177	87.5632568623064	77.1834038550186	87.449696056571	98.5884347833605	5.46243103944629	256.963760060071	2.93460715450715
chr22	31709139	31709639	chr22:31709139-31709639	18.4556922172538	14.1763267956028	18.3578645115941	23.2908918904617	2.3284281550792	62.8253611289795	3.40411838198329
chr22	31741824	31742324	chr22:31741824-31742324	68.8180828535494	60.1707928174004	68.7174061123305	78.0374787173537	4.55966645809107	227.792273782172	3.31006422057605
chr22	31746409	31746909	chr22:31746409-31746909	31.0080212361903	25.489884364953	30.9142893152194	37.0587675898241	2.95364698135925	110.212519549521	3.55432288665001
chr22	31795299	31795799	chr22:31795299-31795799	427.566451123403	414.510001916248	427.531322869294	440.822530683539	6.7126482880776	4057.13497858258	9.48889925278919
chr22	31796426	31796926	chr22:31796426-31796926	24.2136782509002	21.2424234466835	24.1799507631242	27.376593447715	1.56544164029909	239.247699787222	9.88068385596591
chr22	31884756	31885256	chr22:31884756-31885256	24.1140128233802	20.829615647272	24.0723199319178	27.6353316976547	1.73697385686318	192.731371169421	7.99250512890805
chr22	31885657	31886157	chr22:31885657-31886157	41.8009202266203	37.4796294081126	41.7600303105552	46.3545764396809	2.26464155016494	340.700478024556	8.15054970506573
chr22	31886356	31886856	chr22:31886356-31886856	81.7226750065502	75.7080530806566	81.6827962176671	87.9639206090496	3.12695581690852	683.032955003861	8.35793682657983
chr22	31892088	31892588	chr22:31892088-31892588	92.6205670605833	86.1184220589875	92.5795184737132	99.3559838779711	3.37738499676445	752.062149410946	8.11981801967397
chr22	31913566	31914066	chr22:31913566-31914066	27.8223942638041	23.0428104877242	27.7443026730781	33.0457187071458	2.55369355701619	118.700196985437	4.26635450062114
chr22	31920091	31920591	chr22:31920091-31920591	22.2689664422513	17.9080886892784	22.1865916932655	27.0979071197159	2.3466657284923	90.0528910752269	4.04387385057836
chr22	31926409	31926909	chr22:31926409-31926909	25.7643260566654	20.9065966899902	25.6763587272283	31.121901491796	2.60833365447725	97.5688718394195	3.78697551120992
chr22	31927110	31927610	chr22:31927110-31927610	29.1187828646407	23.8980797505391	29.0293702111224	34.8475513165767	2.79554033777765	108.496295398885	3.72599005608279
chr22	31928781	31929281	chr22:31928781-31929281	21.5645993455184	17.1503819355534	21.4769774034735	26.4766878947375	2.38174624579924	81.9769599262088	3.80145991180891
chr22	31932987	31933487	chr22:31932987-31933487	67.1223908051745	58.7092415420393	67.0247017283772	76.0906683484617	4.43581713055198	228.974735788431	3.41130184788917
chr22	31952598	31953098	chr22:31952598-31953098	27.7160384701053	22.3816417887191	27.6172014609503	33.6120414179141	2.86763806914361	93.414358670676	3.3704080318489
chr22	31957197	31957697	chr22:31957197-31957697	65.8560568540926	57.1829904949438	65.7498682247389	75.1325474711554	4.58099565668993	206.667262712684	3.13816636745448
chr22	31981051	31981551	chr22:31981051-31981551	202.324932952011	186.480960066471	202.212879136328	218.805685060199	8.24745683122137	601.809041456491	2.97446801378272
chr22	31982440	31982940	chr22:31982440-31982940	66.5343114794878	57.7263280957562	66.4258685000315	75.958529212641	4.65315201870572	204.454583757375	3.07291950891244
chr22	31991297	31991797	chr22:31991297-31991797	12.1025218567308	8.83753777030631	12.0135785500169	15.872821172115	1.79821561673945	45.2968729014422	3.74276315611447
chr22	31999067	31999567	chr22:31999067-31999567	161.662434291301	147.689164995001	161.552885266884	176.258245659319	7.28946450079537	491.843546640192	3.04241086555666
chr22	32011630	32012583	chr22:32011630-32012583	28.3019066684816	22.9586942494573	28.2050060752806	34.195725354864	2.86922418907541	97.2976658777535	3.43784844665992
chr22	32014649	32015149	chr22:32014649-32015149	28.2517399982789	22.941351665851	28.1559030667336	34.1066913428369	2.85089510875025	98.2037164806164	3.47602365329
chr22	32021688	32022188	chr22:32021688-32022188	28.9219129930555	23.6294103683032	28.8291978624161	34.7412437451034	2.83709407635739	103.921775154256	3.59318469629617
chr22	32022492	32022992	chr22:32022492-32022992	183.364000245487	169.108299879885	183.263935442873	198.188348867016	7.41958165609522	610.758207994447	3.33085124221094
chr22	32026669	32027169	chr22:32026669-32027169	106.671934204936	96.0887805249504	106.576043353719	117.800009097089	5.53999080744434	370.750932153333	3.47561835188112
chr22	32029775	32030275	chr22:32029775-32030275	34.2272354304961	28.5741824680101	34.1387747333448	40.3829538106452	3.01454548855982	128.913963471398	3.76641472353731
chr22	32033435	32033935	chr22:32033435-32033935	22.8062562214979	18.3964056872051	22.7241257532221	27.6827833977852	2.37126167385469	92.5015551981537	4.05597281288802
chr22	32034253	32034753	chr22:32034253-32034753	15.2714313634943	11.804089332708	15.1940465883825	19.1784596196264	1.88375854532748	65.7217347593168	4.30357398694281
chr22	32042367	32042867	chr22:32042367-32042867	31.5657537924867	26.627072076219	31.492909600012	36.9183667180675	2.62697260074848	144.384722757485	4.57409392808009
chr22	32049245	32049745	chr22:32049245-32049745	14.5684388728145	11.7170412123328	14.5146091372799	17.7257034127954	1.53434003980596	90.153542218965	6.18827748161792
chr22	32049932	32050432	chr22:32049932-32050432	13.7035334170582	10.9982019834257	13.6519671407797	16.7018697252371	1.45648430062435	88.5224674621083	6.45982789751985
chr22	32058100	32058600	chr22:32058100-32058600	110.013104773339	102.782542029792	109.970469077166	117.48595910424	3.75132322927425	860.042415376519	7.81763606388959
chr22	32061510	32062010	chr22:32061510-32062010	49.5947114910624	44.8129011703176	49.5526685953741	54.6154404362465	2.5012516324527	393.147905375549	7.92721428466016
chr22	32066901	32067401	chr22:32066901-32067401	38.090831436437	33.2988687366124	38.0349697624098	43.2002337403704	2.52687962799248	227.233206396428	5.96556173302797
chr22	32073793	32074293	chr22:32073793-32074293	67.3827087905865	60.0344848426997	67.3091338850604	75.1490355297361	3.85693154645746	305.220057163465	4.52964955908844
chr22	32124748	32125248	chr22:32124748-32125248	26.9510658944589	22.2114501599367	26.8716045485372	32.1422032277221	2.53536701074809	112.997860716046	4.19270470260987
chr22	32127950	32128450	chr22:32127950-32128450	10.7783138173543	8.07661712241375	10.7107597042095	13.8638229618602	1.4787881725078	53.1238707789511	4.92877380257899
chr22	32145929	32146429	chr22:32145929-32146429	83.0372503410962	76.6214414483125	82.9925060395562	89.7073322150614	3.33877221467132	618.546477668396	7.44902408410156
chr22	32148874	32149374	chr22:32148874-32149374	73.5113472393106	67.4827785704083	73.466609588846	79.7941504193215	3.14121684397979	547.662404792514	7.45003901247573
chr22	32149646	32150146	chr22:32149646-32150146	80.1449123187402	73.83911888668	80.1000959680082	86.7053879764564	3.2827548753949	596.03945126106	7.43702169004293
chr22	32160760	32161260	chr22:32160760-32161260	73.2059981755212	65.3209480302613	73.1280764497718	81.5338531718289	4.1371797683878	313.101067919041	4.27698652736542
chr22	32170804	32171304	chr22:32170804-32171304	73.5878175139924	64.9002640799531	73.4931847630334	82.8131348078796	4.57124030632471	259.145541053669	3.52158210160796
chr22	32185702	32186202	chr22:32185702-32186202	82.1008908647342	72.2650243396235	81.9920613943062	92.5551951648698	5.17796468788475	251.407118557277	3.06217284501193
chr22	32193183	32193683	chr22:32193183-32193683	11.2361557843588	8.07550497868163	11.1457053946839	14.910670091446	1.74738625261814	41.3483015131731	3.67993309337448
chr22	32225335	32225835	chr22:32225335-32225835	49.6111431212371	41.6289727732288	49.4897611846133	58.2830528105161	4.25130283050753	136.180330607019	2.74495450093196
chr22	32226118	32226618	chr22:32226118-32226618	20.2976539654827	15.5388242722946	20.1874793939309	25.6824668627673	2.59140523134593	61.3509124829954	3.02256174961531
chr22	32242568	32243068	chr22:32242568-32243068	15.9070100166497	11.7989568829525	15.8006683398923	20.6192395609269	2.25406842425897	49.8015567355329	3.13079307069061
chr22	32253284	32253784	chr22:32253284-32253784	27.6224726553431	21.8939623824305	27.5070823652487	34.0066319850788	3.09341880505984	79.7347546189406	2.88659004622156
chr22	32263321	32263821	chr22:32263321-32263821	103.425171135987	91.5784765463329	103.300207462034	115.981991403229	6.2274803251678	275.821279094744	2.66686799804357
chr22	32268219	32268719	chr22:32268219-32268719	68.7693163550737	59.3004139063569	68.6477015727766	78.9292991395537	5.00979088065194	188.430073805816	2.74003122021605
chr22	32272163	32272663	chr22:32272163-32272663	111.377734703946	99.1732720547287	111.254912583913	124.280156115634	6.40679380555736	302.214478829083	2.71341915538508
chr22	32277133	32277633	chr22:32277133-32277633	76.8053325530901	66.8715360438736	76.6860443182131	87.4169942690914	5.24342673630339	214.561768134308	2.79357905241797
chr22	32285117	32285617	chr22:32285117-32285617	28.7966145845279	23.1263442632748	28.688846199672	35.0792364129025	3.05226503282375	89.0099147075694	3.09098538115635
chr22	32287444	32287944	chr22:32287444-32287944	206.119616520961	189.748490525818	206.002115370983	223.158477428683	8.52439120956238	584.671475698137	2.83656396012496
chr22	32291659	32292159	chr22:32291659-32292159	341.235259455171	320.254886024502	341.119785243573	362.871854895441	10.8728438221476	984.966591642716	2.88647366985273
chr22	32292401	32292901	chr22:32292401-32292901	298.674647905722	279.125554410306	298.559867760292	318.876018004149	10.1416364003758	867.322571174194	2.90390422238974
chr22	32297610	32298110	chr22:32297610-32298110	246.823964487235	229.421759803346	246.713611889164	264.853283259114	9.03988364015796	745.502263933724	3.02038039735108
chr22	32307686	32308186	chr22:32307686-32308186	28.1624904340359	22.9760329596519	28.0709898276024	33.8688739757302	2.78121218795914	102.53540865092	3.64085019011672
chr22	32318689	32319558	chr22:32318689-32319558	41.647077417586	35.7268409896961	41.5683795581184	48.0145151719815	3.13622698978519	176.34131883765	4.23418231895397
chr22	32322923	32323423	chr22:32322923-32323423	21.000811066555	17.1506767529446	20.9332249146121	25.2349848407022	2.06410746830332	103.516010328707	4.92914345072899
chr22	32325310	32325810	chr22:32325310-32325810	61.6803964426309	54.9986581963127	61.6139649399577	68.7396440068674	3.50641150212176	309.434368288045	5.0167376692504
chr22	32332061	32332561	chr22:32332061-32332561	31.5942885170242	27.671734808274	31.5492026399848	35.7730476606373	2.0674755126362	233.526629238767	7.39141915200698
chr22	32333269	32333769	chr22:32333269-32333769	187.313756238759	177.921342472679	187.271843569218	196.9443542324	4.85318409839027	1489.65539558977	7.95272822189839
chr22	32339943	32340443	chr22:32339943-32340443	238.737596744763	229.269283185355	238.704357634304	248.394804433917	4.8792279525131	2394.08419007296	10.0280987272922
chr22	32343119	32343619	chr22:32343119-32343619	85.9212690688661	80.2987283353633	85.8882645712766	91.7313689105483	2.91683839727489	867.714049170343	10.0989435860738
chr22	32346296	32346796	chr22:32346296-32346796	34.4134809564038	30.6789315634708	34.3762816017505	38.3594225404022	1.95990230110549	308.310533438979	8.95900457816395
chr22	32354596	32355096	chr22:32354596-32355096	33.739570078338	28.9308260195619	33.6754662110113	38.9125848226954	2.54768688305174	175.382794825207	5.19813365783843
chr22	32355255	32355755	chr22:32355255-32355755	22.0899801422199	18.2418264329777	22.0261337008723	26.3009279989525	2.05749436689269	115.269216501339	5.21816750215308
chr22	32358499	32358999	chr22:32358499-32358999	26.7596383062204	22.2562933499	26.6877051364586	31.6717317226531	2.40364042151059	123.942850599486	4.6317087391527
chr22	32366033	32366533	chr22:32366033-32366533	66.1641104098176	58.1340971191031	66.0740253092498	74.7060434282067	4.22912973970112	244.76140552089	3.69930773654854
chr22	32366554	32367054	chr22:32366554-32367054	125.166347188271	113.867176646656	125.07363918532	136.992354863344	5.90053854001164	449.978593120468	3.59504454055552
chr22	32372998	32373498	chr22:32372998-32373498	66.5848347055643	58.0826247649952	66.4841300101445	75.6593082481735	4.48571478665208	220.3369527209	3.30911616279025
chr22	32416047	32416547	chr22:32416047-32416547	22.6484960827537	17.3199911594248	22.5246396942794	28.6807196264152	2.90236620671168	60.8939744386744	2.68865421422148
chr22	32419213	32419713	chr22:32419213-32419713	41.0880228450614	33.4808505703319	40.9530224533491	49.4622952206801	4.08049801814478	101.392106166052	2.46768033955761
chr22	32446578	32447078	chr22:32446578-32447078	58.4112645728477	48.7546934184067	58.2599973456131	68.9273902115065	5.14969704678616	128.655944105121	2.20258789200956
chr22	32531855	32532355	chr22:32531855-32532355	80.4235293023399	68.1673697130432	80.2478542291003	93.6779529285436	6.51166185125456	152.539590486533	1.89670351214113
chr22	32533739	32534239	chr22:32533739-32534239	16.2486360737812	11.5254756320144	16.1080946833943	21.7702166401234	2.61944371410895	38.478282757731	2.36809308689113
chr22	32662026	32662526	chr22:32662026-32662526	23.8167591838572	17.8258651155653	23.666350962329	30.662204354716	3.28007405566472	52.7227473183724	2.21368268081189
chr22	32774717	32775217	chr22:32774717-32775217	25.340660710163	20.1653171131427	25.2381933108897	31.0982283258	2.7920257068201	82.3753063981742	3.25071659892187
chr22	32807228	32807728	chr22:32807228-32807728	35.3743441312089	31.6583113660707	35.3385807064505	39.2936096916829	1.94833421954043	329.647568142405	9.31883194553916
chr22	32808030	32808530	chr22:32808030-32808530	589.067438737431	573.358749538672	589.03060250564	604.985464711243	8.06832063633895	5330.44831966368	9.04896106817349
chr22	32809973	32810473	chr22:32809973-32810473	84.2799989491259	78.447354236249	84.2437185720978	90.3188186891619	3.02883358083768	774.280317828596	9.18699961417865
chr22	32816236	32816736	chr22:32816236-32816736	38.5871833174572	34.0610407596842	38.5382184663612	43.391575679149	2.38107709029478	262.62692194224	6.80606614329959
chr22	32865726	32866226	chr22:32865726-32866226	158.745073769999	150.23846842543	158.704434580902	167.482626036496	4.39939704551311	1302.0096299234	8.20188997996774
chr22	32869259	32869759	chr22:32869259-32869759	124.07823966604	116.67875374139	124.038775554885	131.701994178149	3.8328505490468	1047.96668292421	8.44601507681642
chr22	32870418	32870918	chr22:32870418-32870918	264.850459553479	253.948429281337	264.81070631453	275.978402922457	5.62021652903878	2220.72798736103	8.3848372062674
chr22	32871197	32871697	chr22:32871197-32871697	130.571158645359	122.965337050383	130.531564837774	138.40198599961	3.93830730807897	1099.19643999614	8.41837088220719
chr22	32878714	32879214	chr22:32878714-32879214	283.936103335601	270.824293119376	283.882328452962	297.353509585782	6.76811898431544	1759.97000282367	6.19847205814278
chr22	32881893	32882393	chr22:32881893-32882393	35.7682610444716	30.8281056016998	35.7046007660539	41.0701681322521	2.61404272417917	187.227780936865	5.23446696790991
chr22	32884269	32884769	chr22:32884269-32884769	58.2684208833102	51.4872784007939	58.1956722914258	65.4629680165414	3.56646385393648	266.925978527618	4.58097155339375
chr22	32911017	32911517	chr22:32911017-32911517	40.800178665874	33.5734403993613	40.6780582660761	48.7208380223529	3.86724589872459	111.306507167953	2.7280887194019
chr22	32924789	32925289	chr22:32924789-32925289	25.9957918386244	20.1205417243356	25.865350844567	32.6121853807076	3.19090767051816	66.370887564759	2.553139676482
chr22	32928361	32928861	chr22:32928361-32928861	62.9387573584711	53.0546570958043	62.7923744200309	73.6546662089849	5.25841683681553	143.260449185218	2.27618807866305
chr22	32935660	32936160	chr22:32935660-32936160	37.4611826052256	29.9302487893474	37.314691933984	45.8244867472296	4.05889783227745	85.1817832120989	2.27386796913925
chr22	32968568	32969068	chr22:32968568-32969068	54.4843598208827	44.3719983027795	54.3044089326242	65.6192387713757	5.42502354225504	100.864990150273	1.85126503242153
chr22	32972419	32972919	chr22:32972419-32972919	49.6636074515656	40.0106246634863	49.4827841133492	60.3440518094163	5.19216224221378	91.491345770297	1.84222110444804
chr22	32972980	32973480	chr22:32972980-32973480	17.3568659968005	12.2949066775771	17.205650085216	23.2778856433964	2.80824745045183	38.2007486760708	2.20090128500805
chr22	33045464	33045964	chr22:33045464-33045964	43.7376440074084	33.8816809096373	43.5195569346467	54.8327420692779	5.35176560028787	66.7907935566266	1.52707799133656
chr22	33046895	33047395	chr22:33046895-33047395	27.7008425651591	20.2604913305207	27.4991962185586	36.2868139526936	4.09624679064596	45.7313192257924	1.65089993628248
chr22	33218953	33219453	chr22:33218953-33219453	22.1041032328895	15.0544999372984	21.8695383878848	30.4861750950651	3.94770027972192	31.351437286105	1.41835373078859
chr22	33248336	33248836	chr22:33248336-33248836	18.3643844085629	12.1186020616617	18.1394890822241	25.8876249780658	3.5238689815197	27.1589668030245	1.4788933948889
chr22	33269498	33269998	chr22:33269498-33269998	176.629225815671	151.374388102507	176.291395417408	203.803786259838	13.3818236174957	174.218603521555	0.986352075750862
chr22	33277002	33277502	chr22:33277002-33277502	578.209368667746	530.660695142671	577.855499402136	627.76900537691	24.7769735673296	544.595104960052	0.9418648926683
chr22	33277949	33278449	chr22:33277949-33278449	271.993685554058	239.998819113364	271.646507254661	305.961442018432	16.8331612874474	261.087616992147	0.959903228857337
chr22	33283251	33283751	chr22:33283251-33283751	160.195705119467	136.117307286148	159.855709213224	186.206115743278	12.7851278403777	156.997084276053	0.980033042452493
chr22	33293391	33293891	chr22:33293391-33293891	44.6102599820697	33.1418729674293	44.3149587090556	57.7563948066591	6.29025893186791	50.295885925447	1.12745108290475
chr22	33299999	33300499	chr22:33299999-33300499	49.2905101912947	37.0604879441357	48.9882885153644	63.2376307090958	6.6887316666044	54.3049076702247	1.10173149881122
chr22	33322654	33323154	chr22:33322654-33323154	25.8678647518958	17.769428477356	25.6044053342643	35.4629329748312	4.52581145903881	32.6684288284254	1.2628962282645
chr22	33346180	33346680	chr22:33346180-33346680	10.9243531050672	6.60602152218654	10.7362109065879	16.3111665476531	2.48703715231909	19.294206068176	1.7661646307667
chr22	33381943	33382443	chr22:33381943-33382443	46.476408396337	34.3964612084439	46.1613600126103	60.3462851803613	6.63177294351249	49.1140583003066	1.05675244699368
chr22	33414181	33414681	chr22:33414181-33414681	24.0091024101143	16.1537102535858	23.7394325217279	33.3963436509634	4.41169127374588	29.6170379341808	1.23357539271039
chr22	33444988	33445488	chr22:33444988-33445488	31.5062053592275	21.9815558298646	31.2091615833529	42.7183189869317	5.3031947859912	35.29531326392	1.1202654480757
chr22	33833999	33834499	chr22:33833999-33834499	16.5635475303937	10.282721768759	16.3041883559905	24.3173962014425	3.59505597176368	21.2273315829919	1.28156915322881
chr22	33975350	33975850	chr22:33975350-33975850	23.0568232971446	15.2077292943924	22.7738661582579	32.5131786094796	4.42896702557052	27.1015449319609	1.17542406352731
chr22	34319583	34320083	chr22:34319583-34320083	15.6190739423368	9.61336214466922	15.3666044315369	23.0586502742382	3.44453551416792	20.5612364868703	1.31641841012977
chr22	34616440	34616940	chr22:34616440-34616940	19.4325158503852	12.147074286032	19.1360112694297	28.4019732542207	4.16334377980874	21.7858001068657	1.12110033896789
chr22	34806016	34806516	chr22:34806016-34806516	39.9759398908367	27.865454144446	39.5972988404167	54.2374287759044	6.74441395793948	35.132489877185	0.878840872112629
chr22	34810683	34811183	chr22:34810683-34811183	44.6380391772874	31.6106206805706	44.248543891947	59.8781862738596	7.22778393762659	38.1416867340736	0.854465998889144
chr22	35245010	35245510	chr22:35245010-35245510	25.7590242657724	17.596749443208	25.4895675336461	35.4519834657518	4.56750970872464	31.8053264923347	1.23472559224988
chr22	35420014	35420514	chr22:35420014-35420514	20.0621037115904	13.7069477506716	19.852381987103	27.6086118165898	3.55614877283013	31.8268091037459	1.58641434424241
chr22	35439413	35439913	chr22:35439413-35439913	18.1934487627016	12.3162014012685	17.9948094492241	25.1990726911341	3.29593438665416	30.4700347238027	1.67478058290242
chr22	35451496	35451996	chr22:35451496-35451996	13.565540922601	8.82598506525277	13.3890713237704	19.3074555076405	2.68302869498595	25.5636931963632	1.88445807964594
chr22	35452504	35453004	chr22:35452504-35453004	22.8013551858156	16.0009134121957	22.5926890514162	30.7872128055824	3.78115659535912	36.3640286985139	1.59481874661272
chr22	35460619	35461119	chr22:35460619-35461119	169.617215969057	147.555375391967	169.350684537207	193.193642278923	11.6474431654335	212.069719171104	1.25028416460857
chr22	35495894	35496394	chr22:35495894-35496394	28.2435097231615	20.6851229475884	28.0395419557065	36.9607080026831	4.15989413117675	46.0970116339401	1.63212759624338
chr22	35498651	35499151	chr22:35498651-35499151	72.5391330641828	59.2635337238188	72.3065401400443	87.1363774297149	7.11654796349028	103.897706396429	1.43229870564486
chr22	35527539	35528039	chr22:35527539-35528039	232.710197488257	208.534178968484	232.480238991573	258.193002171973	12.6715944204561	337.262691410604	1.4492819612154
chr22	35530568	35531068	chr22:35530568-35531068	30.9163391627262	23.1956964573554	30.7241218304071	39.7290774451422	4.22467192619155	53.5537822638713	1.73221615864654
chr22	35546455	35546955	chr22:35546455-35546955	48.1030810661467	38.240607090231	47.9069565805344	59.0799410807437	5.32195570186062	81.6964674704026	1.69836246784403
chr22	35550738	35551238	chr22:35550738-35551238	42.6712728294947	33.5391859375384	42.4806871366657	52.8862579813873	4.94136626704103	74.5722252544577	1.74759786408135
chr22	35567214	35567714	chr22:35567214-35567714	23.5087613139017	17.3280258178264	23.3453952859532	30.6176455562466	3.39646539853867	47.907676026591	2.03786475122623
chr22	35599516	35600016	chr22:35599516-35600016	25.2417849927546	19.2154351845313	25.0993312811851	32.0775129484635	3.28607211564467	59.0046102400527	2.33757677030327
chr22	35605173	35605673	chr22:35605173-35605673	61.9008217083905	51.9415608053253	61.7493790942322	72.7206384104072	5.30429469611746	136.187591401962	2.20009343403436
chr22	35607947	35608447	chr22:35607947-35608447	300.687402530246	277.825190076816	300.530602276348	324.440680280046	11.8935573236453	639.156083284528	2.12564968770262
chr22	35611970	35612470	chr22:35611970-35612470	101.111969169117	88.4514429359852	100.96512167202	114.606971586101	6.67500142054568	229.457581568143	2.26934143854284
chr22	35614903	35615403	chr22:35614903-35615403	123.933220151875	110.01602916081	123.789473665448	138.667274601911	7.31135648872959	287.3290576476	2.31841839738765
chr22	35625924	35626424	chr22:35625924-35626424	25.2722980005684	19.8777307951212	25.1600421634607	31.3046977907019	2.91850186476688	74.9841577407631	2.96704944437885
chr22	35626865	35627365	chr22:35626865-35627365	128.141424095478	114.997836555405	128.018078504091	141.985948854337	6.88659311677472	346.234423300271	2.70197108971017
chr22	35627398	35627898	chr22:35627398-35627898	83.2844706033376	72.8764510035159	83.1640004947215	94.3770742841204	5.48704148127472	230.383606279662	2.7662252591713
chr22	35653047	35653547	chr22:35653047-35653547	132.45746061708	123.805425134474	132.406768345912	141.397571918993	4.48832706102911	870.931217022646	6.57517676214867
chr22	35654162	35654662	chr22:35654162-35654662	37.6117785541718	33.1359245081053	37.5626079216873	42.3670513784028	2.35573273891355	254.91518444036	6.7775360336446
chr22	35654684	35655184	chr22:35654684-35655184	47.1666214295171	42.1207810391275	47.1171156544951	52.493787849092	2.64695476812457	317.523956300963	6.73196312726047
chr22	35695871	35696371	chr22:35695871-35696371	76.6307665993219	69.0284839044029	76.5618885706035	84.6244641014981	3.97958062625599	370.793168840796	4.83869841443133
chr22	35697465	35697965	chr22:35697465-35697965	51.7698885457367	45.5894494653136	51.7017598022078	58.3374783100315	3.2532341739441	253.235045776609	4.89155091676285
chr22	35706574	35707074	chr22:35706574-35707074	16.6746535371109	12.9728650268261	16.5941222514886	20.8340103541757	2.00797834411031	68.9597357537524	4.13560231403168
chr22	35709259	35709759	chr22:35709259-35709759	16.2600159332273	12.5324574341638	16.1759039725143	20.4654813620427	2.02652095088895	64.3783345874846	3.95930329046773
chr22	35746693	35747193	chr22:35746693-35747193	100.655067543	90.2894023770857	100.557379662615	111.575864430501	5.43170666790218	343.398720294595	3.41163866536471
chr22	35751913	35752413	chr22:35751913-35752413	27.0076988870246	22.058210003374	26.9208514133387	32.4506743698014	2.65343037205793	103.600004456174	3.83594340597253
chr22	35760198	35760698	chr22:35760198-35760698	17.4501849106399	13.7727006819145	17.3747575913896	21.5562457167536	1.98789219942212	77.0574099752801	4.41585062679169
chr22	35767866	35768366	chr22:35767866-35768366	199.160842356843	186.321995014512	199.086636908072	212.421387192055	6.65878347860407	894.577812077592	4.49173543097767
chr22	35768461	35768961	chr22:35768461-35768961	78.2159434204938	70.3622784259413	78.1438779206151	86.4791363894279	4.11251586279465	361.722400087673	4.62466326261682
chr22	35772796	35773296	chr22:35772796-35773296	289.698311544701	275.045701571216	289.632342189212	304.725816694053	7.57205087851115	1463.74316838056	5.05264652933506
chr22	35784775	35785275	chr22:35784775-35785275	30.8776262844389	27.2971379850404	30.8393620855921	34.6755566392637	1.88289808041587	268.926864183149	8.70944099477872
chr22	35789824	35790324	chr22:35789824-35790324	35.5159503797703	32.4313119424921	35.4916449509969	38.7387109792943	1.60934974091414	487.019120700257	13.7126872712848
chr22	35790790	35791290	chr22:35790790-35791290	38.7880542014411	35.7685303484606	38.7668305298728	41.9281879276254	1.57159638494446	609.135548644534	15.7042048430958
chr22	35795784	35796284	chr22:35795784-35796284	259.599630056884	251.68557490688	259.578373502447	267.634484079976	4.06876172992199	4070.83615064577	15.6812093674932
chr22	35826637	35827137	chr22:35826637-35827137	17.6083656222094	13.9639798141834	17.5351221116128	21.6689222486132	1.96773321495262	80.0766067816533	4.54764561911712
chr22	35832982	35833482	chr22:35832982-35833482	36.2997259988589	30.5010022511822	36.2122342863864	42.5956123530273	3.08737306449502	138.238327880877	3.8082471444887
chr22	35843804	35844304	chr22:35843804-35844304	86.7577492414017	76.7520976206547	86.6514366168574	97.3675386320313	5.26083365318335	271.961491187719	3.13472276039563
chr22	35873839	35874339	chr22:35873839-35874339	127.175890032261	113.168121218882	127.034145882846	141.989145078004	7.35459365547582	299.014470354837	2.35118834457526
chr22	35876416	35876916	chr22:35876416-35876916	24.1622151729493	18.5937777917664	24.0358042090979	30.4488921293088	3.02848052183466	63.6537399530926	2.63443312202417
chr22	35887200	35888173	chr22:35887200-35888173	26.907601471641	20.8091679702705	26.7717714913429	33.777796802084	3.31277666616365	65.9729123726111	2.45183177854565
chr22	35917656	35918156	chr22:35917656-35918156	82.8524810243274	70.9489513288368	82.692419597575	95.6655598178854	6.30857837839918	172.483688000285	2.08181681306128
chr22	35924971	35925471	chr22:35924971-35925471	16.0830302710901	11.5174565929894	15.9509516867387	21.3989593300923	2.52627932446457	40.5296658558282	2.52002670968554
chr22	35936398	35936898	chr22:35936398-35936898	20.6479556647838	15.2253524862334	20.5048129940461	26.8838110071001	2.97957196987379	48.0226761230685	2.32578357405977
chr22	35944268	35944768	chr22:35944268-35944768	19.7458540623016	14.4369045899608	19.6018042947389	25.8731978121302	2.92307062537433	45.6323913630014	2.31098595274853
chr22	35948356	35948856	chr22:35948356-35948856	116.832153070865	101.924605007056	116.655716209459	132.742319752219	7.86493065928503	220.665767192043	1.88874176664534
chr22	35957809	35958309	chr22:35957809-35958309	27.028370107896	20.4954506109136	26.8717375352267	34.4512224829266	3.56563665372508	57.4599896460224	2.1259139717506
chr22	35979011	35979511	chr22:35979011-35979511	33.3742495818679	25.8418218889518	33.2072791041513	41.8553755233175	4.09054036988272	66.5674088956618	1.99457395236319
chr22	35985059	35985559	chr22:35985059-35985559	19.7727805966266	14.3143364445678	19.6200017202517	26.099197477093	3.01250376880473	43.0804565256612	2.17877583353203
chr22	36000858	36001358	chr22:36000858-36001358	28.8641164024849	21.8878850093821	28.6968660424988	36.7906073474047	3.8075775069585	57.4670666258983	1.99095187341162
chr22	36011307	36011807	chr22:36011307-36011807	22.5106047885564	16.512610613081	22.3495691232933	29.4235007370266	3.29984937033206	46.5356832516545	2.06727823125
chr22	36019181	36019681	chr22:36019181-36019681	18.8678811994851	13.5011211596325	18.7122590479776	25.1187494214533	2.97016043632806	40.3539868835422	2.13876621634884
chr22	36023354	36023854	chr22:36023354-36023854	14.3092258882026	9.84231587618107	14.1644137301925	19.5987713185265	2.49555600799697	32.877412963664	2.29763742780594
chr22	36025855	36026355	chr22:36025855-36026355	52.0928550186268	42.0933065020096	51.9081274752836	63.142053114941	5.3746859411986	93.9399091667391	1.80331658023253
chr22	36027633	36028133	chr22:36027633-36028133	30.6690223700909	23.3587891991037	30.4965405715602	38.9592447765572	3.9856669756387	59.2103799855088	1.9306249567072
chr22	36030042	36030542	chr22:36030042-36030542	89.8751376053642	76.270403157738	89.6815520091659	104.579912938279	7.22603942357969	154.695785973473	1.72123003196648
chr22	36030967	36031467	chr22:36030967-36031467	46.7818446076369	37.3713166950635	46.5986651399751	57.2332109700793	5.07212165444714	85.0697900616866	1.81843599317585
chr22	36044216	36044716	chr22:36044216-36044716	17.9532971032599	12.7289981875793	17.7976440692341	24.0618651709253	2.89767854356671	38.387340585875	2.13817776005638
chr22	36044722	36045222	chr22:36044722-36045222	34.2614147578025	26.4105816877268	34.0843513913204	43.1182857937613	4.26804066100045	64.4396967834926	1.88082416441421
chr22	36052403	36052903	chr22:36052403-36052903	32.4532161997178	24.8463851306873	32.2771560949073	41.0603750148169	4.14219900133479	61.3837712478703	1.89145417422154
chr22	36053882	36054382	chr22:36053882-36054382	40.4905195873324	31.8069970071085	40.3088667052703	50.2061838590154	4.69929490454028	74.2405703223139	1.83352970223529
chr22	36080187	36080687	chr22:36080187-36080687	22.4691275424619	16.435344969708	22.3056444740985	29.4317120822409	3.32180245250715	45.7535520702269	2.03628520883876
chr22	36117856	36118356	chr22:36117856-36118356	51.5435576410407	41.6973155305814	51.3626416163443	62.4177931341589	5.29081394160493	94.9082146333551	1.84132060294158
chr22	36123468	36123968	chr22:36123468-36123968	113.433205563287	98.1894298952461	113.242473330585	129.760827535148	8.05763954926337	198.182242776126	1.74712723485149
chr22	36138281	36138781	chr22:36138281-36138781	307.376623086764	281.728595394807	307.182817271639	334.126006909319	13.3691503719967	528.608392294884	1.71974168688056
chr22	36181760	36182260	chr22:36181760-36182260	24.7049721881783	18.6730738300015	24.5586611585259	31.5681558612684	3.29474512612098	56.2244337455016	2.27583473145563
chr22	36207193	36207693	chr22:36207193-36207693	29.193594753648	22.9642783837658	29.0640221782299	36.1591367292196	3.37002668308255	75.0427034321523	2.57051946036125
chr22	36217730	36218230	chr22:36217730-36218230	22.767835789122	17.7445716566255	22.6593220418771	28.4076624447025	2.72363604166443	69.8787867117404	3.0691888047228
chr22	36230000	36230500	chr22:36230000-36230500	29.0088587197923	24.4447692343433	28.9411282295565	33.9578208184199	2.42833432563436	142.706688385979	4.91941753946397
chr22	36232330	36232830	chr22:36232330-36232830	24.1991063714191	20.3423271990763	24.1410614843531	28.3857197569823	2.0532185389287	138.908334208689	5.74022577845065
chr22	36236360	36236860	chr22:36236360-36236860	84.744419769593	77.1954722944062	84.6833401830306	92.6404680088733	3.94086972204968	462.421549636949	5.4566607558846
chr22	36246287	36246787	chr22:36246287-36246787	19.3674279359749	15.3282471808568	19.2855496237002	23.8718413788746	2.18195198307935	78.7868104510702	4.06800586590665
chr22	36265440	36265940	chr22:36265440-36265940	13.846634199744	9.9280383705679	13.7336865751122	18.4069013482234	2.16765271956774	40.8045909339501	2.94689599980222
chr22	36276150	36276650	chr22:36276150-36276650	65.0626671289947	54.8346405870987	64.9110229517396	76.1523986380148	5.44163853606631	142.956644108597	2.19721463039884
chr22	36280608	36281108	chr22:36280608-36281108	18.4331460190987	13.5135157603056	18.3008078765501	24.1046363161899	2.70696571168589	46.3696072365235	2.51555579218434
chr22	36288175	36288675	chr22:36288175-36288675	21.1592807075579	15.7170914422613	21.0190718931345	27.3980631180716	2.98508609197394	50.2444478782469	2.37458203672775
chr22	36299107	36300335	chr22:36299107-36300335	76.4973324818304	64.766772026661	76.3280506004935	89.1898269618824	6.2341133806522	150.571642997029	1.96832540576226
chr22	36302941	36303441	chr22:36302941-36303441	21.2846470667141	15.7177794483783	21.1384002218251	27.6824049096426	3.05777025322	48.4532824752786	2.27644284274048
chr22	36306778	36307278	chr22:36306778-36307278	30.1577103681287	23.2292971495667	30.000988061496	37.9765868112183	3.76727444376083	64.0829082621493	2.12492617907338
chr22	36310534	36311034	chr22:36310534-36311034	137.178398690765	120.864192085897	136.999294296755	154.510390335729	8.58632068039013	255.245003328778	1.86067927432339
chr22	36311602	36312102	chr22:36311602-36312102	18.6538421138452	13.497444434628	18.5092910041594	24.6314679311915	2.84615020452202	42.9557158599742	2.30278114277013
chr22	36317697	36318197	chr22:36317697-36318197	108.570868760371	94.0876287990956	108.391081753834	124.075759174154	7.65350737162314	201.235972232323	1.85349877485529
chr22	36326956	36327456	chr22:36326956-36327456	44.3486036405113	35.5074680431057	44.178232949127	54.1578000765943	4.76263309778384	86.7092937443332	1.95517528459738
chr22	36328894	36329394	chr22:36328894-36329394	40.0240848975356	31.6875269545532	39.8553376955878	49.3194651065312	4.5030142447255	79.0016533949936	1.97385283379353
chr22	36332259	36332759	chr22:36332259-36332759	34.7879212232046	27.1015749672911	34.6216065976041	43.4192473532473	4.16798217130186	69.663493655165	2.00251958742212
chr22	36353342	36353842	chr22:36353342-36353842	25.9870154926366	19.4991634640442	25.8255424086057	33.3922877358083	3.55002008872877	53.585981450169	2.06202907237857
chr22	36355064	36355564	chr22:36355064-36355564	31.3664958753495	24.0819610388286	31.1996676143242	39.5989094009831	3.96401470458614	62.6125648138859	1.99616065060975
chr22	36369430	36369930	chr22:36369430-36369930	27.8306139431511	21.0392095079882	27.6659819633213	35.5573968221227	3.70944838237723	56.2894376056833	2.02257261448362
chr22	36390772	36391272	chr22:36390772-36391272	26.9714337728967	20.3131854911913	26.8078626253255	34.5590278980288	3.64000563648727	54.9039961096103	2.03563505640485
chr22	36391351	36391851	chr22:36391351-36391851	80.1116094078035	67.566329798431	79.9263888893135	93.7093894008593	6.67332749700189	144.113954700844	1.79891473615566
chr22	36398117	36398617	chr22:36398117-36398617	79.3559733886038	66.8727130378536	79.1707583504157	92.8917021002699	6.64169532658934	142.758293359623	1.79896090065634
chr22	36398749	36399249	chr22:36398749-36399249	54.522441522744	44.4135841105675	54.3427614126297	65.652278035114	5.42283100575636	101.087731266444	1.85405731003949
chr22	36406082	36406582	chr22:36406082-36406582	113.891382167414	98.6804106512582	113.702321388619	130.176702736917	8.03842582058268	200.742676462	1.76258003583554
chr22	36413567	36414067	chr22:36413567-36414067	20.6478477800726	15.0462070958192	20.4942418037989	27.1221698513949	3.08668416787057	44.7471305411461	2.16715713026187
chr22	36415196	36415696	chr22:36415196-36415696	24.278160522694	18.0722042102042	24.1194177137874	31.3860135013514	3.40228131034322	50.9203192915071	2.09737139038641
chr22	36418139	36418639	chr22:36418139-36418639	47.5488665504949	38.2603776838605	47.3738931383148	57.8315754700576	4.9975772266408	90.5234943193349	1.90379920461832
chr22	36424845	36425345	chr22:36424845-36425345	276.837973219045	252.656469583656	276.646294368799	302.108743347902	12.6179066414989	481.367430597067	1.73880564504852
chr22	36431187	36432527	chr22:36431187-36432527	78.7405454004345	66.406307291528	78.5583817870174	92.1099132243171	6.56115418689074	144.024491211945	1.82910202716414
chr22	36445248	36445748	chr22:36445248-36445748	102.983952643934	88.7223054412872	102.799644449557	118.292936884042	7.54721957280597	186.193768796796	1.80798817695957
chr22	36448543	36449043	chr22:36448543-36449043	202.040410499036	181.609880975839	201.851539284135	223.544241485899	10.700369360081	356.515935147442	1.76457736482942
chr22	36461826	36462326	chr22:36461826-36462326	91.5381454908284	78.2098207480707	91.3563165447473	105.899711119485	7.06756941377237	167.750589141775	1.83257578840269
chr22	36477042	36477542	chr22:36477042-36477542	29.7419289904983	22.7776992620861	29.5809296772799	37.6209153789932	3.79199472408985	61.5180861528597	2.0683959729886
chr22	36482108	36482608	chr22:36482108-36482608	31.550309840839	24.3420583071997	31.3882864249695	39.6791465603838	3.91787858447676	64.8493027758435	2.05542522729529
chr22	36485048	36485548	chr22:36485048-36485548	46.7665717954691	37.6836196612047	46.5965713953762	56.8154883842655	4.88533547794969	91.6394103505523	1.95950669104702
chr22	36500328	36500828	chr22:36500328-36500828	31.5556212067913	24.384443844517	31.3954068208805	39.6371072393473	3.89625264987123	65.5932646870183	2.07865547178332
chr22	36500969	36501469	chr22:36500969-36501469	22.4900049097846	16.6681228569852	22.3388834249145	29.1704771049983	3.19506939573365	49.5471307609838	2.20307336346679
chr22	36516723	36517223	chr22:36516723-36517223	21.5789354339872	15.9350318329649	21.4306627367856	28.0652389783031	3.10008770479552	48.4520403057758	2.24533969500011
chr22	36519977	36520477	chr22:36519977-36520477	143.899117961412	127.225515324656	143.7210720541	161.584493274645	8.76806046358812	269.345169879381	1.87176386968271
chr22	36540994	36541494	chr22:36540994-36541494	46.7801455708074	37.8860317028239	46.617582194651	56.5979714128049	4.77790548512837	95.8623406723024	2.04920996937051
chr22	36552905	36553405	chr22:36552905-36553405	20.6589204857107	15.2455109572583	20.5163917826648	26.8820950209743	2.97395544240758	48.2554459440287	2.33581643229644
chr22	36568708	36569208	chr22:36568708-36569208	19.7410688151667	14.5201658599092	19.6021167630389	25.7514120726545	2.87046849461308	47.2972353426864	2.39588017171334
chr22	36573122	36573622	chr22:36573122-36573622	23.3792424743114	17.588234489368	23.2364198984956	29.9817098287499	3.16673759240376	54.5050465859468	2.33134356880193
chr22	36576292	36576792	chr22:36576292-36576792	42.3012996342487	34.0667708102888	42.1467849046308	51.4138007196294	4.42959620896474	91.196704195379	2.15588421594363
chr22	36578023	36578523	chr22:36578023-36578523	52.0527705232288	42.7908637607417	51.8954710850027	62.2084941883038	4.95750633269377	110.24556931469	2.11795776106657
chr22	36580320	36580820	chr22:36580320-36580820	19.7348687969536	14.5466625288535	19.59774690709	25.7021202339914	2.85103090972809	47.9142434632966	2.42789774567404
chr22	36592974	36593474	chr22:36592974-36593474	116.800741400591	102.512050450693	116.639077075944	132.00810908453	7.52738372966893	240.770395982537	2.06137729174825
chr22	36593654	36594154	chr22:36593654-36594154	42.277356770708	34.1376978473861	42.1264873696908	51.2742774993198	4.37576062590561	93.3487574743623	2.20800836676335
chr22	36597664	36598164	chr22:36597664-36598164	245.389559966361	224.329832650158	245.225678793463	267.380586884877	10.9844674133294	499.061599357619	2.03375237082634
chr22	36607179	36607679	chr22:36607179-36607679	22.4446686020265	16.9142689007632	22.3090982623201	28.7453254794665	3.02297581083775	55.1260723342286	2.45608760421846
chr22	36609014	36609514	chr22:36609014-36609514	17.8938720138772	13.1021784174277	17.7644694185864	23.4207462736249	2.63734060827034	46.0337346236035	2.57259773557692
chr22	36613516	36614016	chr22:36613516-36614016	15.1583546764754	10.8653709568536	15.0345074374227	20.1549315961177	2.37491877989343	40.738647404531	2.68753755100836
chr22	36617860	36618360	chr22:36617860-36618360	30.5817040769575	23.965999005048	30.4419425980756	37.9915236354381	3.58230647677734	72.8782417862294	2.38306673829668
chr22	36635453	36635953	chr22:36635453-36635953	224.482973603382	205.07645164272	224.330800795826	244.754258847085	10.1238814367976	491.66887064732	2.19022789459304
chr22	36643928	36644428	chr22:36643928-36644428	20.5864742355888	15.4961418813334	20.4611857800021	26.3886449018369	2.78319760157697	54.711152477988	2.65762616035563
chr22	36648952	36649452	chr22:36648952-36649452	103.161658566018	90.4819816095564	103.017476514281	116.660666741533	6.68081495559348	238.439249329224	2.3113165554297
chr22	36650154	36650654	chr22:36650154-36650654	33.2148202451257	26.4748763398808	33.0823358592865	40.7075475172551	3.63465963926243	83.5095831818946	2.51422655807236
chr22	36650840	36651340	chr22:36650840-36651340	110.348673882386	97.2345800914657	110.204810818395	124.280289129693	6.90190945154768	255.620524774534	2.31648026007984
chr22	36654723	36655717	chr22:36654723-36655717	118.963744220287	105.382512521692	118.820990049725	133.356199139134	7.13852922607626	277.722947148567	2.33451753699265
chr22	36659572	36660072	chr22:36659572-36660072	44.7457652197012	36.8340789295261	44.6123291924363	53.4156713709009	4.23339447023133	111.718836165962	2.49674657741181
chr22	36673520	36674020	chr22:36673520-36674020	17.818493421116	13.3088701271195	17.7044671418073	22.9759600680506	2.47028919450775	52.0291061286377	2.91994979031056
chr22	36682430	36682930	chr22:36682430-36682930	60.2222487029578	51.1804781821973	60.0947286541935	69.9886468049904	4.80076365793022	157.359614820422	2.61298138494608
chr22	36697296	36697796	chr22:36697296-36697796	18.6731232701992	14.1853753113589	18.5662289330064	23.7682100620683	2.44832562840381	58.1695321791872	3.11514744145781
chr22	36725180	36725680	chr22:36725180-36725680	248.231921186321	231.461212374055	248.130170802625	265.580860056423	8.70509073125451	813.146230246576	3.27575207233816
chr22	36727467	36727967	chr22:36727467-36727967	130.494265852861	118.561487539145	130.395028474284	142.9909857366	6.23337666789901	438.264319469149	3.35849484730092
chr22	36730325	36730825	chr22:36730325-36730825	191.538356071465	177.109628520766	191.440347327159	206.524048429649	7.50482698985704	651.373583368247	3.40074748853547
chr22	36750920	36751420	chr22:36750920-36751420	26.3417568413877	21.7831834846416	26.2666722763983	31.3269833004107	2.43651334870436	116.88314342563	4.43718101755404
chr22	36761004	36761504	chr22:36761004-36761504	112.544092897834	103.334536320324	112.475904132112	122.141151704725	4.79845916702243	550.100200540567	4.88786382631329
chr22	36764437	36764937	chr22:36764437-36764937	426.51691879533	408.991101192883	426.453127309717	444.405256100306	9.03474484751244	2228.64421393566	5.22521877966841
chr22	36766098	36766598	chr22:36766098-36766598	127.128647233297	117.888415662219	127.068171489015	136.712551274997	4.80276489101352	700.654953954094	5.51138527155332
chr22	36767138	36767638	chr22:36767138-36767638	49.1800612871127	43.6383065243877	49.1226127218486	55.0482770309857	2.91165503591257	285.297713890048	5.8010849605185
chr22	36773104	36773604	chr22:36773104-36773604	75.6103770962607	69.4224542152532	75.5645556769985	82.0586933402798	3.22410377339207	549.977324987666	7.27383391154738
chr22	36779192	36779692	chr22:36779192-36779692	84.189786589751	79.0253808365206	84.1614294873393	89.515341361342	2.67629674690417	989.57857708913	11.7541404625629
chr22	36784024	36784524	chr22:36784024-36784524	421.989917272826	410.316700055251	421.96150816174	433.824580716786	5.9971247939737	4951.28558173059	11.7331845597853
chr22	36791812	36792312	chr22:36791812-36792312	25.4514543274606	22.280448609957	25.4148697937801	28.8303555826867	1.67155738257343	231.836935234229	9.10898576762627
chr22	36794503	36795003	chr22:36794503-36795003	21.0474547939936	17.9611534456197	21.0050276284121	24.374847750374	1.63704440879304	165.302053642763	7.85377877091039
chr22	36795215	36795715	chr22:36795215-36795715	30.8691236499778	27.0102639409462	30.8244439923023	34.9818802110198	2.03438751211254	230.240244696817	7.45859348997042
chr22	36801398	36801898	chr22:36801398-36801898	18.9184200714263	15.6819095750343	18.8657809485035	22.4540426880267	1.72888140194119	119.740019336061	6.32928219608105
chr22	36806025	36806525	chr22:36806025-36806525	53.7193194010855	47.7682399902684	53.6587318158733	60.0146983209105	3.12508120245343	295.487007823872	5.50057244057156
chr22	36809001	36809501	chr22:36809001-36809501	27.7667799543624	23.5196095924632	27.7056579735042	32.3612724201965	2.25687408458654	151.368803473235	5.45143526624353
chr22	36815222	36815722	chr22:36815222-36815722	197.144288295852	184.86354983519	197.075777278329	209.814364093574	6.36570278690164	959.126041795891	4.86509677803367
chr22	36819423	36819923	chr22:36819423-36819923	250.2019527619	236.162684310853	250.131629551522	264.640857964849	7.26551115073803	1185.90265829664	4.73978178509735
chr22	36822280	36822780	chr22:36822280-36822780	81.4939883289324	73.5906527713166	81.4240733671062	89.7946319160455	4.13467743415063	388.479295851424	4.76696875214173
chr22	36822811	36823311	chr22:36822811-36823311	46.7742239458091	40.8831279494407	46.7054652316206	53.0560482277877	3.10659513692204	226.696004166621	4.84660107732119
chr22	36826796	36827296	chr22:36826796-36827296	45.2102257661107	39.4040473918857	45.1410294677644	51.4096181355321	3.0639354037461	217.727929029485	4.81590006110284
chr22	36835646	36836146	chr22:36835646-36836146	34.2590430652785	29.2743660587961	34.1910934170545	39.6298432066039	2.64313059770196	168.001520132174	4.90385910114471
chr22	36841224	36841724	chr22:36841224-36841724	43.7219462956592	38.0769563834318	43.6542864871042	49.7514187176959	2.97944668650255	215.341500839144	4.92524965341087
chr22	36847736	36848236	chr22:36847736-36848236	258.407197655207	244.391860933393	258.339405197041	272.807789499516	7.24959512287304	1270.52058901823	4.91673839021113
chr22	36850942	36851442	chr22:36850942-36851442	146.272621548244	135.931461619948	146.206858656439	156.987500199278	5.37217272593769	741.354887030111	5.06830929249187
chr22	36855531	36856031	chr22:36855531-36856031	28.2157597878877	23.9816190612911	28.1560771063957	32.7890449963856	2.24808411780783	157.528226576242	5.58298722984824
chr22	36863456	36863956	chr22:36863456-36863956	27.3641298687497	23.4376532970954	27.3114043736051	31.590219137868	2.08082884854126	172.938053010069	6.31988131322121
chr22	36863974	36864474	chr22:36863974-36864474	145.508618440672	136.09744823525	145.454038313844	155.22995859768	4.88131398362951	888.595166586825	6.10682154850596
chr22	36866296	36866796	chr22:36866296-36866796	58.8481249524234	53.1380731567316	58.797585103013	64.8453811857182	2.98728808437833	388.070871780169	6.59444752222625
chr22	36875049	36875549	chr22:36875049-36875549	213.278177481867	203.828337422583	213.241027359683	222.939137231091	4.87551713302298	1913.60134691843	8.97232604625534
chr22	36876073	36876573	chr22:36876073-36876573	275.059843357878	264.335286692924	275.022842830372	285.99466990057	5.52565002476669	2477.92200906913	9.00866509200009
chr22	36877429	36878422	chr22:36877429-36878422	296.287553107647	285.198253329572	296.250856558608	307.585395372041	5.71129674438318	2691.2705781529	9.08330623384339
chr22	36882568	36883068	chr22:36882568-36883068	28.1205674076717	24.8621098519486	28.0857711651784	31.5767598498569	1.7135101858135	269.323827720797	9.57746775932129
chr22	36902799	36903299	chr22:36902799-36903299	82.4730051243892	76.681791852348	82.4364352351953	88.4720385684007	3.00812228685093	751.6794276895	9.11424806887764
chr22	36907031	36907531	chr22:36907031-36907531	35.6785390284025	32.0757659955809	35.6452824076002	39.4703000097961	1.88685812830108	357.549051981124	10.0214039508874
chr22	36925081	36925581	chr22:36925081-36925581	598.05844253176	587.217724405699	598.041237016077	608.996938079756	5.55606602070769	11586.5050617806	19.3735331495889
chr22	36938068	36938568	chr22:36938068-36938568	74.5422140473811	69.2597753900076	74.508538844522	80.0160228288286	2.7443173551363	737.795346647043	9.89768490345725
chr22	36940379	36940879	chr22:36940379-36940879	41.8188450826247	37.704346574549	41.781890691758	46.1433453050112	2.15334602637289	377.152006723327	9.01870929190319
chr22	36942080	36942580	chr22:36942080-36942580	101.482519970167	94.7512480057568	101.442450464396	108.441500224634	3.49283839462316	844.161422081634	8.31829385326453
chr22	36955919	36956419	chr22:36955919-36956419	16.6309102142796	13.6132678265392	16.5785403051348	19.9461307951714	1.61689430632935	105.795884641458	6.36140074586055
chr22	36958387	36958887	chr22:36958387-36958887	14.8578622596631	11.9771297696778	14.8040482682752	18.0443730243646	1.54926926781804	91.9726804364731	6.19016913934958
chr22	36984377	36984877	chr22:36984377-36984877	19.5054732728035	15.6883208411391	19.4334231020412	23.7320232543195	2.05399649123333	90.1806974731734	4.62335346658377
chr22	37040214	37040714	chr22:37040214-37040714	34.2142741839176	28.2767055741083	34.1161739795751	40.7092773290954	3.17402518747779	116.196735045769	3.39614788906984
chr22	37055765	37056265	chr22:37055765-37056265	182.169255581743	167.286563262967	182.059249871861	197.677086963259	7.75405922711622	551.940089189982	3.02982019346463
chr22	37137356	37137856	chr22:37137356-37137856	25.3229923256284	19.9168335637906	25.2104771707994	31.3684570706253	2.92480029050274	74.9613867793598	2.96021046073194
chr22	37153658	37154158	chr22:37153658-37154158	18.8940929387348	14.3329440902328	18.784891491818	24.0756875486101	2.48921683878142	57.6138150595214	3.04930304123821
chr22	37172167	37172667	chr22:37172167-37172667	249.375364620089	230.341877414785	249.24430301141	269.15364929959	9.90251369547901	634.185331353458	2.54309535474607
chr22	37177933	37178433	chr22:37177933-37178433	21.6833612918573	16.6881656445667	21.5700145760774	27.3225684101201	2.71663718383668	63.7074072693936	2.93807802267804
chr22	37242229	37242729	chr22:37242229-37242729	26.3860817972494	20.7227364211794	26.2674991292672	32.7232071724589	3.06501952668025	74.1111099202417	2.80871978225913
chr22	37252187	37252687	chr22:37252187-37252687	66.9881998427632	57.3898539983394	66.8595111360761	77.3178195971217	5.08632789781112	173.455432481308	2.58934309159595
chr22	37256796	37257296	chr22:37256796-37257296	19.9068276308372	15.1287859673008	19.7931884435394	25.3305305670632	2.60644046493986	58.3322183977332	2.93026189202402
chr22	37336585	37337085	chr22:37336585-37337085	32.3152622958802	26.1234289548166	32.2011085631712	39.1557345884762	3.32771830115898	94.3022946140388	2.9181967873447
chr22	37373422	37374414	chr22:37373422-37374414	184.035981275775	169.025286182091	183.925218077105	199.676120127981	7.82047254191236	553.782836285874	3.00910089672106
chr22	37378091	37378591	chr22:37378091-37378591	266.859039772361	248.90953701273	266.7506356293	285.424584854259	9.31623033816989	820.509101157699	3.07469104984271
chr22	37394637	37395137	chr22:37394637-37395137	24.6733352201942	20.0546275074458	24.5903614244053	29.763515779526	2.47899387279572	99.0614799232868	4.01492052206256
chr22	37410832	37411332	chr22:37410832-37411332	269.367698936559	257.547834223662	269.321690014591	281.449026869916	6.09762917648269	1951.50205854487	7.2447515654224
chr22	37412103	37412603	chr22:37412103-37412603	304.968522766538	292.378830139017	304.922480134562	317.819870381303	6.49043844807537	2207.81134603038	7.23947286756712
chr22	37416118	37416618	chr22:37416118-37416618	45.7686532592329	41.0333486845743	45.7238073844545	50.7588037651897	2.48166879728532	340.132887982271	7.43156863401166
chr22	37417843	37418343	chr22:37417843-37418343	28.6965827601458	25.0039711183748	28.6524829720451	32.6397952313922	1.9487378466192	216.847054362295	7.55654623321404
chr22	37427166	37427666	chr22:37427166-37427666	24.504718022567	20.3441149919706	24.4376094214462	29.0466539565611	2.2216758341126	121.657261604879	4.96464646085061
chr22	37427841	37428341	chr22:37427841-37428341	48.9531091064536	42.8037221245065	48.8815365908781	55.5092142055434	3.24250356392953	227.92902649037	4.65606844285856
chr22	37436861	37437361	chr22:37436861-37437361	22.6307100109179	18.2226854575382	22.547941323732	27.5090366430746	2.37128986262909	91.0808489398395	4.0246571537481
chr22	37440050	37440550	chr22:37440050-37440550	32.505313571144	26.9814755801639	32.4161309607527	38.5359160699042	2.94974320318701	121.434000247006	3.73581999082164
chr22	37447439	37447939	chr22:37447439-37447939	30.1489899581227	24.67671212285	30.053986138221	36.1611018919859	2.93217384069027	105.722178720378	3.50665739937647
chr22	37473830	37474330	chr22:37473830-37474330	22.9608029973806	18.0264215483721	22.8573365071224	28.4830749076302	2.67072426360402	73.9121849287092	3.21905923486827
chr22	37484074	37484574	chr22:37484074-37484574	36.1807158805472	29.693416136844	36.0696020212673	43.2993926971238	3.47378051029264	108.479971616689	2.99828151479484
chr22	37537956	37538456	chr22:37537956-37538456	47.8692326555114	40.1266229752908	47.7508136650784	56.2847443681192	4.12472841320543	134.685925505121	2.81362198709935
chr22	37545871	37546371	chr22:37545871-37546371	50.5772771370527	42.5976729533809	50.4585029576691	59.2318049039122	4.24610095874272	141.8829657958	2.80527094037369
chr22	37557489	37557989	chr22:37557489-37557989	42.1603421855483	34.9650429209466	42.0436264476223	50.0188574886024	3.84312645838899	120.348007317915	2.85453108488212
chr22	37562567	37563067	chr22:37562567-37563067	50.4226492552817	42.4828193401575	50.3047161191933	59.0326238431686	4.2245646423796	142.458182953227	2.8252815958159
chr22	37572512	37573012	chr22:37572512-37573012	26.3494024198439	20.8814522432611	26.2391822594093	32.4436247776027	2.95283334441308	79.6276076145802	3.0219891269569
chr22	37578061	37578561	chr22:37578061-37578561	19.8528285752749	15.2462164658761	19.7474338603731	25.0582687342177	2.5066152041339	62.7291562376015	3.15970875383096
chr22	37582211	37582711	chr22:37582211-37582711	83.5928323602728	73.2380749055706	83.4741040386842	94.6222766798966	5.45729270333913	234.630024190156	2.80681988593155
chr22	37586250	37586750	chr22:37586250-37586750	48.3596945719068	40.6983527514828	48.2451424440922	56.6719680411984	4.07751644378159	140.661633425058	2.90865429714214
chr22	37589773	37590273	chr22:37589773-37590273	280.144833131323	260.753864813621	280.024195056286	300.221366492442	10.0695663731492	774.004875096466	2.76287399787109
chr22	37594466	37594966	chr22:37594466-37594966	85.8370381234104	75.452355870907	85.7209299495466	96.8815196597398	5.46866979181881	246.368991476425	2.87019446223451
chr22	37595377	37595877	chr22:37595377-37595877	436.641372284926	412.448809026899	436.521758695346	461.513682657617	12.5176818679077	1216.75165774798	2.78661559572509
chr22	37608225	37608725	chr22:37608225-37608725	35.3405567649	29.0960464127293	35.2353169112919	42.1830687338056	3.3412030093538	111.877060401788	3.16568471589285
chr22	37612294	37612794	chr22:37612294-37612794	16.9860876821629	12.9580241592733	16.8916053857888	21.5509722141249	2.19532534228615	59.8671993034697	3.52448429701304
chr22	37626078	37627046	chr22:37626078-37627046	83.7470639291134	74.5063599185142	83.6533813401905	93.5201357600147	4.85197007996319	297.922258812699	3.55740541620506
chr22	37638462	37638962	chr22:37638462-37638962	286.792455837858	272.091752559874	286.725356366684	301.874476500202	7.5982411407684	1424.65366949705	4.96754234812402
chr22	37640104	37640604	chr22:37640104-37640604	122.754618190466	113.245023072128	122.688115239837	132.642136330589	4.94903965800136	615.224768856843	5.0118258516536
chr22	37650832	37651332	chr22:37650832-37651332	47.7792942070045	41.1735684790259	47.6940783550193	54.869261773345	3.49550321942559	186.835779054659	3.91039219301126
chr22	37654920	37655859	chr22:37654920-37655859	76.3652881036362	67.4925117523379	76.2702647946506	85.7780485713837	4.66629097909249	267.823299012945	3.50713400896857
chr22	37656731	37657231	chr22:37656731-37657231	26.8752667237293	21.8266491964919	26.7842148799293	32.4412576026891	2.71027141370502	98.3286320565336	3.6587034862696
chr22	37663104	37663604	chr22:37663104-37663604	15.1080959061883	11.4205535007266	15.018683877745	19.3036445663042	2.0141591455905	56.2641679522379	3.72410714769105
chr22	37669409	37669909	chr22:37669409-37669909	95.4371936528128	84.8152690194408	95.3285176074822	106.676688592979	5.57866647980032	292.667518238762	3.06659811586084
chr22	37670527	37671027	chr22:37670527-37671027	21.5450740539039	16.8924595709251	21.4469800300899	26.7550519622123	2.51902660554582	73.1527190711674	3.39533384235049
chr22	37675418	37675918	chr22:37675418-37675918	16.0629711108301	12.1351053116992	15.9675285588494	20.5331058873512	2.14573373782465	56.0402542590316	3.48878509911828
chr22	37677687	37678187	chr22:37677687-37678187	27.0632129349669	21.683262090593	26.9598677969256	33.0303802086134	2.89763390053194	87.2311667283937	3.22323764506494
chr22	37678223	37678723	chr22:37678223-37678723	20.6540469144053	16.0623048794458	20.5539934947825	25.8142791654469	2.49096383018808	68.7504389619277	3.32866673765407
chr22	37693759	37694259	chr22:37693759-37694259	38.0574523278291	31.4212826918986	37.9472311480795	45.3199307931746	3.54834024508092	115.034712139435	3.02265929806649
chr22	37697813	37698313	chr22:37697813-37698313	36.2458573231333	29.7754339133326	36.1355702319483	43.3429605790438	3.46393797577549	109.490525207935	3.02077349783238
chr22	37699844	37700344	chr22:37699844-37700344	39.88817188458	33.051611429924	39.7767552206772	47.3578367483889	3.65229635304767	119.276873266655	2.99028177104214
chr22	37700535	37701035	chr22:37700535-37701035	47.1334294251705	39.6266219482237	47.0205361724754	55.2817415026172	3.99624316376527	139.108692164062	2.9513806625277
chr22	37702853	37703353	chr22:37702853-37703353	145.196264708856	131.442575551929	145.07757010007	159.624464619632	7.19093625668594	407.699341352188	2.80791893765102
chr22	37703548	37704048	chr22:37703548-37704048	38.0757688462229	31.4055412021302	37.9644145107549	45.3787435543566	3.56740061842611	113.918326570658	2.99188512859035
chr22	37705806	37706306	chr22:37705806-37706306	30.7778772834758	24.864865356116	30.6685396425834	37.3121619177021	3.1783565419272	93.7717669589959	3.046726260402
chr22	37710853	37711353	chr22:37710853-37711353	17.0133313658172	12.8510941910799	16.9121383318695	21.750509476379	2.27385149198811	55.982788594118	3.29052478849601
chr22	37712746	37713246	chr22:37712746-37713246	35.3504583685285	28.9377775069925	35.2391993775336	42.3953391350232	3.43595709033055	105.850919684747	2.99432948170717
chr22	37726411	37726911	chr22:37726411-37726911	34.4406587120229	28.1103246178414	34.329217973393	41.404223302644	3.39424984593446	102.956858942164	2.98939865822668
chr22	37828251	37828751	chr22:37828251-37828751	15.1426361486853	11.3728206353833	15.0491169499019	19.4437880685277	2.0623016501023	53.9136327193257	3.56038619629691
chr22	37851422	37851922	chr22:37851422-37851922	95.4500119260086	84.9240473531378	95.3433643063099	106.58202042177	5.5267192385097	298.275215859251	3.12493639173633
chr22	37853312	37853812	chr22:37853312-37853812	36.0930164792373	29.9023485941698	35.9920440814171	42.8574410846683	3.30736374558994	119.091958293228	3.29958451551802
chr22	37882413	37882913	chr22:37882413-37882913	25.1341620818145	20.2208448208704	25.041533977833	30.5738033022689	2.64366977385825	90.3887564605414	3.59625103738552
chr22	37888808	37889308	chr22:37888808-37889308	45.8234132637378	38.9825876583085	45.7275288477187	53.2090987513319	3.63127690348911	159.241454694438	3.4751111572139
chr22	37897647	37898147	chr22:37897647-37898147	30.5406912560923	25.1429979076214	30.4496988521577	36.4554282878013	2.88813913876109	111.820518415117	3.66136173793418
chr22	37898218	37898718	chr22:37898218-37898718	19.6399961618308	15.4599699610085	19.5533014509459	24.312618308229	2.2609921867364	75.4544180694829	3.84187539792518
chr22	37908476	37908976	chr22:37908476-37908976	137.341051849392	125.402564940912	137.246899002637	149.814587709683	6.22879487545934	486.175064210989	3.5399107380081
chr22	37915338	37915838	chr22:37915338-37915838	22.3397761373227	17.9468323784911	22.2564100920279	27.2064148894082	2.36450060716576	89.2644994232642	3.99576517126022
chr22	37916785	37917285	chr22:37916785-37917285	43.0034207471912	36.6726239920286	42.9160183712206	49.8308796217202	3.35855470536492	163.946123914323	3.81239727132712
chr22	37923433	37923933	chr22:37923433-37923933	14.1366040227041	10.8392140155296	14.0607114002621	17.8651971190895	1.79490605373404	62.0307085339534	4.3879497815974
chr22	37929913	37930413	chr22:37929913-37930413	67.2186771433147	59.4252082664862	67.1354011143518	75.4853745649563	4.09839221908922	269.000375349414	4.00186952170878
chr22	37934666	37935166	chr22:37934666-37935166	162.95609487944	150.777942218162	162.874055990463	175.600458883845	6.33323006740619	662.049843549688	4.06274981024486
chr22	37941087	37941587	chr22:37941087-37941587	36.7413904439116	31.385333429608	36.6682274879031	42.5131950326571	2.84027979224572	167.335824392589	4.55442274695725
chr22	37948629	37949129	chr22:37948629-37949129	382.634046555786	365.804962839217	382.56838326658	399.836286908139	8.68201188124875	1942.34543713631	5.07624832296025
chr22	37956151	37956651	chr22:37956151-37956651	41.5816402028578	36.5994351652709	41.5265068569207	46.8771477237243	2.622828463731	251.341068049801	6.04452029365901
chr22	37957656	37958156	chr22:37957656-37958156	112.616593271678	104.234768165865	112.560367867144	121.317936667542	4.35860388062096	667.590224399748	5.92799164852416
chr22	37959248	37959748	chr22:37959248-37959748	74.5571583232957	67.8107657559365	74.5016682850153	81.6188872995119	3.52323469175123	447.81181383146	6.00628865024137
chr22	37963137	37963637	chr22:37963137-37963637	34.0458324476014	29.4408763363014	33.9878124463739	38.9804900915239	2.4347109763765	195.538863928286	5.74340087672204
chr22	37965474	37967154	chr22:37965474-37967154	101.838704721121	93.3653399173391	101.774867537336	110.674842352318	4.41649903651456	531.703420014326	5.22103478702291
chr22	37975945	37976445	chr22:37975945-37976445	45.3720694631448	39.7467484306737	45.3075075935525	51.3642704485337	2.96481779369528	234.196909470895	5.16169776344742
chr22	37988507	37989007	chr22:37988507-37989007	94.168103505072	86.3731823614415	94.1096923416754	102.294962665411	4.06241636727083	537.327145586261	5.70604191425943
chr22	37995141	37995641	chr22:37995141-37995641	41.4766827433589	36.8361209020212	41.4289384879874	46.3885593942157	2.43762953952204	289.516034299553	6.98021189618665
chr22	37997494	37997994	chr22:37997494-37997994	192.884353627185	183.195435568741	192.841039051068	202.819422757663	5.00650706498937	1484.3090428663	7.69533150280934
chr22	38003096	38003596	chr22:38003096-38003596	83.8956125946729	77.9996141613882	83.8583489691579	90.0033735739466	3.06259777353855	750.409933223847	8.94456706394556
chr22	38004376	38004876	chr22:38004376-38004876	191.423519842124	182.442356567027	191.386082106877	200.617437105065	4.63682400911448	1704.31305315241	8.90336283941513
chr22	38027053	38027553	chr22:38027053-38027553	57.0223118007172	51.1175152219026	56.9663384657928	63.2451883763973	3.09465025367599	339.520884477204	5.95417607170626
chr22	38029764	38030264	chr22:38029764-38030264	159.480546354983	149.405112851263	159.423514767046	169.880081278791	5.22379383519307	932.058931764927	5.84434247980492
chr22	38030396	38030896	chr22:38030396-38030896	58.8046505803255	52.8052746335124	58.7486674918854	65.122162308216	3.14290815909877	350.07408843841	5.95317011467006
chr22	38039231	38039731	chr22:38039231-38039731	29.7218694561408	25.66837030478	29.6703409573828	34.0681815263397	2.14382592746097	192.208773182083	6.46691398284073
chr22	38053522	38054022	chr22:38053522-38054022	84.9507510179359	78.9248934570111	84.9122980640051	91.1951297959987	3.13059276598221	736.344912536902	8.66790350542558
chr22	38054252	38054752	chr22:38054252-38054752	225.427849564908	215.554292875748	225.389489066099	235.519404402475	5.09346240519973	1958.7947275582	8.68923130544345
chr22	38057222	38057722	chr22:38057222-38057722	47.739669067884	43.3742469264919	47.7033648993148	52.3113988538773	2.28038388990888	438.271146474493	9.18043955963097
chr22	38063980	38064480	chr22:38063980-38064480	90.5173740144127	84.6141881488856	90.4828438128544	96.6167893314917	3.06225174858406	873.739781846935	9.65273011242918
chr22	38071127	38071627	chr22:38071127-38071627	167.934024910994	160.30804921438	167.903281247103	175.734713104343	3.93563538447833	1820.73894086768	10.8419895362639
chr22	38072988	38073488	chr22:38072988-38073488	195.550530077334	187.336238529677	195.519950816823	203.938600013332	4.23554844564317	2131.56552746204	10.9003311145159
chr22	38077513	38078013	chr22:38077513-38078013	61.1141803717629	56.5069582607204	61.0828609498255	65.8993847171033	2.39639436307915	650.380339743233	10.6420528883299
chr22	38082157	38082657	chr22:38082157-38082657	95.9473146426075	89.5522249596753	95.9090546626202	102.559829351302	3.31867566556971	835.864781306768	8.7117058400255
chr22	38092639	38093139	chr22:38092639-38093139	132.863904062111	124.134599039374	132.812449891218	141.88561460402	4.52886507701614	860.667203700671	6.47781058200977
chr22	38127772	38128272	chr22:38127772-38128272	40.5948371030481	35.3660565608849	40.5323256063007	46.178844546431	2.75953272231138	216.406603849978	5.33088981982216
chr22	38131059	38131559	chr22:38131059-38131559	45.5349763674217	40.0149078700102	45.4731243761382	51.4065264993183	2.90711734663039	245.338161202881	5.38790575454016
chr22	38138254	38138754	chr22:38138254-38138754	30.4295017903086	26.1749751179095	30.3739488773621	34.9997091830566	2.2523305026355	182.526298621603	5.99833345545391
chr22	38141876	38142376	chr22:38141876-38142376	59.431830118846	53.3400512788737	59.3747035849371	65.8482424979792	3.19173092645889	346.725405217559	5.83400182232671
chr22	38142960	38143947	chr22:38142960-38143947	31.3092359757861	26.984313631523	31.2534950510571	35.9509079683966	2.2885101439274	187.171299733298	5.97814970247286
chr22	38158411	38158911	chr22:38158411-38158911	71.1283152866032	64.0278288462425	71.0635600667794	78.5967875884974	3.71752988240654	366.080088936574	5.146756076838
chr22	38163318	38163818	chr22:38163318-38163818	13.0278406177522	10.2389842533252	12.9696194176731	16.1475068609135	1.50907559878419	74.5285857232729	5.72071672581853
chr22	38173273	38173773	chr22:38173273-38173773	145.701287647156	135.442839335549	145.636328674051	156.328886208293	5.32879630148526	747.598706618611	5.13103706007779
chr22	38178540	38179040	chr22:38178540-38179040	34.6844634743345	29.9186809978177	34.623391004394	39.7972925394874	2.52126791531524	189.248291477249	5.45628424142375
chr22	38187776	38188276	chr22:38187776-38188276	67.9793037229447	61.3810172510294	67.9208812707392	74.9095893468982	3.45201035687823	387.801285139702	5.70469633993632
chr22	38199175	38199675	chr22:38199175-38199675	176.885983191461	167.398734690502	176.840617170593	186.631040544576	4.90662181782034	1299.63580747097	7.34730804568185
chr22	38202257	38202757	chr22:38202257-38202757	49.3391038311466	44.4650506769937	49.2951408870189	54.462986324496	2.551138750387	374.03681899398	7.58094067281901
chr22	38202833	38203333	chr22:38202833-38203333	65.4586399184909	59.8152175614762	65.4145145361405	71.3528167736807	2.94384136566399	494.430379860124	7.55332497705098
chr22	38203518	38204018	chr22:38203518-38204018	172.674781810511	163.392354162872	172.630291528545	182.210041595313	4.80084422368518	1293.66730743529	7.49192959082425
chr22	38213658	38214158	chr22:38213658-38214158	75.3266930610794	69.0403348559692	75.2791833911915	81.8830383445662	3.27680391369369	528.441475110992	7.01532821416307
chr22	38240248	38240748	chr22:38240248-38240748	813.79859717976	799.761243127602	813.777405861166	827.956379631282	7.19281833129067	12800.7581043946	15.7296389410795
chr22	38245138	38245638	chr22:38245138-38245638	145.468947633425	139.567464657686	145.447745548336	151.490919646493	3.04187028250609	2286.96339796731	15.7213167151683
chr22	38248164	38248664	chr22:38248164-38248664	33.301300546348	30.4966831278759	33.2799014543923	36.2275242762198	1.46222338592404	518.67454966031	15.5752040055742
chr22	38259451	38259951	chr22:38259451-38259951	68.1551970824139	62.6774124782536	68.1153924969915	73.8591828537506	2.85298332016503	570.688985746991	8.37337444798095
chr22	38287975	38288475	chr22:38287975-38288475	20.6837519363469	17.1415824788219	20.6260761899732	24.5536531236216	1.89225627705046	119.480967869228	5.77656163334989
chr22	38289354	38289854	chr22:38289354-38289854	29.0368704701765	24.744540490685	28.9773460657484	33.6674463702536	2.27752114753984	162.545435357403	5.59789787003222
chr22	38301016	38301516	chr22:38301016-38301516	169.950051007121	158.776840621774	169.884146871394	181.497783657839	5.79685703159337	859.522835996243	5.05750266565221
chr22	38301834	38302334	chr22:38301834-38302334	66.7703358557836	59.8875349550495	66.7054048293162	74.0221208077412	3.60675076254802	342.716376098857	5.13276399925689
chr22	38309215	38309715	chr22:38309215-38309715	73.4514705001948	66.1639538570875	73.3854381858058	81.1142305399355	3.81481851316731	370.726154600893	5.04722576792945
chr22	38329847	38330347	chr22:38329847-38330347	326.857710626821	311.502303998575	326.793616648093	342.577355348372	7.9278638379432	1699.8284903097	5.20051519375178
chr22	38348574	38349074	chr22:38348574-38349074	29.1113177166283	25.5138257036667	29.0701733171037	32.9426174084808	1.89583959602501	235.787375833651	8.09950886211413
chr22	38349413	38349913	chr22:38349413-38349913	1235.2961421649	1210.66009691221	1235.25308338445	1260.1768865972	12.632182116351	9562.8075074559	7.74130767598507
chr22	38361131	38361631	chr22:38361131-38361631	41.6270446596619	36.5624099620758	41.5700760207149	47.0154106088398	2.66759115458184	243.507656192071	5.84974643727324
chr22	38387619	38388119	chr22:38387619-38388119	18.9721015132083	15.2788280487147	18.9027980640532	23.0591659494365	1.98672379182402	91.1918222578188	4.80662736251604
chr22	38408690	38409190	chr22:38408690-38409190	51.6402233120493	45.030193507908	51.5617259259875	58.6963215305522	3.48771575814914	219.227007745061	4.24527613717557
chr22	38419038	38419538	chr22:38419038-38419538	25.5938417868568	21.0775095847739	25.5178382128485	30.542047209505	2.41635355032481	112.188929633258	4.38343452177119
chr22	38428758	38429258	chr22:38428758-38429258	63.3121857198465	55.8900522760413	63.2319393153393	71.1903309163196	3.90450592417613	262.931392549138	4.1529350086348
chr22	38430414	38430914	chr22:38430414-38430914	149.90200414411	138.241066756637	149.820103346601	162.028367368678	6.06917303768973	610.036525614723	4.06956884331085
chr22	38448162	38448662	chr22:38448162-38448662	32.78425123623	27.8638413489652	32.714884364061	38.0988356271438	2.6124695331425	157.480965840684	4.80355536278501
chr22	38453011	38453511	chr22:38453011-38453511	82.5436443105018	74.4602417629081	82.4714003707502	91.037589576224	4.22996705698582	380.796815659743	4.61327845215207
chr22	38493693	38494193	chr22:38493693-38494193	50.351727788807	43.6309660465938	50.2682479668796	57.5468685922122	3.55158915128629	200.994102160028	3.99180149295112
chr22	38496751	38497251	chr22:38496751-38497251	54.4666762601602	47.4482230264506	54.3827312746505	61.9621539952414	3.70410309478325	216.219877273215	3.96976448939972
chr22	38499263	38499763	chr22:38499263-38499763	22.7246490585048	18.4002199010195	22.6455296221266	27.4986478177378	2.32319603205108	95.6803280285664	4.21042049020147
chr22	38510448	38510948	chr22:38510448-38510948	32.2900962778336	27.0076425208948	32.2082938491029	38.0373816904344	2.81563614861426	131.518127014353	4.07301749374582
chr22	38523225	38523725	chr22:38523225-38523725	143.565542947849	131.839955762049	143.478898448247	155.783512411294	6.10913261199387	552.257128465686	3.84672475808696
chr22	38539359	38539859	chr22:38539359-38539859	105.752100960239	95.7927747044144	105.666674782225	116.196882263416	5.20633172600282	412.58585645086	3.90144359028844
chr22	38541651	38542151	chr22:38541651-38542151	25.1376087664792	20.5716156694609	25.0582750711161	30.1543945374566	2.44666105484273	105.560225020085	4.19929461074472
chr22	38543873	38544373	chr22:38543873-38544373	28.4885008402436	23.5923009327296	28.4084646108006	33.8394914102927	2.61605943325887	118.58888314939	4.16269300425483
chr22	38546474	38546974	chr22:38546474-38546974	29.2469744496591	24.2842188124983	29.166981043614	34.664278704254	2.64992861365864	121.812972799613	4.16497689391023
chr22	38558517	38559017	chr22:38558517-38559017	29.3551368528755	24.4277105764106	29.2766518695056	34.7285414443498	2.62965973768842	124.614650783298	4.24507136205333
chr22	38559772	38560272	chr22:38559772-38560272	130.922571684304	119.9559656293	130.83936962587	142.361996780918	5.71688532585711	524.457249812542	4.00585814245364
chr22	38576062	38576562	chr22:38576062-38576562	102.47319268203	93.2855496986942	102.398346961347	112.086165939892	4.79708564750864	456.315887589106	4.45302693949464
chr22	38577632	38578132	chr22:38577632-38578132	127.407085159029	117.125264397421	127.332053553652	138.115294824913	5.3555279388267	565.955886464357	4.44210685581522
chr22	38589537	38590037	chr22:38589537-38590037	66.9436099818258	59.3754353931563	66.8648809995112	74.9591749090959	3.97674719344042	283.375493912412	4.23304769475898
chr22	38592847	38593347	chr22:38592847-38593347	25.0591260831925	20.6159962078739	24.9839597318029	29.9293713606696	2.37777957449442	111.06792500373	4.43223457334472
chr22	38597658	38598158	chr22:38597658-38598158	186.35775121522	173.337007725179	186.275953591654	199.843336121731	6.76272387982484	759.366809466922	4.07477984959127
chr22	38598354	38598854	chr22:38598354-38598854	37.6756118662274	32.0811942988917	37.5976518890112	43.7130347038532	2.96897638083071	161.030129796546	4.27412115742955
chr22	38598865	38599365	chr22:38598865-38599365	24.7487769252855	20.322033052178	24.6731594733073	29.6051985579304	2.37010158227707	109.03691660841	4.40574970381701
chr22	38610535	38611035	chr22:38610535-38611035	73.1941203296985	65.2071423302746	73.1140966765425	81.6358472780549	4.19227903056733	304.82601580927	4.16462435010079
chr22	38636714	38637214	chr22:38636714-38637214	61.2234425979324	54.0604225662627	61.1461612861516	68.8256249024516	3.76795368711353	264.012433665078	4.31227684138745
chr22	38654834	38655334	chr22:38654834-38655334	38.5596170811741	33.0633403787396	38.4863399557608	44.4722915677001	2.91195558921994	175.346027199329	4.54740063497514
chr22	38662064	38662564	chr22:38662064-38662564	108.112182690361	98.6941977603428	108.037740359838	117.953206197668	4.91399298116186	484.038835309672	4.47719048181632
chr22	38663042	38663542	chr22:38663042-38663542	153.756739886609	142.468055835307	153.682081355553	165.469694404059	5.86862265436717	686.429520635728	4.46438654423832
chr22	38668780	38669280	chr22:38668780-38669280	40.7409961903344	35.1896279705047	40.6704940228022	46.692996069697	2.93592289516442	192.5635114056	4.7265292803833
chr22	38669352	38669852	chr22:38669352-38669852	30.7298006904657	25.9771879045125	30.6605779581226	35.8757668591047	2.52669077937018	147.91604837757	4.81343988747258
chr22	38671973	38672473	chr22:38671973-38672473	32.6178777268516	27.7299167106332	32.5490825280792	37.8967648356832	2.59507071848796	157.98396381436	4.84347771296919
chr22	38673224	38673724	chr22:38673224-38673724	71.4386066071823	64.0070418162242	71.3678192926053	79.2724347416676	3.89531996788568	336.340895430588	4.70811108172948
chr22	38674726	38675226	chr22:38674726-38675226	34.5236226469224	29.5084029407956	34.4553737716296	39.9266659390389	2.65915148249921	168.556911678581	4.88236455954911
chr22	38679127	38679627	chr22:38679127-38679627	28.1658592051983	23.7267739421609	28.0998601494328	32.9799782354684	2.36201003098036	142.194412999494	5.0484670807859
chr22	38680995	38681495	chr22:38680995-38681495	140.12633537083	129.763226991982	140.057278011484	150.881883696601	5.38821021579451	676.31725340629	4.82648212854839
chr22	38701585	38702545	chr22:38701585-38702545	64.2345865186479	58.1334279515239	64.1817828821395	70.6358144389646	3.19013292844262	405.434130568275	6.31177302667891
chr22	38712159	38712659	chr22:38712159-38712659	28.4553821000504	25.0715356604025	28.4182358736521	32.050317017102	1.78094567816195	255.286293296613	8.97145898090613
chr22	38713359	38713859	chr22:38713359-38713859	29.5894984936124	26.1359451249593	29.5523340766836	33.2542441069772	1.81652617842123	265.333378510893	8.96714686016635
chr22	38714154	38714654	chr22:38714154-38714654	222.862408264243	213.041164328613	222.824010960787	232.901859487126	5.06682672643475	1934.64610374204	8.68089920956147
chr22	38715258	38715758	chr22:38715258-38715758	38.8411607104681	34.8548567761726	38.8037282783337	43.040182289744	2.08866121774649	345.818636152597	8.90340633047547
chr22	38732189	38732689	chr22:38732189-38732689	12.5657597748765	9.99179894928246	12.5146270531235	15.430258563924	1.38887263243928	81.8564046132874	6.51424236017533
chr22	38749086	38749586	chr22:38749086-38749586	21.7914668187446	18.1380526829828	21.7333514427073	25.7751123319104	1.94963230680259	124.930219484637	5.73298807848833
chr22	38765258	38765758	chr22:38765258-38765758	17.0251563179418	13.8406558246163	16.9679977084064	20.5344429422765	1.70913830885375	99.2265288254711	5.82823011856298
chr22	38765793	38766293	chr22:38765793-38766293	27.2537307713711	23.1082635466531	27.1944335694847	31.7361512275415	2.20229224754622	153.144718102498	5.61922033306978
chr22	38766453	38766953	chr22:38766453-38766953	44.8437869074849	39.4140879697029	44.7830260377082	50.6187670906767	2.85940822022508	245.953064251386	5.48466312086444
chr22	38790952	38791452	chr22:38790952-38791452	71.4666596482563	64.6700478685275	71.4077593560743	78.5979864650915	3.55388152327625	404.39062266827	5.65845143257842
chr22	38791829	38792329	chr22:38791829-38792329	34.4899625227058	29.8820955429713	34.4326702489885	39.4233962212497	2.43511395250113	200.607361910188	5.81639837324039
chr22	38793368	38793868	chr22:38793368-38793868	34.4819894837413	29.8844848208185	34.4249499912112	39.4036245072593	2.42945362536004	201.45006100578	5.84218207887242
chr22	38794685	38795533	chr22:38794685-38795533	106.696922617642	98.3702153502761	106.638243870563	115.35708941264	4.33409310533657	606.048406771249	5.6800926578087
chr22	38808333	38808833	chr22:38808333-38808833	85.9401736869805	78.6415198966272	85.8839962249183	93.558071447181	3.80596732625968	509.873385241362	5.93288753521108
chr22	38818421	38818921	chr22:38818421-38818921	19.6896939477579	16.4495164914059	19.6391924051847	23.2168395023264	1.72755464231628	129.901553647669	6.5974389440655
chr22	38839970	38840470	chr22:38839970-38840470	41.4736383321198	36.9368199596157	41.4280636031481	46.2694433277574	2.38150351889052	303.278635261082	7.31256401554248
chr22	38857437	38857937	chr22:38857437-38857937	95.5594136249503	89.2567220332389	95.5221139783459	102.074072897305	3.27012836161414	853.920327039998	8.93601472264624
chr22	38859298	38859798	chr22:38859298-38859798	164.542361102961	156.377823201798	164.506317433035	172.911730509859	4.21815418816567	1521.63520800802	9.24768064471785
chr22	38863725	38864225	chr22:38863725-38864225	40.4418003423977	36.5897327353014	40.4083633025719	44.4838819289333	2.01428877461337	403.104361011799	9.96751770690086
chr22	38877725	38878225	chr22:38877725-38878225	21.4494804881229	18.96985746047	21.4230672171596	24.0792009386151	1.30385028734837	270.63134863215	12.6171516733007
chr22	38878269	38879234	chr22:38878269-38879234	46.7575070748906	43.0593005059449	46.7310793986674	50.6058967299603	1.92547385630635	589.694998084757	12.6117715630188
chr22	38879450	38879950	chr22:38879450-38879950	25.1454393361979	22.5031120401678	25.1200009129963	27.932325542982	1.3853976383889	329.434872621487	13.1011778405181
chr22	38886370	38887368	chr22:38886370-38887368	48.2777771172807	44.9846958374384	48.2575982642569	51.6855313384032	1.70961627389343	797.438582515972	16.5177153989249
chr22	38900575	38901075	chr22:38900575-38901075	134.466454744361	130.809698309653	134.457707845679	138.172918961273	1.87843929246285	5124.28860041224	38.1083044849677
chr22	38902272	38902772	chr22:38902272-38902772	479.534353878215	472.601835425468	479.525594759006	486.516649649559	3.54977980035326	18248.8971481496	38.0554531715244
chr22	38909017	38909517	chr22:38909017-38909517	33.5241771282669	31.4759332037042	33.5129768093146	35.6360707362519	1.0613723978567	997.655669634419	29.7592888206409
chr22	38910557	38911057	chr22:38910557-38911057	302.251075564874	295.515316251068	302.237904923133	309.061682427292	3.45580879342762	7649.55724871541	25.3086187846287
chr22	38912919	38913419	chr22:38912919-38913419	29.2510202759237	27.0025302675032	29.2354226673063	31.5881484159353	1.16998621804437	625.05832789462	21.3687701146309
chr22	38920337	38920837	chr22:38920337-38920837	38.128942157868	35.0507208550557	38.1064697349367	41.3348695329657	1.60337728288468	565.507098460273	14.8314394907381
chr22	38927630	38928130	chr22:38927630-38928130	20.5796280613736	18.1137108937654	20.5523386854895	23.2006206927188	1.29815775656977	251.315976182667	12.2118813534035
chr22	38966152	38966652	chr22:38966152-38966652	190.165414309654	180.537026123574	190.122018709713	200.040413981535	4.97574430820097	1460.65267408463	7.68095859800348
chr22	38966859	38967359	chr22:38966859-38967359	27.7324670089938	24.192197578865	27.6905454111698	31.5109597433075	1.86780816341888	220.451202259205	7.94920993461243
chr22	38968107	38968607	chr22:38968107-38968607	45.3180663195566	40.7050392715337	45.2751222694656	50.175132086883	2.41648688231408	351.70120586796	7.76072843417387
chr22	38979535	38980035	chr22:38979535-38980035	21.2821216338657	18.0808668828386	21.2368815961556	24.7404510105626	1.69985495902719	156.749480024627	7.36531266578216
chr22	39002522	39003022	chr22:39002522-39003022	57.6551029174238	51.9949458320143	57.6043836540653	63.6034837731096	2.96210174858392	378.857211495267	6.57109591908774
chr22	39028521	39029021	chr22:39028521-39029021	41.4980013074831	36.7732101455798	41.4484802131056	46.5042040151693	2.48322159678471	279.269435196771	6.72970809190302
chr22	39034654	39035154	chr22:39034654-39035154	129.769953882567	121.272196890737	129.720036333038	138.551384057299	4.40848318386039	866.502706493359	6.67722134876834
chr22	39052263	39053244	chr22:39052263-39053244	89.5905989633377	82.9789004934801	89.5466369576526	96.452125239122	3.43755418108999	679.243945734037	7.58164309194983
chr22	39071780	39072280	chr22:39071780-39072280	24.0044593433951	21.1838067501685	23.9738870429072	26.9988433973449	1.48395216999132	261.664045169206	10.9006431440916
chr22	39077040	39077540	chr22:39077040-39077540	47.5907885102924	43.7071227227515	47.56211591644	51.6373945616462	2.02338649210511	553.20756229162	11.6242571221945
chr22	39077653	39078153	chr22:39077653-39078153	97.1505657192884	91.5518568861944	97.1217404988888	102.913084062126	2.89855183502804	1123.38475303712	11.5633372252621
chr22	39089964	39090464	chr22:39089964-39090464	42.4773848210168	38.788778589955	42.4483257663145	46.3311269788395	1.92445024789201	487.194263551183	11.4694976068802
chr22	39092535	39093035	chr22:39092535-39093035	55.6549807981566	51.5202902647776	55.6272980932038	59.9469868946765	2.1499884286514	670.094154525385	12.0401470796587
chr22	39093336	39093836	chr22:39093336-39093836	48.513957717588	44.6776383599348	48.4865491112275	52.5060345884229	1.99737349929916	589.949508711526	12.160407776784
chr22	39096846	39097705	chr22:39096846-39097705	92.4802173659297	87.3303292937714	92.4546225834784	97.775556951762	2.66484195718814	1204.35568922224	13.0228466533204
chr22	39101387	39101887	chr22:39101387-39101887	322.09542708872	312.289209257222	322.069123900726	332.051123308356	5.04150560308019	4081.77075422058	12.672551085602
chr22	39108427	39108927	chr22:39108427-39108927	28.3959772017165	25.2334832520336	28.3635980771636	31.7424710811112	1.66098486587461	292.268685890842	10.2926088373241
chr22	39109818	39110318	chr22:39109818-39110318	26.3041939270142	23.1865054070422	26.2700899989188	29.6156827166536	1.64068598195365	257.039022176697	9.77178859348052
chr22	39110455	39110955	chr22:39110455-39110955	77.7505810530308	72.194599158351	77.7148540049855	83.5095932793917	2.88688022732115	725.353573038141	9.32923668497608
chr22	39112743	39113243	chr22:39112743-39113243	26.385545535193	23.1366171235976	26.3485302927806	29.8448173098373	1.71193875965911	237.550367221413	9.00304929850963
chr22	39129060	39129560	chr22:39129060-39129560	17.1149174096938	14.3471784077518	17.0725949333373	20.1231489314247	1.47444762546047	134.738253822839	7.87256231493843
chr22	39133038	39133538	chr22:39133038-39133538	13.7116301128305	11.2687765432229	13.6700837212043	16.3905611663243	1.30764326576452	109.95110925048	8.01882112817453
chr22	39150267	39150767	chr22:39150267-39150767	30.4664032458786	27.133536774142	30.4329214203754	33.9895362334907	1.74951742773079	303.253502752136	9.9537021257394
chr22	39151403	39152356	chr22:39151403-39152356	123.13463899776	116.244244569042	123.10022193552	130.220620682847	3.56572988471288	1192.51431525545	9.68463727966217
chr22	39164730	39165230	chr22:39164730-39165230	45.1741246012225	40.4061315654171	45.128006936495	50.204190367936	2.50022226892069	326.454194280275	7.22657488467281
chr22	39178392	39179328	chr22:39178392-39179328	80.0916636507659	73.1484694029149	80.037061205449	87.345151069217	3.62231883227887	488.878887235587	6.10399216287115
chr22	39181649	39182149	chr22:39181649-39182149	270.913373542262	257.797880446195	270.856917261271	284.34970049752	6.77391947369773	1599.48742314765	5.90405487272163
chr22	39184341	39184841	chr22:39184341-39184841	84.2531303273664	77.004361362168	84.1965752449034	91.8232889802864	3.78107599992601	496.525179971522	5.89325498105849
chr22	39188756	39189256	chr22:39188756-39189256	41.3879355607463	36.3542469777284	41.3313372633398	46.743250897052	2.65125855290936	243.69317337045	5.8880243739815
chr22	39190000	39190500	chr22:39190000-39190500	444.340058812074	427.128137655243	444.281070854915	461.887201983458	8.86758102266222	2510.84905963405	5.65073755975707
chr22	39198562	39199062	chr22:39198562-39199062	35.4048140098207	30.6972375718576	35.3465812512698	40.4433017332375	2.48736262779817	202.603258014457	5.72247768222305
chr22	39201213	39201713	chr22:39201213-39201713	17.623143764957	14.4122379569746	17.5671647914992	21.1521349874383	1.72082988547011	104.879567708144	5.95124054521381
chr22	39220467	39220967	chr22:39220467-39220967	27.5445742422584	23.3429597350358	27.4842882754097	32.0887604169634	2.23239745173127	152.240110850837	5.52704534518718
chr22	39227112	39227612	chr22:39227112-39227612	35.5575594169223	30.7043373815747	35.4958121005992	40.7616632049249	2.56686388329123	191.892592449101	5.39667501357748
chr22	39233442	39233942	chr22:39233442-39233942	36.4341686252191	31.5186367110529	36.3724039896588	41.7006812616535	2.59866678337533	196.569683114781	5.39520155205954
chr22	39240071	39240571	chr22:39240071-39240571	69.0569440485061	62.1127948292555	68.993126058256	76.3637529255446	3.63639948117111	360.638042664006	5.22232843681429
chr22	39242895	39243395	chr22:39242895-39243395	230.433535380051	217.462011916481	230.368345940211	243.775521085652	6.71325306339325	1178.21711888399	5.11304536008948
chr22	39243564	39244064	chr22:39243564-39244064	26.7073587181253	22.5364225867135	26.6459606791594	31.227184337747	2.21841285414354	144.936287664487	5.426829706156
chr22	39247349	39247849	chr22:39247349-39247849	34.7465274839935	29.9222431561102	34.6840078583652	39.926081395469	2.55325473932678	185.197245624323	5.32994975424915
chr22	39249843	39250343	chr22:39249843-39250343	24.0166525258162	20.0769776089757	23.9554620664562	28.3040340725969	2.10018436006573	130.770597918767	5.44499687365664
chr22	39257088	39257588	chr22:39257088-39257588	11.3432256129116	8.78415009844553	11.2865251788948	14.2244635370867	1.38968506365605	66.6254815180568	5.87359220310485
chr22	39258492	39258992	chr22:39258492-39258992	13.1571121734439	10.3612949841802	13.0992300802024	16.2818133333136	1.51211172901252	75.7100251621377	5.75430414851592
chr22	39264722	39265222	chr22:39264722-39265222	24.9277832323844	20.8951735843938	24.8660955512766	29.3109258859823	2.14831288763261	134.639425974056	5.40117926728205
chr22	39266181	39266681	chr22:39266181-39266681	83.1639831685063	75.4597400909808	83.0990320536085	91.2373271399129	4.02579591819347	426.743636080283	5.13135157578513
chr22	39268132	39268632	chr22:39268132-39268632	88.7994047696754	80.8252636211705	88.7343379730087	97.143304880608	4.16364489502239	454.854759989141	5.12227262298578
chr22	39268775	39269275	chr22:39268775-39269275	47.9515849270076	42.1913748639925	47.8876673806373	54.0750147490749	3.03265990289588	250.010652938567	5.21381416941976
chr22	39270001	39270501	chr22:39270001-39270501	47.9524028151257	42.1921334352404	47.8884850711233	54.0758930773912	3.03269044959956	250.014145045258	5.21379806574356
chr22	39317747	39318247	chr22:39317747-39318247	60.5583803129023	54.1377111284007	60.4959802920451	67.3336498018389	3.36728560784573	323.43617615022	5.34089872415742
chr22	39319786	39320286	chr22:39319786-39320286	150.157633262627	139.870984234927	150.094318305577	160.804090220365	5.34076882378807	790.473416392713	5.26429059393981
chr22	39320433	39320933	chr22:39320433-39320933	38.1903089723688	33.1814084337868	38.1292528417816	43.5461653925795	2.64523161203644	208.438978279694	5.45790238121672
chr22	39339077	39339577	chr22:39339077-39339577	34.5163676528598	29.8728856760466	34.4582006556437	39.4903867131866	2.45457721050796	197.741023221307	5.72890592689361
chr22	39361774	39362274	chr22:39361774-39362274	41.5838706821978	36.774877857457	41.5326245433058	46.6840774620073	2.52872330779935	270.425225203016	6.50312779369972
chr22	39363720	39364220	chr22:39363720-39364220	52.0119419568583	46.6601681754741	51.9615508427965	57.6500737550462	2.80431369123658	343.995652461704	6.61378213386137
chr22	39369489	39369989	chr22:39369489-39369989	21.6163929536783	18.4483952478705	21.5728684529598	25.0317178763453	1.68033967586907	165.490203180827	7.65577326131402
chr22	39377244	39377744	chr22:39377244-39377744	39.6280686269044	35.578987809487	39.5902241277923	43.892208817761	2.12129161749398	348.983634438441	8.80647597853174
chr22	39378145	39378645	chr22:39378145-39378645	163.061183543625	154.663180325197	163.022665291794	171.678080853544	4.34088547987482	1411.05688897461	8.65354254341648
chr22	39380177	39380677	chr22:39380177-39380677	171.258926975719	162.683235413307	171.22071228318	180.051787650393	4.43109476639803	1493.77215888463	8.72230245315282
chr22	39399123	39399623	chr22:39399123-39399623	46.6429534012778	42.1474506287907	46.6034435630718	51.3629801100467	2.35146766911514	393.454086110283	8.43544538711617
chr22	39408737	39409237	chr22:39408737-39409237	83.2987619937315	77.9719052045238	83.268228662138	88.7991347786876	2.76236558888898	909.315895834186	10.9163194514537
chr22	39410021	39410521	chr22:39410021-39410521	149.548129822019	142.361194511589	149.517425413361	156.909554399213	3.71158505653501	1623.46577542221	10.855807941927
chr22	39415921	39416421	chr22:39415921-39416421	25.1049127124517	22.144093258611	25.0726954130604	28.2488115004984	1.55788063560055	259.686320713334	10.3440439601502
chr22	39416769	39417269	chr22:39416769-39417269	31.4234836074216	27.998278967767	31.3892052381643	35.0434813267681	1.79779447834416	305.512211602066	9.72241701203077
chr22	39425443	39425943	chr22:39425443-39425943	18.0093951101386	15.1334987727031	17.9660202004946	21.1317649020942	1.53116771631413	138.34157794879	7.68163378629574
chr22	39436584	39437084	chr22:39436584-39437084	68.1987167320529	61.9917053798378	68.147351102513	74.6976263812143	3.24200844486305	442.511052072406	6.48855393879323
chr22	39473060	39473560	chr22:39473060-39473560	61.2912626778087	55.3965562708074	61.2395719739534	67.4797136927706	3.08317892729855	395.184296702419	6.44764489156952
chr22	39493027	39493527	chr22:39493027-39493527	99.3206562223548	91.4503666066149	99.2643049346775	107.511178669945	4.09783303598672	587.449639988945	5.91467739272471
chr22	39504352	39504852	chr22:39504352-39504852	21.1918310621963	17.7318799904953	21.1383679388838	24.9555794968206	1.84403754162743	132.067953963717	6.23202183785384
chr22	39506938	39507438	chr22:39506938-39507438	61.1287625630079	55.0010744281629	61.0726336911165	67.5754153343122	3.20857412705256	362.966926917074	5.93774373467726
chr22	39510127	39510627	chr22:39510127-39510627	21.2640630271021	17.798964983161	21.2106324687776	25.0327735046771	1.84661322876028	132.599112362968	6.23583142102072
chr22	39511115	39511615	chr22:39511115-39511615	18.5642369298695	15.3532024386264	18.5113767514851	22.0756389023234	1.71622348186291	117.005566991052	6.30274044837212
chr22	39513877	39514377	chr22:39513877-39514377	49.673249517691	44.187540357338	49.6175843018994	55.4752860521582	2.88042909051682	297.393016709747	5.98698534115091
chr22	39518015	39518515	chr22:39518015-39518515	23.1546207210542	19.5282237363043	23.101072925335	27.0852986501428	1.92903372330193	144.077347027616	6.22240151386322
chr22	39526206	39526706	chr22:39526206-39526706	33.2037369533184	28.8017577952556	33.1494557272169	37.9141726842445	2.32563837102812	203.840070404168	6.13907015016864
chr22	39527198	39527698	chr22:39527198-39527698	26.8783645344808	22.9562917230608	26.8247330569193	31.1051974934934	2.07993214031679	166.996491717865	6.21304512421633
chr22	39540864	39541364	chr22:39540864-39541364	22.4196180747909	18.8988438814444	22.3674767973904	26.2366806399392	1.87307700309263	143.266666643784	6.39023671883492
chr22	39541691	39542191	chr22:39541691-39542191	29.7652051243627	25.6550904656881	29.7122538318858	34.1762172695406	2.17481435845408	187.315353556104	6.29309802413513
chr22	39548423	39548923	chr22:39548423-39548923	104.457621492826	96.5238560287408	104.40326824973	112.700265862088	4.12727613397365	640.550261840464	6.13215438649878
chr22	39566809	39567309	chr22:39566809-39567309	56.776734788718	51.1101074468131	56.7250675715241	62.7369725263258	2.96680186042914	366.238283776626	6.45049922542218
chr22	39575425	39575925	chr22:39575425-39575925	38.4830788724549	33.9198907293611	38.4331394715456	43.330054528315	2.40141589959499	256.805817821186	6.67321392532863
chr22	39579810	39580310	chr22:39579810-39580310	49.7456562799425	44.5473337951934	49.695904346081	55.2267041703401	2.72509630228734	333.231939357668	6.6987143054745
chr22	39584816	39585316	chr22:39584816-39585316	50.8076899609172	45.5889261169298	50.7586415123645	56.3051818815814	2.73448349180231	345.229808566909	6.79483379056339
chr22	39601330	39601830	chr22:39601330-39601830	48.4260173149666	43.4775425065367	48.3797622908126	53.6373460831416	2.59248576962332	348.919099991344	7.20519917469048
chr22	39608621	39609121	chr22:39608621-39609121	143.465157149824	134.902567275069	143.419451525789	152.287485182544	4.43538141031581	1046.23906750233	7.29263528711516
chr22	39615334	39615834	chr22:39615334-39615834	30.5421851616871	26.7790394252966	30.4992822083826	34.549131836797	1.98293558190186	237.237314798587	7.76752919094289
chr22	39617278	39617778	chr22:39617278-39617778	23.8596845855284	20.5803425831924	23.8176477316926	27.3779025684834	1.73490722673833	189.137168995377	7.92706074203908
chr22	39632441	39632941	chr22:39632441-39632941	173.634593616436	164.761226351739	173.594218252764	182.737408723816	4.58612574046984	1433.44354788876	8.25551820079863
chr22	39636712	39637212	chr22:39636712-39637212	39.8072961582227	35.7189927704941	39.768877713707	44.1139204015984	2.1421464672701	345.324217026545	8.67489757792086
chr22	39640774	39641274	chr22:39640774-39641274	51.0244930723932	46.4310784880349	50.986913978076	55.8314605847356	2.39856554745015	452.537126510056	8.86901758863141
chr22	39642717	39643217	chr22:39642717-39643217	172.098516763061	163.569567129091	172.060911918142	180.841169862395	4.40635547135096	1525.44022777816	8.8637616202023
chr22	39648622	39649122	chr22:39648622-39649122	16.4559411401817	14.0162356336404	16.4220007173037	19.0885121478694	1.29467409803859	161.556535694332	9.81752026931158
chr22	39649385	39649885	chr22:39649385-39649885	77.9589003879038	72.4218067337132	77.9235187207572	83.6970616799888	2.8767369872243	734.397339686037	9.42031424291339
chr22	39660980	39661480	chr22:39660980-39661480	57.0807429242027	52.6182416639172	57.0492375301068	61.7222829943377	2.32283957877718	603.866307829658	10.5791599214385
chr22	39662396	39662896	chr22:39662396-39662896	57.2790056065548	52.8427659990356	57.2479896673857	61.8915026201295	2.30872257416735	615.527471720867	10.7461270530581
chr22	39670177	39670677	chr22:39670177-39670677	420.721346705558	409.041140864562	420.69281636371	432.563687712593	6.00086707885213	4915.42508734682	11.6833270425588
chr22	39673223	39673723	chr22:39673223-39673723	60.3997466251908	56.1430684164145	60.3727654317639	64.8097541352127	2.21118978158361	746.136346212804	12.3533025865644
chr22	39677190	39677690	chr22:39677190-39677690	40.5842163217025	37.2239897509199	40.5590302324218	44.0875699925531	1.75123148269265	537.065451797502	13.2333577058701
chr22	39679416	39679916	chr22:39679416-39679916	609.553648109321	596.464923532477	609.52899867246	622.782453190941	6.71385035264062	8242.90995894564	13.5228621541566
chr22	39688555	39689055	chr22:39688555-39689055	671.475729893721	659.024577651218	671.455510198654	684.041788866815	6.38210949189434	11069.6053674534	16.4854884169908
chr22	39695934	39696753	chr22:39695934-39696753	133.943958411349	129.029888175162	133.928024358274	138.948580150313	2.53040428800227	2801.98901960214	20.9191146270076
chr22	39702610	39703110	chr22:39702610-39703110	71.3807696476472	68.3126270047072	71.3690764638109	74.5153632784209	1.58242798442485	2034.76633410728	28.5058054732581
chr22	39704661	39705161	chr22:39704661-39705161	105.62968246974	102.127777873013	105.619439904219	109.189794508704	1.80161394059761	3437.54570496129	32.5433687254154
chr22	39706926	39707426	chr22:39706926-39707426	644.044281350732	636.109338854212	644.035746280864	652.027727922007	4.06090232248138	25152.8018661061	39.0544603755412
chr22	39707693	39708193	chr22:39707693-39708193	180.273538078436	176.243673276285	180.265633737271	184.348322525748	2.06757441655435	7602.24156246018	42.1705905564047
chr22	39715469	39715969	chr22:39715469-39715969	659.910469482004	653.421205733985	659.904905274314	666.431354153956	3.3189837661514	39533.0007440291	59.9066124455648
chr22	39716050	39716550	chr22:39716050-39716550	194.475122328908	190.961429712762	194.46956397919	198.020402554491	1.80080501512688	11662.5823605331	59.9695334851554
chr22	39727248	39727748	chr22:39727248-39727748	26.6113197056568	24.8163502249844	26.6004475987384	28.4680735168217	0.931679353676097	815.830396100436	30.6572693547029
chr22	39730228	39730728	chr22:39730228-39730728	29.192375712131	27.1484220785588	29.1795073655756	31.3094578762374	1.06163138414483	756.121143104714	25.9013226796237
chr22	39739520	39740487	chr22:39739520-39740487	260.56382355522	253.150453691279	260.545259666377	268.082690185521	3.80938543417732	4678.62679014692	17.9557803777599
chr22	39749382	39749882	chr22:39749382-39749882	22.1323889448634	19.8047264418732	22.1099600073865	24.5875083475963	1.22044524482738	328.866766472804	14.8590722534329
chr22	39759771	39760271	chr22:39759771-39760271	55.8374146063306	51.7724829385462	55.8107664915275	60.0537825734943	2.1128806161969	698.394297897476	12.5076403128861
chr22	39776910	39777410	chr22:39776910-39777410	20.7319959817353	18.1339749766246	20.7018357815813	23.5014054469022	1.36979181289629	229.072576023274	11.0492292312368
chr22	39780688	39781188	chr22:39780688-39781188	27.8227792351769	24.7588757768611	27.7917824780415	31.0628272587071	1.60865193488522	299.141624797373	10.751680206669
chr22	39784187	39784687	chr22:39784187-39784687	152.652803112092	145.221930148442	152.620636313149	160.266475883859	3.83817770407985	1581.8285524993	10.3622633862659
chr22	39792318	39792818	chr22:39792318-39792818	54.3878179317371	50.0794494756663	54.3569803603925	58.8714299952931	2.24322808494995	587.836302350922	10.8082347243407
chr22	39795496	39795996	chr22:39795496-39795996	133.508150526582	126.631227962073	133.476604316397	140.564345998669	3.5546532136637	1410.65587955807	10.5660656221674
chr22	39818651	39819151	chr22:39818651-39819151	365.164817148418	352.593511271857	365.126610499686	377.953247401512	6.46961748054457	3185.81569849228	8.72432268631574
chr22	39833159	39833659	chr22:39833159-39833659	72.912469569921	67.3042952931103	72.8735409269634	78.7418676364264	2.91821166911788	624.266509846799	8.56186210025632
chr22	39835131	39835631	chr22:39835131-39835631	120.402775392946	113.137812054858	120.363557519447	127.89060792224	3.76386013550793	1023.3072295158	8.49903356609628
chr22	39842159	39842659	chr22:39842159-39842659	37.6583355748368	33.6843264961023	37.6199049061136	41.8507345158308	2.08386513803105	326.575066428503	8.67205258659175
chr22	39844052	39844552	chr22:39844052-39844552	50.0931322814927	45.4792796944499	50.0544700471135	54.9266927253838	2.4105881784954	431.827536118014	8.62049379726163
chr22	39848595	39849095	chr22:39848595-39849095	296.063789450361	284.616681148404	296.024632347104	307.733423228983	5.89744173588419	2520.24794472813	8.51251667556824
chr22	39849776	39850276	chr22:39849776-39850276	100.316767359108	93.7300007792307	100.277967525077	107.124026964733	3.41725403171748	861.772296362036	8.59051102870084
chr22	39858366	39858866	chr22:39858366-39858866	149.116260883662	141.13886241148	149.078214764652	157.309870224177	4.12560993229657	1306.39251178243	8.76089907325167
chr22	39860930	39861430	chr22:39860930-39861430	256.927392243444	246.459130109923	256.889617263138	267.610325281875	5.39602101071699	2267.11501769272	8.82395215977821
chr22	39862499	39862999	chr22:39862499-39862999	52.0749397572672	47.4736871510275	52.0380258018767	56.8859656876269	2.40158353983174	470.177839251878	9.02886957610475
chr22	39867734	39868234	chr22:39867734-39868234	76.7070333964297	71.1592341570207	76.6709104587462	82.4601126475549	2.88328745815142	707.773809925043	9.22697409332983
chr22	39868980	39869480	chr22:39868980-39869480	483.918588200272	469.808395163462	483.882363849935	498.234640652262	7.25186936857952	4452.91765710721	9.20179089145537
chr22	39870612	39871112	chr22:39870612-39871112	59.8798544977142	55.0452061412361	59.8445560427419	64.91509657911	2.51826609694201	565.403165215584	9.44229357199202
chr22	39882844	39883344	chr22:39882844-39883344	112.772431321085	106.484822415135	112.741142571632	119.237849741858	3.25362065744592	1201.35691882713	10.6529309047761
chr22	39884775	39885275	chr22:39884775-39885275	128.585135494237	121.966505902887	128.554796311483	135.376178619394	3.42111017929727	1412.69175776427	10.9864313035435
chr22	39886124	39886624	chr22:39886124-39886624	128.684336754439	122.145031790349	128.654753293815	135.391760622773	3.37953413165352	1449.89884232107	11.2670965160883
chr22	39891416	39891916	chr22:39891416-39891916	53.2650743935666	49.3801471224312	53.2395568011252	57.2950134049108	2.01939022958765	695.736157810969	13.061770132344
chr22	39892261	39892761	chr22:39892261-39892761	53.6321746561188	49.7964193882988	53.6074875975882	57.6082219940843	1.9930848356738	724.101161568698	13.5012455901989
chr22	39896888	39897388	chr22:39896888-39897388	86.087368315912	81.4390218716259	86.0649871784897	90.8629036665554	2.40426016009846	1282.08241469288	14.8928052950586
chr22	39897983	39898483	chr22:39897983-39898483	236.058752298999	228.394763897237	236.036807862646	243.847448685576	3.94218031826235	3585.64462247928	15.1896279530344
chr22	39903710	39904210	chr22:39903710-39904210	32.629974977197	30.0362138799988	32.6113428500382	35.3296186240821	1.35058610696142	583.698968132904	17.8884283098842
chr22	39904391	39904891	chr22:39904391-39904891	86.0585773385368	81.8236523212449	86.0400399264934	90.3988480810263	2.18771416176873	1547.41630409246	17.980965430154
chr22	39910335	39910835	chr22:39910335-39910835	22.7482619770471	20.9483226830868	22.7353942274581	24.6213260624298	0.937147372301522	589.224312870125	25.9019486176417
chr22	39915932	39916432	chr22:39915932-39916432	350.440332949488	343.625632168752	350.42872215403	357.321016841663	3.49381524715614	10060.7022712671	28.7087453278879
chr22	39919048	39919548	chr22:39919048-39919548	46.8397800564809	44.3884762771998	46.8283504578653	49.3560367021583	1.26733947816652	1365.97819608226	29.1627798942505
chr22	39921392	39921892	chr22:39921392-39921892	30.540057921383	28.5763734478258	30.5287385170154	32.5680687331664	1.01840766260061	899.283025897859	29.4460157283531
chr22	39925120	39925620	chr22:39925120-39925620	80.3846049209197	76.672219823475	80.3693781139051	84.183522086853	1.91627928250415	1759.65753912993	21.8904794128308
chr22	39926687	39927187	chr22:39926687-39927187	104.593879493741	100.165403746249	104.577259831387	109.116802844419	2.28365764341384	2097.73464019435	20.0559980215656
chr22	39928667	39929167	chr22:39928667-39929167	664.529636595415	652.776466090227	664.511439787568	676.386217953547	6.02304996843867	12172.9482648273	18.3181420277852
chr22	39939109	39939609	chr22:39939109-39939609	33.1145518323312	30.0072130294175	33.0879997182253	36.3727795200674	1.62424152208897	415.658385408804	12.5521368223072
chr22	39941680	39942180	chr22:39941680-39942180	18.1157550809234	15.7784678587174	18.087762073221	20.612114919793	1.23359729142188	215.658245065703	11.9044579760741
chr22	39951334	39952319	chr22:39951334-39952319	22.8189781787575	19.916807679407	22.7847496017791	25.9156557756885	1.53095057601887	222.162137407707	9.73584950506331
chr22	39953349	39953849	chr22:39953349-39953849	21.9684640794464	19.0893469851281	21.9333975688682	25.0468491774985	1.52043726406783	208.76725388717	9.50304277678163
chr22	39970673	39971173	chr22:39970673-39971173	106.33701855709	99.1080748726362	106.292876580194	113.81681350986	3.75270815314068	802.933129440181	7.55083356986449
chr22	39971222	39971722	chr22:39971222-39971722	30.3114545499974	26.5568281736187	30.2684049187927	34.3107152344061	1.97880804260681	234.642253468528	7.74104235352666
chr22	39994133	39994633	chr22:39994133-39994633	36.0052110295019	31.5820177880279	35.9549415103906	40.7140666552007	2.33050303839878	238.688433615334	6.62927467415087
chr22	40002552	40003052	chr22:40002552-40003052	57.6079322023592	51.8152095989862	57.5546974845641	63.7031727085745	3.03343691230149	360.65722707128	6.26054804057886
chr22	40018795	40019295	chr22:40018795-40019295	39.778828135421	34.8703011401074	39.7227776036655	45.0058686349599	2.58661021260117	236.505907903111	5.94552225364613
chr22	40021591	40022565	chr22:40021591-40022565	225.391141444067	213.215126832976	225.332486593572	237.900483449305	6.29783190322193	1280.83019311669	5.6826997942798
chr22	40023861	40024361	chr22:40023861-40024361	21.511617009704	17.9725884310466	21.4564740780962	25.3639877615938	1.88686741785433	129.976052801357	6.04213308291627
chr22	40030730	40031230	chr22:40030730-40031230	104.160716620858	95.8465305288234	104.100733258854	112.81577576948	4.32962474753161	578.771855014611	5.55652719941746
chr22	40034773	40035273	chr22:40034773-40035273	38.9590120443142	33.9767767337525	38.8999037140186	44.2771357633202	2.62873998724057	219.644638827189	5.6378390339404
chr22	40050930	40051430	chr22:40050930-40051430	44.5144301868384	39.0516908490444	44.4524165542446	50.3295692395688	2.87811739549861	239.212917696118	5.37382859203365
chr22	40052861	40053361	chr22:40052861-40053361	21.5673065522043	17.8850099269787	21.5075486893081	25.5891663776516	1.96681485026018	120.24440153764	5.57530914890023
chr22	40054340	40054840	chr22:40054340-40054840	18.8001564581533	15.3870643750906	18.7408882504022	22.5500244501649	1.82883481545696	105.675415856561	5.62098597912104
chr22	40058208	40058708	chr22:40058208-40058708	25.2678343866793	21.2201379696333	25.2065761917355	29.6636239730086	2.15536405251458	137.43418543696	5.4390963362263
chr22	40060366	40060866	chr22:40060366-40060866	93.6537971881708	85.4699684292546	93.5888995315988	102.206424284498	4.27036115599304	480.973965217126	5.13565898722446
chr22	40098018	40098518	chr22:40098018-40098518	51.1069273095855	44.9306074824697	51.0379510450985	57.6752134695808	3.25238946531955	246.918966271171	4.83141873850944
chr22	40115915	40116415	chr22:40115915-40116415	53.0084587500779	46.6203729527437	52.9373316978124	59.8007331240389	3.36358583531571	248.362100552038	4.68532959471629
chr22	40119700	40120200	chr22:40119700-40120200	289.889991180906	274.390020423829	289.816109845951	305.809819420741	8.01593979931299	1307.84883009623	4.51153496113658
chr22	40120378	40120878	chr22:40120378-40120878	51.195371049361	44.9047594362671	51.1238622432237	57.8923397540222	3.31443695514133	238.584301753877	4.66027097496455
chr22	40128403	40129321	chr22:40128403-40129321	28.1506975366356	23.5859681403379	28.0806898444985	33.1132372386234	2.43206074378693	133.976764512407	4.75926979564355
chr22	40139037	40139537	chr22:40139037-40139537	27.234366097217	22.7244744662217	27.1635911830281	32.1464259636301	2.40524663650291	128.208054587703	4.70758357767705
chr22	40139909	40140409	chr22:40139909-40140409	52.1877761399283	45.7500719458878	52.1142886748359	59.0430812042673	3.39239270155156	236.660262139581	4.53478342332574
chr22	40144865	40145365	chr22:40144865-40145365	21.6682169244258	17.6909366311283	21.5983055949577	26.0427487267856	2.13241190076912	103.253350770326	4.76519831467685
chr22	40147100	40147600	chr22:40147100-40147600	148.122174369524	136.937821184893	148.046017917025	159.73930995794	5.8176003254917	648.264731002033	4.37655424490859
chr22	40151157	40151657	chr22:40151157-40151657	33.7507295570518	28.6367736068401	33.6778845698752	39.2786235912789	2.71634926726705	154.381447536992	4.57416623471879
chr22	40161043	40161543	chr22:40161043-40161543	41.1900835909345	35.458183482215	41.1156201208589	47.3451243883098	3.03388112352217	184.326691073296	4.47502590438695
chr22	40161651	40162151	chr22:40161651-40162151	72.4161213585136	64.6582735004174	72.3398948187144	80.6071410492669	4.06979050239812	316.611300960739	4.37211072646763
chr22	40162334	40162834	chr22:40162334-40162834	18.8967232494661	15.1882339758794	18.8265028879265	23.0042125428229	1.99585777499437	89.6424721594613	4.74381039379376
chr22	40169906	40170406	chr22:40169906-40170406	200.690755375152	187.448857014977	200.612357356267	214.378176616814	6.8705569459841	853.239294693813	4.25151269722837
chr22	40176073	40176914	chr22:40176073-40176914	27.2880424118741	22.6896625891491	27.2144839767274	32.3044058793117	2.45452524797034	123.597519613001	4.5293655641351
chr22	40181247	40181747	chr22:40181247-40181747	31.0191502201086	26.0699886648651	30.9445756785401	36.3920739931322	2.63489907819429	138.589976436333	4.46788436991061
chr22	40185827	40186327	chr22:40185827-40186327	31.028173693451	26.0696156718075	30.9533264909409	36.4120431695321	2.64009739774446	138.125075933567	4.45160186668415
chr22	40197075	40197575	chr22:40197075-40197575	98.1976658729107	88.9539161611519	98.1184147456868	107.891779415695	4.83220247789601	412.963893971117	4.20543492862227
chr22	40214033	40214533	chr22:40214033-40214533	140.70284036076	129.499432517113	140.622219470331	152.364400122528	5.83388671744321	581.687519415215	4.1341561970162
chr22	40216165	40216665	chr22:40216165-40216665	69.2573909944279	61.5265703640426	69.1780481753009	77.4390907135068	4.0606148563375	290.903305334003	4.20032145532897
chr22	40216768	40217268	chr22:40216768-40217268	56.2923435569019	49.3696495267358	56.213579134226	63.6626255206054	3.64757690273992	238.171474351721	4.23097457491657
chr22	40228651	40229151	chr22:40228651-40229151	409.373128856923	389.942789726864	409.291168661204	429.269237492081	10.0329700977793	1664.86732106498	4.06687005987357
chr22	40235268	40235768	chr22:40235268-40235768	73.2449088416726	65.259361201548	73.1649734613754	81.6847038380888	4.19141887098876	305.374491563029	4.16922481565418
chr22	40236031	40236531	chr22:40236031-40236531	420.409855343587	400.70247435674	420.327779485885	440.583663216204	10.1744824035228	1707.34436908524	4.06114259069851
chr22	40241085	40241585	chr22:40241085-40241585	47.1627511333557	40.8520981852512	47.084157350177	53.9200177917199	3.33517607910675	199.968103162795	4.2399584069507
chr22	40247476	40247976	chr22:40247476-40247976	44.4016108721248	38.295187576628	44.3232828690066	50.9531359116301	3.23062673188541	188.896490035731	4.25427110245497
chr22	40250540	40251040	chr22:40250540-40251040	19.9438342806073	16.0408055655117	19.8701612544948	24.2654817977382	2.10020909025499	90.1762655240029	4.52151097202444
chr22	40251554	40252054	chr22:40251554-40252054	42.5566233931003	36.5919388205176	42.4785342646538	48.9650510973521	3.15798824956266	181.598938099116	4.26723089427623
chr22	40252462	40252962	chr22:40252462-40252962	126.595752412823	115.961596151023	126.514834300206	137.689748489039	5.54393032249046	521.438077606311	4.11892237826374
chr22	40255766	40256266	chr22:40255766-40256266	45.4175609063043	39.2502621897045	45.3395264625208	52.0282939811217	3.26123566849451	193.947080857901	4.27031035986303
chr22	40269897	40270397	chr22:40269897-40270397	29.4659040387403	24.6268826535597	29.390652225902	34.7325337225366	2.57975182617292	130.46189521072	4.42755447242329
chr22	40273350	40273850	chr22:40273350-40273850	38.0671887148912	32.5034409961387	37.9909749540591	44.064019989842	2.95073512048861	166.433658011059	4.37210268553279
chr22	40279427	40279927	chr22:40279427-40279927	73.7718873209785	65.8692252815128	73.6942423186964	82.115781878327	4.14575389095568	316.646545551124	4.29223864333858
chr22	40294908	40295408	chr22:40294908-40295408	27.9183995583603	23.3562208804355	27.8478372704397	32.8815393450736	2.43158871753974	131.825915972218	4.72182926161833
chr22	40296360	40297335	chr22:40296360-40297335	52.5841877329521	46.1671355671682	52.5117743215118	59.412737823308	3.38026677952521	241.996110024648	4.60206994645655
chr22	40302177	40302677	chr22:40302177-40302677	21.3145987252901	17.4802489527818	21.2486853436353	25.523484710522	2.05355286639903	107.731460190936	5.05435085029825
chr22	40304629	40305129	chr22:40304629-40305129	39.3354105892994	34.0125258569209	39.2683115361951	45.0395889926861	2.81434070113889	195.350277503228	4.96627020225817
chr22	40309765	40310265	chr22:40309765-40310265	34.9121289932007	30.1005624871602	34.8502690232191	40.0752169379134	2.54578787277907	188.065113498106	5.38681309108169
chr22	40314068	40314568	chr22:40314068-40314568	48.3301187651634	42.9208216566261	48.274444130192	54.0557963968363	2.84146812084426	289.301142551999	5.98593899505433
chr22	40316051	40316551	chr22:40316051-40316551	582.838292532714	564.271363972854	582.786145156688	601.701569330188	9.54892210234667	3725.52475470253	6.39203841345655
chr22	40322324	40322824	chr22:40322324-40322824	28.7349897751665	24.9870134373336	28.6895741375144	32.7410439405963	1.9789280481466	210.844407385123	7.33754941396709
chr22	40323472	40323972	chr22:40323472-40323972	39.4525563951903	35.0107814901773	39.4065531578953	44.1557523314677	2.33365947494441	285.808624282744	7.24436260656578
chr22	40326692	40327192	chr22:40326692-40327192	37.0169255782628	32.7214291368313	36.9709847938328	41.573487406941	2.25895716065478	268.524985453131	7.25411365904509
chr22	40328835	40329335	chr22:40328835-40329335	62.2327053137837	56.2881843093239	62.1809507251359	68.4713340977296	3.10868371986628	400.759922144412	6.43969951368399
chr22	40334598	40335098	chr22:40334598-40335098	44.4338421869262	38.9468889493728	44.3711375447049	50.2771216371866	2.89149197271589	236.147718755985	5.31459147202595
chr22	40336761	40337261	chr22:40336761-40337261	37.723756887088	32.6002882485051	37.6589174369018	43.2156787097387	2.70928233723935	193.874791306514	5.13932882896065
chr22	40342504	40343004	chr22:40342504-40343004	668.473266565159	644.891791827854	668.399796115007	692.47226607938	12.1384502623194	3032.78484496631	4.53688276952313
chr22	40345433	40346432	chr22:40345433-40346432	103.169384362553	94.0050196102767	103.095452758901	112.753884901685	4.78386373878022	465.097576109219	4.50809684464912
chr22	40349841	40350341	chr22:40349841-40350341	42.6242279255772	36.8126921891904	42.5503729736675	48.8554476305826	3.07358867314066	192.318718678893	4.51195782395602
chr22	40354785	40355285	chr22:40354785-40355285	233.474625255348	219.11209499527	233.395531511358	248.286632971781	7.44328454324221	983.898120149341	4.21415440360282
chr22	40355485	40355985	chr22:40355485-40355985	99.5636751121063	90.3087700900692	99.4853721101658	109.263556360612	4.8364943636113	423.780009137014	4.25637170042033
chr22	40357352	40357852	chr22:40357352-40357852	576.924921863261	554.022901616829	576.844446787569	600.284272917555	11.8020203761584	2389.60368653042	4.14196647774005
chr22	40361645	40362145	chr22:40361645-40362145	379.138514873684	360.485226982787	379.056882521055	398.255708912754	9.63605012353355	1548.09535789362	4.08319201864626
chr22	40363477	40363977	chr22:40363477-40363977	83.7926682005888	75.214094987819	83.7123222073719	92.8278244523692	4.49451478677877	347.573304182267	4.14801571123409
chr22	40379971	40380471	chr22:40379971-40380471	91.2817900015397	82.1300190591485	91.1979466689757	100.910019081798	4.79206245834169	362.846848952961	3.97501899280066
chr22	40384366	40384866	chr22:40384366-40384866	69.296496925192	61.3560044368176	69.2127035645191	77.7131583112596	4.17414786102784	275.60488014803	3.97718344183481
chr22	40386764	40387264	chr22:40386764-40387264	27.5358015649176	22.7309904516254	27.4559367987	32.794427455821	2.56920945471428	114.867302782931	4.17156197585619
chr22	40389891	40390391	chr22:40389891-40390391	76.6986391739023	68.282895873026	76.6138247197371	85.5963557916414	4.41806545229907	301.377638832546	3.92937400296267
chr22	40395287	40395787	chr22:40395287-40395787	583.040492339323	558.98652118546	582.952579153883	607.594064028475	12.4006033585812	2210.60833066322	3.79151767280115
chr22	40398155	40398655	chr22:40398155-40398655	81.1688975108764	72.4498927222875	81.0829820266402	90.3761332957228	4.57437845391982	314.858273303562	3.87905075661982
chr22	40405484	40405984	chr22:40405484-40405984	27.4646279586788	22.613956214151	27.3829195717695	32.779589143911	2.59535111853365	111.98379965081	4.07738272731356
chr22	40410618	40411118	chr22:40410618-40411118	23.6926574936033	19.2227479208071	23.6116570592409	28.6228259142939	2.40017984672966	97.440607458243	4.11269219101109
chr22	40411499	40411999	chr22:40411499-40411999	40.615046845435	34.5668809301915	40.5305019716615	47.1436362847037	3.21017222932873	160.072692536481	3.94121649411498
chr22	40420666	40421166	chr22:40420666-40421166	80.561813596377	71.7602206398775	80.4735149218783	89.8651797620335	4.62002910196658	304.066829962384	3.77432950412202
chr22	40424361	40424861	chr22:40424361-40424861	25.5256609286622	20.8263100514839	25.4427833371204	30.6959400928497	2.51995962588086	102.604598801977	4.01966472440151
chr22	40432664	40433164	chr22:40432664-40433164	68.4009590766178	60.2981005011266	68.3123734635373	77.0072176296178	4.26406095698573	257.32238812444	3.76197046939365
chr22	40436832	40437332	chr22:40436832-40437332	316.254988238925	298.252418796361	316.163468458391	334.777651347322	9.31854228706726	1151.80459792783	3.64201242908985
chr22	40440339	40440839	chr22:40440339-40440839	648.460955864743	622.487072876852	648.368846788631	674.958284326254	13.3862595370855	2346.654659631	3.6188064036973
chr22	40447201	40447701	chr22:40447201-40447701	139.603685936756	127.757107471432	139.512580149565	151.967998263704	6.1774219628848	510.715730196137	3.65832554326327
chr22	40451459	40451959	chr22:40451459-40451959	193.976529666576	179.913853872054	193.884738079605	208.560840123713	7.30894912215107	704.349958166574	3.63110918304021
chr22	40453602	40454102	chr22:40453602-40454102	43.2192227462301	36.8617889828573	43.1315293118632	50.0749726269062	3.37257167819054	164.222071982482	3.79974607472103
chr22	40454226	40454726	chr22:40454226-40454726	52.5168424466507	45.4466933284095	52.4282093073125	60.0906540880103	3.73743199217467	197.447034446971	3.75968975376896
chr22	40466407	40467611	chr22:40466407-40467611	45.982548900122	39.3889109328318	45.8940719651368	53.0789572212707	3.49419113218071	173.178019378129	3.7661683295175
chr22	40472895	40473395	chr22:40472895-40473395	80.0416625468979	71.1489578027128	79.950849110416	89.4504303341578	4.67022280022278	293.735882039353	3.66978736688844
chr22	40476409	40476909	chr22:40476409-40476909	36.6558716362886	30.8268436661199	36.5683583781074	42.9821850775273	3.10285723596844	139.56082052585	3.80732511043846
chr22	40477548	40478048	chr22:40477548-40478048	82.7472654179895	73.6908008770901	82.6562383330664	92.3210077752212	4.75406702648566	302.95400617819	3.6611965923931
chr22	40480349	40480849	chr22:40480349-40480849	51.5110123290681	44.4828831164994	51.4216289031548	59.0470666885544	3.71711770322224	192.038163188374	3.72809918705491
chr22	40487908	40488408	chr22:40487908-40488408	31.9856310244649	26.5761955130395	31.898755630312	37.8887212126046	2.88796365213874	122.666620444066	3.83505394501181
chr22	40519251	40519751	chr22:40519251-40519751	28.2421280727137	23.1900940064187	28.1558210564099	33.784580734526	2.70489774997365	109.016724967541	3.86007473257187
chr22	40551968	40552468	chr22:40551968-40552468	337.35841005229	318.567848301509	337.26499958289	356.679810231832	9.72332647784882	1203.79724764181	3.56830365502144
chr22	40561522	40562022	chr22:40561522-40562022	61.5259839394873	53.7965256979023	61.4360123975644	69.7667146360792	4.07567041982029	227.886721645794	3.70391023522561
chr22	40572912	40573412	chr22:40572912-40573412	269.23054723372	252.536194998268	269.1378544666	286.451657950412	8.65284680966789	968.123222769396	3.59588922102871
chr22	40573628	40574128	chr22:40573628-40574128	422.743509868088	401.723088576969	422.650512063275	444.292425614838	10.8603530929865	1515.18620303498	3.58417377834559
chr22	40578831	40579331	chr22:40578831-40579331	44.9444384267023	38.4420575384519	44.8563425762151	51.9474234691106	3.44708667025233	169.999447789664	3.78243568593939
chr22	40581836	40582336	chr22:40581836-40582336	67.9396841929785	59.8160281982189	67.8499839633849	76.5730736386794	4.27632030048415	252.410021559444	3.71520746023029
chr22	40583338	40583838	chr22:40583338-40583838	78.8288241197862	70.0931014413004	78.7398539823482	88.0701350900396	4.5874243936383	295.278793279791	3.74582262994426
chr22	40586384	40586884	chr22:40586384-40586884	237.30964541631	221.807521845824	237.218811142707	253.327965186459	8.0418872590826	870.792781239595	3.6694369489785
chr22	40589520	40590020	chr22:40589520-40590020	33.8095476822027	28.2980628014657	33.7245283347302	39.8041442857248	2.9372208350231	132.496840077894	3.9189178549005
chr22	40592547	40593047	chr22:40592547-40593047	47.7181219632715	41.0607098095806	47.6313951273831	54.8683615327009	3.52410943130436	183.344511725693	3.84224072914715
chr22	40598440	40598940	chr22:40598440-40598940	222.972044675405	208.00854509924	222.881886700784	238.447896735923	7.76610980853593	824.316093594097	3.6969481747997
chr22	40606713	40607213	chr22:40606713-40607213	19.8583518794477	15.8070621305588	19.7782374011319	24.3648555839527	2.18546739327833	82.5653338341699	4.15771330548436
chr22	40636074	40636574	chr22:40636074-40636574	158.24898507045	145.915855626205	158.162195510691	171.075322170155	6.41927563923566	607.728800095234	3.8403330032397
chr22	40646777	40647277	chr22:40646777-40647277	18.0157770277066	14.2528349235598	17.9393690889455	22.2128689240219	2.03292353390464	78.535119591351	4.35924131779446
chr22	40652008	40652508	chr22:40652008-40652508	52.512607560949	45.6845602518197	52.4301454781406	59.8092521315729	3.60479290926711	212.210333554331	4.041131138042
chr22	40659129	40659629	chr22:40659129-40659629	92.0401455049045	82.8922442861658	91.9571022195517	101.659958709346	4.78890707640396	369.387141075736	4.01332634851227
chr22	40673370	40673870	chr22:40673370-40673870	24.5898249606622	20.1887976546681	24.514595546872	29.418325028779	2.35640959293235	108.895343807899	4.4284716943738
chr22	40683698	40684198	chr22:40683698-40684198	25.5595632576618	21.1224534546626	25.4862265271427	30.4133941411501	2.37197065672855	116.114975008305	4.54291702239858
chr22	40715741	40716241	chr22:40715741-40716241	38.3223973673735	33.2498338964559	38.2599531372863	43.7498042807575	2.67976161946971	204.50927738393	5.33654706993991
chr22	40716721	40717221	chr22:40716721-40717221	26.8037117854085	22.652549741873	26.7431580230363	31.2989663043885	2.2070701870746	147.488306868795	5.50253293460219
chr22	40718064	40718564	chr22:40718064-40718564	221.647139505402	209.120613518763	221.583928819417	234.532882728378	6.4833274688164	1168.76808889752	5.27310251558212
chr22	40725063	40725563	chr22:40725063-40725563	513.992313857736	495.835604729075	513.935666047414	532.470946481433	9.34619329102181	3024.43135816052	5.88419569051694
chr22	40728789	40729289	chr22:40728789-40729289	47.2757649928815	42.1894589477097	47.225561514559	52.6473617657794	2.66862695214199	313.835013260472	6.63839100874894
chr22	40736137	40736637	chr22:40736137-40736637	23.1192682921421	20.1834248134633	23.0846995274427	26.2515520526846	1.54862918560017	222.870860676013	9.64004819961208
chr22	40738362	40738862	chr22:40738362-40738862	39.778406016501	36.0620774321228	39.7467959077146	43.6743668269491	1.9423523742033	419.409932248777	10.5436585889036
chr22	40742304	40742804	chr22:40742304-40742804	168.960510945759	161.179260452571	168.928686528392	176.922615689771	4.01643495664321	1769.65640318603	10.4737870007634
chr22	40743911	40744411	chr22:40743911-40744411	71.9880779098073	66.9740650006519	71.9566817172756	77.1805098429146	2.60403162667721	764.238032916948	10.6161749987887
chr22	40766361	40766861	chr22:40766361-40766861	174.930302555213	166.193252123235	174.891471324744	183.888025813779	4.51431956519016	1501.56970016733	8.58381697301068
chr22	40767314	40767814	chr22:40767314-40767814	40.7527221422819	36.6242100785682	40.7144820629285	45.0985416853913	2.16239287451394	355.176353087534	8.7154019269557
chr22	40768776	40769276	chr22:40768776-40769276	27.0589714512505	23.7236692217841	27.0209300862801	30.610448078211	1.75751358839647	237.041936207942	8.76019757938682
chr22	40775182	40775682	chr22:40775182-40775682	29.7185497482191	25.8111618578575	29.6707944847906	33.8973102952082	2.06370314175918	207.377088952473	6.97803529140584
chr22	40779842	40780342	chr22:40779842-40780342	179.224847180221	168.549591489128	179.167983245062	190.223252042059	5.52955835471213	1050.54714351662	5.86161550725291
chr22	40781458	40781958	chr22:40781458-40781958	47.6555921616923	42.2128468287788	47.5983575824282	53.4235820581019	2.86083789131419	277.486105821468	5.82273964574769
chr22	40784081	40784581	chr22:40784081-40784581	99.0292688502687	90.865904396152	98.9683611839016	107.538758476763	4.25404575665287	541.904592338414	5.47216594275546
chr22	40795201	40795701	chr22:40795201-40795701	34.0590470900666	29.1549286918422	33.9929461345383	39.3387840575253	2.59929674291851	171.693265561268	5.04104724677815
chr22	40795995	40796495	chr22:40795995-40796495	39.6965756814755	34.3510459027164	39.6295449201684	45.4230113099071	2.82578790430801	197.345381334715	4.97134520917397
chr22	40832620	40833120	chr22:40832620-40833120	405.709786420455	386.398578758189	405.628091495669	425.485256066078	9.97180284596538	1655.32624463325	4.08007472345703
chr22	40854326	40854826	chr22:40854326-40854826	13.3325245094062	10.2134024361792	13.2604894936543	16.8609311634704	1.69823883409816	61.63497808109	4.62290378972159
chr22	40859218	40859718	chr22:40859218-40859718	120.873266927417	110.282469428304	120.789045441372	131.942675537593	5.52667760861499	478.335108239605	3.95732754147234
chr22	40860659	40861159	chr22:40860659-40861159	78.2003229173146	69.7670635333238	78.1168761153651	87.1077843880293	4.4249768506455	312.316613441487	3.99380209429207
chr22	40865044	40865544	chr22:40865044-40865544	119.011207331579	108.472310336148	118.926462150472	130.031691195293	5.50097383936832	468.054648468066	3.93286194605196
chr22	40872220	40872720	chr22:40872220-40872720	55.6143168768022	48.5435138942869	55.5309526233085	63.1588450637697	3.7299400202932	222.315384685007	3.99744880760621
chr22	40873946	40874446	chr22:40873946-40874446	36.4114604210724	30.7932775155918	36.3298382808874	42.4934556796336	2.98655465727446	148.639851305999	4.08222712264452
chr22	40877850	40878350	chr22:40877850-40878350	17.9360871387063	14.1749147525211	17.8593735385163	22.1331454847915	2.03248214385651	77.8756944902674	4.34184412062821
chr22	40883511	40884011	chr22:40883511-40884011	21.628360075526	17.4264421848991	21.5496884306846	26.2773004768434	2.26007397897512	91.5802600033538	4.23426740092899
chr22	40888207	40888707	chr22:40888207-40888707	16.0822911447339	12.5458981326644	16.0061862656173	20.0511038137591	1.91701142887822	70.379541951217	4.37621364504788
chr22	40895157	40895657	chr22:40895157-40895657	179.729205247499	166.531826018982	179.64191092057	193.42266180385	6.86091007296728	686.236563056164	3.81816946283811
chr22	40905476	40905976	chr22:40905476-40905976	18.8392352357236	14.943218169321	18.7610049940385	23.179757928156	2.1034917412412	80.2130288203311	4.25776459695288
chr22	40906675	40907175	chr22:40906675-40907175	15.1508218521299	11.7265095169566	15.0747932676041	19.0071156008958	1.85978278983396	66.3663501915563	4.38037954899633
chr22	40921280	40921780	chr22:40921280-40921780	37.2083551912411	31.4636901663888	37.1248397663941	43.4275909806258	3.05387406786599	148.449485345289	3.989681472946
chr22	40923871	40924371	chr22:40923871-40924371	121.036490994665	110.240676545513	120.949021675788	132.329372744248	5.63604675558536	461.193814905723	3.8103700059022
chr22	40929625	40930614	chr22:40929625-40930614	124.231293517189	113.284004277871	124.143715686436	135.67626703897	5.71347673321777	472.782168261643	3.80566083533717
chr22	40930784	40931284	chr22:40930784-40931284	41.744999701418	35.622018336573	41.6608023786958	48.3464308224645	3.24780597051377	165.207124759567	3.95753086456376
chr22	40948017	40948517	chr22:40948017-40948517	298.910783339859	281.688808792207	298.822136453972	316.63652517163	8.91609349350817	1123.916217137	3.76003904770177
chr22	40956485	40956985	chr22:40956485-40956985	180.163590774055	166.879786238811	180.075348553056	193.948859263907	6.90639283796711	680.505285886619	3.77715210361259
chr22	40963872	40964372	chr22:40963872-40964372	43.4676975266448	37.2085972089998	43.3833296943872	50.206217907126	3.31747391561464	171.679420641327	3.94958625393239
chr22	40989837	40990337	chr22:40989837-40990337	110.78356756208	100.514994918782	110.696947462882	121.544380485117	5.36584168609519	426.260394997201	3.84768611787427
chr22	40999262	40999762	chr22:40999262-40999762	18.778336405439	14.9022496010082	18.700671628411	23.0957161373538	2.09248232500257	80.5361071644539	4.28877752669971
chr22	41006237	41006737	chr22:41006237-41006737	72.6008831306967	64.3952076503357	72.5155453230975	81.2915046932143	4.31169238718029	283.522982703468	3.90522773935225
chr22	41008076	41008576	chr22:41008076-41008576	88.9054182899539	79.7761970054217	88.8196451523237	98.5220633960049	4.78341084210154	345.446734828078	3.88555322580506
chr22	41009171	41009671	chr22:41009171-41009671	21.5284238052963	17.3326182786427	21.4495878255256	26.172185194434	2.25720525226387	90.9666841214473	4.22542239711335
chr22	41016452	41016952	chr22:41016452-41016952	103.066650370535	93.2248566268956	102.980994551661	113.395203721031	5.14671669646567	401.029017074726	3.89096779252053
chr22	41017683	41018183	chr22:41017683-41018183	144.733430633849	132.989161058129	144.647235433771	156.967529361866	6.11800187317199	559.65256877706	3.86678161587206
chr22	41022263	41022763	chr22:41022263-41022763	38.8267927395522	33.0022194054948	38.744720888462	45.1177361535008	3.0924688707404	157.634894910399	4.05995148679428
chr22	41024553	41025053	chr22:41024553-41025053	96.3025705698016	86.8304889113264	96.2175253379117	106.25794107329	4.95722560702948	377.396954027279	3.91886687753299
chr22	41030352	41030852	chr22:41030352-41030852	56.6916136084125	49.5577256414701	56.6084277954425	64.2982133440564	3.76184959429677	227.109228290939	4.00604628860375
chr22	41032625	41033125	chr22:41032625-41033125	576.278136042478	552.581439812681	576.191819814035	600.465357503013	12.2159911661085	2225.39375814544	3.86166612779736
chr22	41037206	41037706	chr22:41037206-41037706	133.317033505232	122.144620817679	133.232228501054	144.971374412174	5.82423333720075	523.954712885667	3.93014080128857
chr22	41040658	41041158	chr22:41040658-41041158	112.528670260605	102.31627904312	112.444411509288	123.219883413001	5.33370099148976	445.111733726459	3.95554068750323
chr22	41042210	41042710	chr22:41042210-41042710	139.424311879086	128.01400669575	139.339819806985	151.31476750664	5.94512891398784	549.989586821	3.94471795778322
chr22	41047723	41048223	chr22:41047723-41048223	472.471026653646	451.190300240105	472.385948331419	494.235242863256	10.9815749412996	1851.06258871135	3.91783301892987
chr22	41050526	41051026	chr22:41050526-41051026	95.1532407987629	85.8423690634976	95.070095898422	104.936602480529	4.87218758064968	381.41622893783	4.00844181171378
chr22	41062336	41062836	chr22:41062336-41062836	39.6765876025473	33.8736547448972	39.5970386235355	45.9315562947137	3.07767459201627	166.197018516055	4.18879315380904
chr22	41064024	41064524	chr22:41064024-41064524	50.4134802365102	43.8096517485233	50.3330900317195	57.4741319539057	3.48736357434142	208.977199522985	4.14526429325228
chr22	41064889	41065389	chr22:41064889-41065389	92.6473383818802	83.5225443301357	92.5652954659941	102.238359892925	4.77564318955404	376.358866661543	4.06227392210924
chr22	41068660	41069160	chr22:41068660-41069160	40.5620928452725	34.7085817922061	40.4830050469415	46.8650200255385	3.1027802447257	170.898666624384	4.21326057499773
chr22	41078954	41079454	chr22:41078954-41079454	163.581404850785	151.38873217648	163.499493070405	176.239566582073	6.34045056341909	665.621935827769	4.06905623799315
chr22	41105717	41106217	chr22:41105717-41106217	97.9700360070509	88.8169992364238	97.89218171448	107.565498963798	4.78386872288514	419.39961604001	4.28089682451302
chr22	41107507	41108007	chr22:41107507-41108007	283.654750234625	267.832345813125	283.575976618284	299.924813914145	8.18760295952457	1200.23579069008	4.23132625030009
chr22	41117199	41117699	chr22:41117199-41117699	28.7391258015704	24.0568748422861	28.6669432084358	33.8315452926463	2.49523202650602	132.655492072893	4.61584993881909
chr22	41122485	41122985	chr22:41122485-41122985	20.5381784711729	16.6849537780729	20.4687845104588	24.7857125723612	2.06839492350034	98.5954606615454	4.80059421043266
chr22	41124785	41125285	chr22:41124785-41125285	74.4308078352781	66.6611937928043	74.3565300869652	82.6225202091184	4.07291114508845	333.960877941656	4.48686354017198
chr22	41139706	41140206	chr22:41139706-41140206	40.4025983068054	34.9013106396952	40.3327863852431	46.3005953195948	2.90935644221548	192.852257225783	4.77326373322131
chr22	41160761	41161261	chr22:41160761-41161261	15.9433569020476	12.7779055575977	15.8826357528898	19.4538314461126	1.70477980825263	87.4627142119304	5.48584057606446
chr22	41194935	41195435	chr22:41194935-41195435	19.5874536737572	16.3701233938784	19.5374107688625	23.0891460149417	1.71522005281313	130.411615186828	6.65791569230612
chr22	41196246	41196746	chr22:41196246-41196746	29.5839341821422	25.5776691836476	29.5333920445455	33.8774073359575	2.11827089930963	195.051302755026	6.59314956402132
chr22	41209928	41210428	chr22:41209928-41210428	322.526603505943	310.863679693478	322.48933863589	334.401299577853	6.00478781080938	2884.93315743081	8.94479130115433
chr22	41213001	41213501	chr22:41213001-41213501	67.1608877263241	62.0125527382363	67.1252766055535	72.5115937089426	2.67874976806426	628.59158536432	9.35948893239449
chr22	41215256	41216212	chr22:41215256-41216212	152.858474025597	145.074112606453	152.823180724328	160.843402612569	4.02309645390965	1443.63748286543	9.44427511832737
chr22	41251664	41252164	chr22:41251664-41252164	48.9396154234267	45.9814958574722	48.9236180602009	51.9886455597109	1.53259615204623	1019.68408945893	20.8355558301102
chr22	41252606	41253106	chr22:41252606-41253106	262.873610129788	255.93164727098	262.857491759784	269.907172144846	3.5653079685	5436.25574124038	20.680112159438
chr22	41272395	41272895	chr22:41272395-41272895	10.3455133418313	8.44281173252204	10.3119952006121	12.4386722839187	1.02023974567709	102.825211956646	9.93911162831139
chr22	41295094	41295594	chr22:41295094-41295594	63.209420803721	57.3931733729506	63.1607329414079	69.3023492562388	3.03872677543231	432.693445477681	6.84539487905274
chr22	41298814	41299314	chr22:41298814-41299314	54.3303033913581	48.9052132925475	54.2808131802517	60.036632557313	2.84038070758305	365.873666109712	6.73424669606959
chr22	41318699	41319199	chr22:41318699-41319199	33.0892163789397	28.8671479909279	33.0392471147257	37.5952396858755	2.22747974270622	220.671089035992	6.66897295205945
chr22	41324571	41325071	chr22:41324571-41325071	105.223713847289	97.5589261014919	105.173435401801	113.174224677517	3.98406870453828	697.547222577168	6.62918269155104
chr22	41337674	41338534	chr22:41337674-41338534	27.1391571321559	23.744767277305	27.0998329954875	30.7570105143169	1.78955252751439	229.987276381872	8.47437063951301
chr22	41347372	41347872	chr22:41347372-41347872	222.186688109072	213.222954439506	222.154666999221	231.332394114041	4.62001515260599	2312.85960479985	10.4095327424138
chr22	41360469	41360969	chr22:41360469-41360969	27.3709529012137	23.7215756387348	27.3256765790046	31.2776155987058	1.92843568220862	201.451041601838	7.36003026014142
chr22	41361844	41362344	chr22:41361844-41362344	89.9947193724464	83.060356208362	89.9464962285552	97.2031251192729	3.60842432668897	622.012124315324	6.91165135746581
chr22	41362693	41363193	chr22:41362693-41363193	55.1128299748218	49.7006269933619	55.064317204742	60.8007178200645	2.83236384411356	378.623303521457	6.86996664287482
chr22	41372944	41373444	chr22:41372944-41373444	25.9845187033068	22.1483437666951	25.9313943038628	30.1225717575376	2.03537355309685	162.982546752436	6.27229423078347
chr22	41417824	41418324	chr22:41417824-41418324	50.4424789079529	44.5878360971916	50.3798489384549	56.6530258920824	3.07891677805415	268.408918182775	5.32108897091608
chr22	41418532	41419032	chr22:41418532-41419032	67.7418591892934	60.8967043413205	67.678627178561	74.9463436116508	3.58503796522423	357.048082617136	5.27071572717577
chr22	41444698	41445198	chr22:41444698-41445198	60.2602626475699	53.882849578225	60.1984025084764	66.9892080894137	3.34442351152986	324.653063022103	5.38751490216405
chr22	41445506	41446006	chr22:41445506-41446006	11.0574561709359	8.57815448191759	11.002906561348	13.8467004222215	1.34578534093642	67.5085634329008	6.10525263580466
chr22	41487330	41487830	chr22:41487330-41487830	109.638746754986	102.975737278879	109.602511738284	116.50767426495	3.45238845578494	1008.52998232765	9.19866390466365
chr22	41488306	41488806	chr22:41488306-41488806	38.8738246714548	34.9789425880977	38.8381665561404	42.9713418302458	2.03940702307603	363.334570553651	9.34650947326131
chr22	41490045	41490545	chr22:41490045-41490545	32.1113108995564	28.5910182715167	32.0758663784991	35.8330233781908	1.84802089122104	301.927254502165	9.40252035946425
chr22	41583106	41583606	chr22:41583106-41583606	135.846414047543	126.920373159153	135.79379546707	145.071477600846	4.63094092890339	860.513870426886	6.3344614317587
chr22	41592706	41593206	chr22:41592706-41593206	24.1817926393825	20.8598809334116	24.1392335775113	27.7455478097562	1.75739344222987	189.338521946478	7.82979677189526
chr22	41593431	41593931	chr22:41593431-41593931	34.3492129175446	30.3841587965073	34.3070424130554	38.5539073674126	2.08483118215653	271.451216337299	7.90269101620811
chr22	41600986	41601486	chr22:41600986-41601486	95.3781797669531	89.0676410473293	95.3407120633847	101.901641186726	3.27437829744419	848.477545786246	8.89592931904776
chr22	41611568	41612068	chr22:41611568-41612068	8.03055912292482	6.23995130587357	7.99141090688794	10.0436016320149	0.9715808646102	68.3177669041498	8.50722419926194
chr22	41613741	41614241	chr22:41613741-41614241	18.5140438382448	15.5812459476815	18.4701971950142	21.6959961428046	1.56088593572425	140.689031693738	7.59904388921853
chr22	41681398	41681898	chr22:41681398-41681898	63.1696803238833	59.4522657518513	63.1501238569584	66.9982313815691	1.92518346127778	1076.6464530782	17.0437217278609
chr22	41682153	41682653	chr22:41682153-41682653	369.969695208411	360.908365559776	369.950201174339	379.141807625812	4.65153826418373	6326.14450157473	17.099088340225
chr22	41684217	41684717	chr22:41684217-41684717	38.2197154456191	35.4021525596155	38.2010019205736	41.1436237774256	1.46487668785201	680.726665687125	17.8108773901181
chr22	41697312	41697812	chr22:41697312-41697812	50.9747928870729	47.6981379031439	50.9559107246965	54.3587521366811	1.69933316450061	899.816335631775	17.6521822781151
chr22	41699149	41699649	chr22:41699149-41699649	74.6718036696132	70.6515217731881	74.6525041782698	78.8017619105811	2.07932253653114	1289.64316884786	17.2708185080665
chr22	41700341	41700841	chr22:41700341-41700841	105.006943788528	100.199888773837	104.987403738356	109.9250425153	2.48107366656501	1791.25212500706	17.058415952134
chr22	41703820	41704320	chr22:41703820-41704320	52.5746094120126	48.928390822572	52.5518789505304	56.3500012230184	1.89351818973959	770.926806117113	14.6634813789214
chr22	41704490	41704990	chr22:41704490-41704990	37.0857734058222	33.9687891207108	37.0620415575522	40.3376205547293	1.62500538307835	520.840890690308	14.0442235083208
chr22	41707436	41707936	chr22:41707436-41707936	107.704450977671	101.861579244758	107.67618261849	113.707967868264	3.02230221285282	1269.96433390592	11.7911963932596
chr22	41746037	41746537	chr22:41746037-41746537	52.8277004484875	47.5264842224731	52.7790873833214	58.4051710681751	2.77589830631846	362.173199148358	6.85574416591376
chr22	41750048	41750548	chr22:41750048-41750548	28.491432430797	24.6468385259771	28.4431154281053	32.6105901852788	2.03251322379404	196.499662559527	6.89679829319942
chr22	41763060	41763560	chr22:41763060-41763560	241.682664076703	229.742628278703	241.630188047524	253.920914370611	6.1683959598407	1535.13477934723	6.35186137661916
chr22	41776343	41776843	chr22:41776343-41776843	100.135756639048	92.4644775061567	100.082728808059	108.108382512469	3.99142165112226	629.394799192562	6.28541512360358
chr22	41776971	41777962	chr22:41776971-41777962	389.991797783605	374.620751031394	389.93817840443	405.667557462719	7.92053583420758	2424.3862932948	6.21650585236158
chr22	41799687	41800187	chr22:41799687-41800187	67.9095930485109	61.6626898717986	67.8573162586972	74.4535722352723	3.26370123054004	432.95370996234	6.37544256307149
chr22	41809626	41810126	chr22:41809626-41810126	74.7336702239317	68.2277088564862	74.6822810213944	81.5316645751441	3.39454282723466	484.696672160209	6.48565326321945
chr22	41840278	41840778	chr22:41840278-41840778	252.612690877975	241.483797869931	252.569194778101	263.988767025028	5.74142924423425	1935.84372910145	7.6632877088371
chr22	41842632	41843132	chr22:41842632-41843132	116.606342585783	109.213726464764	116.564345416944	124.237621897382	3.83306012692026	925.450264247685	7.9365345291305
chr22	41844298	41844798	chr22:41844298-41844798	287.236968003056	275.680122316481	287.195797070931	299.027783434191	5.95637014908645	2325.50517694251	8.09612075043826
chr22	41864622	41865122	chr22:41864622-41865122	183.186186528901	176.440203350991	183.164228414192	190.056955296974	3.47383463723101	2780.78339444007	15.1800932544734
chr22	41865305	41865805	chr22:41865305-41865805	35.0340555731977	32.1372491526123	35.0123733544866	38.0540773629013	1.509668546739	538.539565299969	15.3718876244511
chr22	41878271	41878771	chr22:41878271-41878771	46.4520141075168	42.2690944429535	46.417783555768	50.8294577373699	2.1842297978565	452.285269458671	9.73661267758641
chr22	41883112	41883612	chr22:41883112-41883612	28.0501206344708	24.693025626927	28.0130155908912	31.6180699528997	1.76724037460142	251.929031364677	8.98138851692073
chr22	41901666	41902166	chr22:41901666-41902166	27.7886575753826	24.2353065437215	27.7465060233884	31.5815385991854	1.87482127792168	219.692578845327	7.9058363380586
chr22	41908695	41909195	chr22:41908695-41909195	67.7266438321851	61.9750245554167	67.6823755367046	73.7298299454594	2.99924580497673	509.911714665972	7.52896771216724
chr22	41913680	41914180	chr22:41913680-41914180	20.582936146599	17.5411794213418	20.5407674922107	23.8643151937435	1.61394403787197	162.643873860102	7.90187914404891
chr22	41919586	41920086	chr22:41919586-41920086	183.223567207374	173.758210790514	183.18001671116	192.936415276048	4.89279508088014	1402.32479902231	7.6536267708135
chr22	41922567	41923067	chr22:41922567-41923067	29.2677293217312	25.6509098301428	29.2263638917214	33.1196125228182	1.90602494377176	235.787566377215	8.056230252278
chr22	41929250	41929750	chr22:41929250-41929750	20.5020181461278	17.6132112225342	20.463981270201	23.6069702579503	1.5297947152832	179.608511852512	8.76052838176002
chr22	41931192	41931692	chr22:41931192-41931692	26.4726994378133	23.2102588600351	26.4354963859041	29.9465506077359	1.71910887098471	237.131743759413	8.95759589294834
chr22	41935848	41936348	chr22:41935848-41936348	100.015559074284	93.9080765846037	99.9821799620536	106.312729908044	3.16478849571695	998.724609545595	9.98569241415545
chr22	41940368	41940868	chr22:41940368-41940868	127.23671667172	120.363785350013	127.203611112724	134.297782301819	3.55489980633213	1281.06208491252	10.068336549565
chr22	41949774	41950274	chr22:41949774-41950274	37.5515561675126	33.6998034214572	37.5154089781625	41.6087229057383	2.01812969634759	346.224448753708	9.21997605663121
chr22	41951317	41951817	chr22:41951317-41951817	16.6249994348042	14.1192337987553	16.5895106379861	19.3324286085142	1.33066805587628	156.093139558481	9.38906134527154
chr22	41959135	41959635	chr22:41959135-41959635	83.011055036585	77.0795043587596	82.9729152062594	89.1593474504535	3.0820218999307	725.438209404159	8.73905540755314
chr22	41961482	41961982	chr22:41961482-41961982	149.062659900814	141.077732281287	149.02452684944	157.264292407802	4.1295784321478	1302.94563478049	8.74092569961831
chr22	41969366	41969866	chr22:41969366-41969866	19.8662359320071	17.1405728973189	19.8313627660641	22.7900670738431	1.44188969356383	189.830985601206	9.55545812759446
chr22	41969919	41970419	chr22:41969919-41970419	16.0307462958898	13.6118494045788	15.9964462680274	18.6445515602124	1.28459898334962	155.730018082463	9.71445840437208
chr22	41972856	41973356	chr22:41972856-41973356	33.3271037492564	29.7897678150065	33.2926861427052	37.0600244368633	1.85519544848086	322.712514052652	9.68318508804871
chr22	41985800	41986300	chr22:41985800-41986300	170.022517833727	162.61028089562	169.993856829526	177.59763185684	3.82354371088864	1977.33734030765	11.6298556538339
chr22	41993874	41994374	chr22:41993874-41994374	46.0684276621717	42.4244782374553	46.0423858917687	49.8603671486219	1.89722751337426	589.614223205191	12.7986617544003
chr22	41999790	42000290	chr22:41999790-42000290	187.649514459126	180.634840669169	187.626330490365	194.795940216798	3.61270925486158	2697.9187521963	14.3774352945846
chr22	42016953	42017453	chr22:42016953-42017453	366.26725531718	359.644916114387	366.256771728364	372.949171827137	3.394030719327	11645.6745844964	31.7955657117409
chr22	42052539	42053039	chr22:42052539-42053039	21.8594952498117	19.1460465217157	21.8283128879785	24.7501411682709	1.43017891433617	233.614350727632	10.6870880620926
chr22	42062654	42063154	chr22:42062654-42063154	147.304275180227	139.882775922318	147.270995272618	154.914899791431	3.83502397556733	1475.34821694114	10.0156510402434
chr22	42063298	42063798	chr22:42063298-42063798	79.4851774499013	74.0774804471606	79.4521300653776	85.0806770545961	2.80729665157997	801.670090733931	10.0857809777076
chr22	42078266	42078766	chr22:42078266-42078766	582.073413134896	569.385730075274	582.049153624503	594.898960776207	6.50866821593397	7997.81323789782	13.7402139617126
chr22	42083690	42084190	chr22:42083690-42084190	24.0853132010888	21.7141235534612	24.0640024466613	26.5776060428621	1.24099601466104	376.67242040239	15.6390916430085
chr22	42084705	42085205	chr22:42084705-42085205	257.905493798501	249.898778650922	257.883587446775	266.036700537739	4.1169844971021	3924.30472744271	15.2160571286967
chr22	42093106	42093606	chr22:42093106-42093606	128.702450737321	122.299524463615	128.674107932701	135.26644548997	3.30814053775308	1513.58122256166	11.7603139170274
chr22	42109000	42109500	chr22:42109000-42109500	33.1051429712724	29.287364117341	33.0645802528798	37.1534256854315	2.0073322715391	271.989665016273	8.21593385814094
chr22	42121434	42121934	chr22:42121434-42121934	261.514305956056	249.760973871363	261.46742181832	273.53407492244	6.06496420913387	1859.23556610981	7.10949850071388
chr22	42132412	42132912	chr22:42132412-42132912	52.8875148198758	47.5748288685481	52.8387436637133	58.4773535310722	2.78198239248727	361.407837250213	6.83351899746274
chr22	42142513	42143013	chr22:42142513-42143013	83.768696580855	76.8925919021143	83.7176202383744	90.9350571907442	3.58290224466301	546.630169814182	6.5254706367141
chr22	42154215	42154715	chr22:42154215-42154715	35.9181131298878	31.4588682778635	35.8668600968323	40.6686089573137	2.3503490426282	233.540552105195	6.50202729916965
chr22	42159010	42159510	chr22:42159010-42159510	46.7906503194764	41.6432182308075	46.7386312946989	52.2336897607881	2.70249098314979	299.771026684409	6.40664373411436
chr22	42177126	42177626	chr22:42177126-42177626	94.157559748439	86.7633880835864	94.1051125450975	101.849778250264	3.84920384987103	598.368283966792	6.3549680510567
chr22	42196333	42196833	chr22:42196333-42196833	109.942909890194	102.248307251444	109.894487238886	117.912689869731	3.99655262726345	756.769085143041	6.8832913909489
chr22	42197183	42197683	chr22:42197183-42197683	22.3710667043419	19.0647690380885	22.3252262925943	25.9378513579473	1.75431490381189	162.614129869415	7.26894841531422
chr22	42204360	42204860	chr22:42204360-42204860	118.992047957855	111.289331662714	118.94733654346	126.948851916422	3.99524405661287	887.052348686495	7.4547195708462
chr22	42218008	42218508	chr22:42218008-42218508	23.0278771396158	20.2527200972013	22.9969770122947	25.9786281094762	1.46123346372665	248.352529977991	10.7848642960987
chr22	42218721	42219221	chr22:42218721-42219221	48.686073997177	44.6377727282331	48.6555948003239	52.9075819162992	2.11003156543435	532.392103240006	10.9352030165931
chr22	42221281	42221781	chr22:42221281-42221781	55.4496811106666	51.4405562025128	55.4235852417931	59.6071040441833	2.08359935379098	708.222430830969	12.7723445229107
chr22	42228621	42229121	chr22:42228621-42229121	409.695783635379	399.904979161749	409.675237541262	419.603349647671	5.02525318250618	6646.71556604599	16.2235391027637
chr22	42234080	42234580	chr22:42234080-42234580	25.2722802792069	22.8696330800664	25.2514658619234	27.7932103992472	1.25630995376987	404.664640413322	16.0121934365482
chr22	42235118	42235618	chr22:42235118-42235618	19.1188512581697	16.9311506032929	19.0957996213954	21.4375464673363	1.14997667025635	276.404767275625	14.457184877021
chr22	42240486	42240986	chr22:42240486-42240986	26.2096609790622	23.1632375964492	26.1770219879256	29.4415602867207	1.60216724061873	267.612941577713	10.2104694063574
chr22	42241891	42242391	chr22:42241891-42242391	191.881168839893	183.106267174229	191.845537917039	200.858556679467	4.52894984017417	1795.02164212398	9.35486089112666
chr22	42244346	42244846	chr22:42244346-42244846	39.6422674022717	35.5915343672544	39.6044054739954	43.9081588548435	2.12216014067366	348.947962659331	8.80242189777808
chr22	42253525	42254025	chr22:42253525-42254025	106.164753856308	98.7322155660608	106.117965001517	113.863184908578	3.8604598268651	756.28004178787	7.12364522420956
chr22	42257969	42258469	chr22:42257969-42258469	30.4840094678611	26.5117386498198	30.4359257521148	34.7295197037809	2.09728139607971	211.266562868835	6.93040602456088
chr22	42281699	42282199	chr22:42281699-42282199	18.9456519857299	15.6309262270311	18.8903928933605	22.5743757470661	1.77267991460152	114.224288892011	6.02905030547624
chr22	42304389	42305243	chr22:42304389-42305243	23.1976148538938	19.369221125006	23.1377580108811	27.3661366939012	2.04145193233489	129.124410006853	5.56627958607472
chr22	42311758	42312258	chr22:42311758-42312258	23.9829614538118	20.0706707343387	23.9225655710863	28.2384441146307	2.08503451468796	132.305872746281	5.5166611930343
chr22	42313977	42314477	chr22:42313977-42314477	23.1150261330395	19.2817027079498	23.0547727686168	27.2907305016937	2.0445581112982	127.817364952404	5.52962234248606
chr22	42315250	42316040	chr22:42315250-42316040	37.8108090614495	32.7884256441773	37.7487498861967	43.185847662434	2.65359790202747	203.030699249243	5.36964704773393
chr22	42321968	42322468	chr22:42321968-42322468	34.383053237267	29.6307134176752	34.3217645302395	39.4836681325198	2.514734018272	186.941087937075	5.43701243304516
chr22	42323773	42324273	chr22:42323773-42324273	43.5439252211838	38.1576660848631	43.4822588170624	49.2806105982663	2.8385954577657	235.314204658153	5.40406505529443
chr22	42326367	42326867	chr22:42326367-42326867	36.4637848488321	31.5915861818544	36.4031975875679	41.6802741895341	2.57481748357711	200.553659896997	5.50007797403458
chr22	42335937	42336437	chr22:42335937-42336437	28.2741519672525	24.2499309648631	28.2205863104311	32.6027602617333	2.13192520035886	175.887610721247	6.22079172966753
chr22	42336789	42337706	chr22:42336789-42337706	49.2775901996802	43.9387428693908	49.2245028377605	54.9181162932823	2.80170612741487	309.352594862455	6.27775411924389
chr22	42342719	42343219	chr22:42342719-42343219	145.127172348822	135.916923005846	145.074793650426	154.635081445194	4.7755817603609	923.517006882347	6.36350169258875
chr22	42343692	42344192	chr22:42343692-42344192	30.4379043523462	26.3766521806947	30.3874786180575	34.7857037768035	2.14614082299811	201.146770773095	6.60843034542194
chr22	42346922	42347422	chr22:42346922-42347422	36.5184866290922	32.0338531943744	36.4675384350839	41.2926391084578	2.36284574488213	238.866256073637	6.5409680992461
chr22	42353534	42354034	chr22:42353534-42354034	54.404113094844	48.4448857209743	54.3441648946522	60.7040068971674	3.12829118575303	302.446893045961	5.55926520700187
chr22	42355828	42356811	chr22:42355828-42356811	108.760824365094	100.064544007633	108.69797203316	117.81428151524	4.52876616300149	576.746791760015	5.30289095477945
chr22	42362629	42363129	chr22:42362629-42363129	52.7515137080757	46.6654035634092	52.686820653917	59.2052520265446	3.20003213702442	271.744756501781	5.15141154063566
chr22	42378989	42379489	chr22:42378989-42379489	17.0930878492724	13.7533785876294	17.0301620763267	20.7903489295156	1.79691692339687	90.4867628242133	5.29376339852281
chr22	42396957	42397457	chr22:42396957-42397457	17.9127237810898	14.4729386979336	17.8491513160731	21.7137370957868	1.84890091652883	93.8633353811231	5.24003699985668
chr22	42417669	42418169	chr22:42417669-42418169	9.24164963327529	6.95034713444395	9.18507807725675	11.8543683853105	1.25306248765756	54.3943186975884	5.88578022929341
chr22	42418358	42418858	chr22:42418358-42418858	21.8858548271848	18.0824986373028	21.8229199801684	26.0468254198704	2.03329044601831	115.858576515109	5.29376519354407
chr22	42465749	42466249	chr22:42465749-42466249	32.9601370060309	29.4638976234169	32.9261413380167	36.6495634036529	1.83360926197013	323.120437741896	9.80337058922944
chr22	42466581	42467081	chr22:42466581-42467081	80.7286059192099	75.1973233554332	80.6945546969972	86.45339567756	2.87181856463661	790.2070652357	9.78843937954916
chr22	42475538	42476250	chr22:42475538-42476250	79.7509335112151	74.4563928190535	79.7193874471891	85.2247451967174	2.74736514093483	842.633621227975	10.5658151463453
chr22	42485931	42486431	chr22:42485931-42486431	50.8406316979988	47.0279350187861	50.8148542007161	54.7998169528735	1.98292394865651	657.369817754887	12.9300088492166
chr22	42486659	42487159	chr22:42486659-42487159	196.09741541826	188.482673916329	196.071252887619	203.860835674794	3.92321029822214	2498.39189491878	12.7405651399836
chr22	42500408	42500908	chr22:42500408-42500908	14.0551754228144	11.5772548782983	14.0135177310423	16.7698064863565	1.32568775174654	112.406144856229	7.99749142040387
chr22	42511467	42511967	chr22:42511467-42511967	40.9702415471014	35.9952406804444	40.9143975932768	46.2625825712924	2.62020750132326	244.492576689419	5.96756493144759
chr22	42514260	42514760	chr22:42514260-42514760	19.3808072332806	16.020447639057	19.3253420329898	23.0563366551632	1.79625405691637	116.414800943518	6.00670547631326
chr22	42516431	42516931	chr22:42516431-42516931	65.377925210868	58.80030281644	65.3174424764239	72.2992539311291	3.44451167908719	360.252451401622	5.51030719068668
chr22	42564898	42565398	chr22:42564898-42565398	60.2548254720545	53.0662486340646	60.1756403022229	67.8933826441664	3.78380976054588	253.585886779739	4.20855731956852
chr22	42576289	42576789	chr22:42576289-42576789	183.303553908547	170.228883727689	183.219638866767	196.855098077255	6.79334484927288	728.072198950794	3.97194807970849
chr22	42580789	42581289	chr22:42580789-42581289	36.5050432767706	30.9160736995834	36.4245296445247	42.5515268151066	2.97000492915548	151.074579838211	4.13845776576149
chr22	42584875	42585375	chr22:42584875-42585375	25.3902046753168	20.8090521155999	25.3111937919987	30.42031637259	2.45390546375095	107.057413941419	4.21648487321946
chr22	42607240	42607740	chr22:42607240-42607740	29.0369785599892	24.0015172373713	28.9538489984619	34.5448068517605	2.69168996196036	116.373146781535	4.00775674855815
chr22	42612892	42613867	chr22:42612892-42613867	21.1399087649308	16.9235936935625	21.0586171497775	25.8181296787258	2.27135117517369	86.6238825715438	4.0976469451583
chr22	42627868	42628368	chr22:42627868-42628368	25.6329257725438	20.8818447237279	25.5485061481952	30.8636964155085	2.54864375816889	101.152841976271	3.94620742375881
chr22	42658955	42659455	chr22:42658955-42659455	44.2095244753527	37.6799455920548	44.1190592003831	51.2531700644767	3.46448526186308	162.837434276829	3.68331114639364
chr22	42664760	42665260	chr22:42664760-42665260	53.6968831399812	46.4234301665052	53.605098387765	61.4919074149454	3.84579894654998	194.950791583564	3.63057928474825
chr22	42665382	42665882	chr22:42665382-42665882	33.771247828666	28.1350280073953	33.6820368797893	39.9143951614042	3.0070843159567	126.125530149037	3.7347015067053
chr22	42666483	42666983	chr22:42666483-42666983	24.8844936442446	20.142263457498	24.7975917426343	30.120514475901	2.5478574593069	95.3909910570449	3.83335069705578
chr22	42695794	42696294	chr22:42695794-42696294	43.6278977012619	37.0897703513836	43.5358734533126	50.6889493261113	3.47116749665365	157.971023250832	3.62087177183105
chr22	42696694	42697194	chr22:42696694-42697194	44.5094468213742	37.898362411242	44.417290303732	51.644207898911	3.50856808448269	160.932803342751	3.6156999207069
chr22	42709864	42710364	chr22:42709864-42710364	39.3279979947563	33.1731900254793	39.2371894499094	45.998818121368	3.27389180397408	144.302891266572	3.66921528234955
chr22	42712948	42713448	chr22:42712948-42713448	29.5225136408505	24.2796455413204	29.4336615698127	35.2702628837509	2.80600042380331	110.695814284152	3.74953893258537
chr22	42765178	42765678	chr22:42765178-42765678	164.34675569278	150.835828069692	164.24623517543	178.428919877332	7.04031650608782	544.92646804636	3.31571174465416
chr22	42771881	42772381	chr22:42771881-42772381	23.2891394285839	18.6243284987343	23.1987706923367	28.4674324852922	2.51360505637084	85.8445640068112	3.68603418215831
chr22	42772674	42773174	chr22:42772674-42773174	26.017551504092	21.0455261251356	25.92615492168	31.508906619479	2.67174545319201	94.8293312729183	3.64482150666652
chr22	42795577	42796077	chr22:42795577-42796077	132.294457976124	120.389672257195	132.197105565151	144.752473975683	6.21631831468184	452.91511303361	3.42353806774999
chr22	42808705	42809205	chr22:42808705-42809205	54.141311111563	46.8025997454476	54.0486341325098	62.0066638522734	3.88040612237708	194.671858495251	3.59562512429948
chr22	42810583	42811083	chr22:42810583-42811083	39.7960853165326	33.6043436797777	39.7053118877666	46.5036401182518	3.29267224155973	146.077625803111	3.67065314694222
chr22	42814848	42815348	chr22:42814848-42815348	19.7254177803496	15.5865537133354	19.6409438819062	24.3442616493656	2.23666679261175	77.7767587828099	3.9429714315248
chr22	42820320	42820820	chr22:42820320-42820820	48.9074400900657	42.0326185616738	48.8171519944182	56.2953254223473	3.64027996908105	180.501282214598	3.690671232888
chr22	42821966	42822466	chr22:42821966-42822466	46.2218698854458	39.5664657052221	46.1321642818394	53.3870260084029	3.52751840605503	171.694524116616	3.71457330787646
chr22	42833408	42833908	chr22:42833408-42833908	48.1685835372335	41.4472680198894	48.0810093746508	55.387541414197	3.55795884803567	183.284571977436	3.8050645985004
chr22	42840035	42840997	chr22:42840035-42840997	355.394538392254	336.454883852262	355.304567937284	374.845482708085	9.79435264264626	1316.64903628616	3.70475315192649
chr22	42855577	42856077	chr22:42855577-42856077	25.4232832421117	20.8661434829421	25.3452540137956	30.4238048586523	2.44019246230992	108.546321274246	4.26956346434624
chr22	42858060	42858560	chr22:42858060-42858560	248.609661518873	233.345915340967	248.52577406162	264.350127104976	7.91008546233084	987.810533795495	3.9733392811868
chr22	42864865	42865365	chr22:42864865-42865365	19.8956714773182	16.0116473740181	19.8225584668915	24.1951326132309	2.08968023939869	90.6478547023373	4.55615960515226
chr22	42869380	42869880	chr22:42869380-42869880	46.189171937548	40.0511707437978	46.1132914197562	52.7583689422521	3.24309312768106	202.843694996874	4.3915854406556
chr22	42894596	42895096	chr22:42894596-42895096	223.190376714588	210.868026929694	223.129673854104	235.857692297125	6.37548813185072	1225.53028297015	5.49096381757237
chr22	42896357	42896857	chr22:42896357-42896857	144.148601589444	134.463028523118	144.090170076875	154.166231022476	5.02695578627756	822.262976855235	5.70427300569419
chr22	42907183	42907683	chr22:42907183-42907683	14.2827172395681	11.9049736566267	14.2451850261839	16.8737319715237	1.26844003963509	126.789062821964	8.8770967523402
chr22	42908148	42908648	chr22:42908148-42908648	22.0509236373591	19.1187086876454	22.0146490685588	25.1892710865066	1.5493116862095	202.570396036965	9.18648122719749
chr22	42915750	42916250	chr22:42915750-42916250	116.876981605834	110.610885264733	116.847031128597	123.313282387899	3.24068553329565	1300.72112502901	11.1289760152745
chr22	42916620	42917120	chr22:42916620-42917120	20.9049167895984	18.3405354569941	20.8758182011149	23.6346542594237	1.35106003353451	239.412924823374	11.452469638267
chr22	42927491	42927991	chr22:42927491-42927991	110.47880025402	103.062498907562	110.434102220773	118.149112943	3.84910657690234	823.830802825703	7.45691300893475
chr22	42928782	42929707	chr22:42928782-42929707	98.5830722062581	91.4495739315625	98.5366005964117	105.980660088655	3.70743776582181	707.061120779154	7.17223662192046
chr22	42933299	42933799	chr22:42933299-42933799	33.2361538155747	29.0742136700168	33.1878758469914	37.6724385390326	2.19430345800098	229.418346523858	6.90267435266083
chr22	42935341	42935841	chr22:42935341-42935841	42.752530586327	37.9605226119258	42.7031330248386	47.8252485158769	2.51732315289781	288.43350819799	6.74658328389655
chr22	42937464	42937964	chr22:42937464-42937964	23.1632045909543	19.7150106285936	23.1150209669943	26.8852004605955	1.83016485136793	160.183163156745	6.91541459765456
chr22	42940635	42941135	chr22:42940635-42941135	120.255660738553	112.101073939403	120.205996239906	128.692482370757	4.2330399937415	807.060912904644	6.71120933474615
chr22	42947171	42947671	chr22:42947171-42947671	26.5720143836785	23.0493558902766	26.5285777509656	30.3415043487548	1.86107633907057	203.854631200062	7.67177934862463
chr22	42947888	42948388	chr22:42947888-42948388	28.7819350552327	25.1034326841973	28.7383225092496	32.7082696633637	1.94081865729961	219.922701081963	7.64099775292836
chr22	42949608	42950108	chr22:42949608-42950108	137.037783431312	128.720022334885	136.992607496406	145.612272434458	4.30970056197306	1011.08218397542	7.37812710231275
chr22	42958408	42958908	chr22:42958408-42958908	54.4968028791833	49.1305981742494	54.4485652057387	60.1371290975431	2.80849417610516	376.526020242119	6.90913962561912
chr22	42977856	42978356	chr22:42977856-42978356	55.9251963118263	51.1526938186642	55.8882770983831	60.9075023976152	2.48894966272458	504.87376953245	9.02766199902791
chr22	43011214	43011714	chr22:43011214-43011714	213.962687229782	205.215135310298	213.931011147953	222.890250702738	4.50921656329598	2251.51010387755	10.5229100130883
chr22	43016539	43017039	chr22:43016539-43017039	83.5068412088955	77.8997511008952	83.473038663482	89.3060254483663	2.91012733880104	823.417563661848	9.86048031205057
chr22	43017516	43018016	chr22:43017516-43018016	40.4362192294405	36.4591206379476	40.4005118044874	44.616233373195	2.08141794776664	377.417900759764	9.33365947538873
chr22	43038729	43039229	chr22:43038729-43039229	96.1685746689967	89.9606862199288	96.1326442616277	102.580649769652	3.2197541979843	892.11516598828	9.27657677218215
chr22	43042831	43043331	chr22:43042831-43043331	109.121719662123	102.42865191897	109.084972966784	116.02361318065	3.46847348041063	989.795890563091	9.07056719439381
chr22	43044458	43044958	chr22:43044458-43044958	40.2878562545199	36.2814150620654	40.2514651555791	44.5010979729897	2.0973948878074	368.967324922988	9.15827644419759
chr22	43045276	43045776	chr22:43045276-43045776	40.3330308983717	36.3175729772782	40.2965145473964	44.5560011015513	2.10217921252724	368.113922835657	9.1268599119963
chr22	43052466	43052966	chr22:43052466-43052966	40.8394074323214	36.1631456619335	40.7900986426304	45.7958741434	2.458154644093	276.019942864588	6.75866669520132
chr22	43057997	43058497	chr22:43057997-43058497	61.9038410396576	55.5890455268578	61.8449221641072	68.553455569859	3.30813665214378	350.161434087929	5.65653807917355
chr22	43076529	43077029	chr22:43076529-43077029	32.5495832208486	27.5335225418395	32.4768074167214	37.9791876316568	2.66632709251406	149.026675392749	4.57845110893139
chr22	43084299	43084799	chr22:43084299-43084799	79.6537754014056	71.3060012193755	79.5736362004923	88.4569566638556	4.37648260111377	331.254905065338	4.15868429834015
chr22	43094561	43095061	chr22:43094561-43095061	14.2185773020638	10.9427133021148	14.1442356250226	17.9168345789188	1.78159161550274	63.6936249951032	4.47960605635686
chr22	43110983	43111483	chr22:43110983-43111483	29.8919617754939	24.6941713475901	29.805896066977	35.5788029303176	2.77884611300288	115.712384251388	3.87102007959384
chr22	43113251	43113751	chr22:43113251-43113751	86.2023013199133	76.9195677187094	86.1105899202206	96.0062021960295	4.87049216404444	313.250680069621	3.63390159280189
chr22	43118987	43119487	chr22:43118987-43119487	83.6882484999117	74.4726505104554	83.5950200960741	93.4336334164032	4.838492375557	299.163658261861	3.57473914945389
chr22	43130244	43130744	chr22:43130244-43130744	19.7849689338004	15.5901027698592	19.6983397654895	24.4720593065339	2.26845634876108	76.0693827007167	3.84480678009863
chr22	43136443	43136943	chr22:43136443-43136943	21.6370044914533	17.1910457994987	21.548373744883	26.5865657498263	2.39944288006599	81.3155191159958	3.75816898074388
chr22	43150643	43151143	chr22:43150643-43151143	320.315428007948	301.192805983347	320.213327885829	340.018269601608	9.90546794550794	1045.6966582063	3.26458411544371
chr22	43165894	43166394	chr22:43165894-43166394	56.4722492972589	48.7140562532918	56.3728479115805	64.7952944366959	4.10433218076913	189.315061374611	3.35235560351233
chr22	43176084	43176584	chr22:43176084-43176584	138.297985284843	125.776349790086	138.194927655293	151.405272234786	6.53939280057682	447.256702041015	3.23400735824047
chr22	43199493	43199993	chr22:43199493-43199993	18.8833766058825	14.7153223700034	18.7932927283068	23.5632768961432	2.2600047589955	69.8136914205213	3.69709786960311
chr22	43216136	43216636	chr22:43216136-43216636	37.2483391258025	31.1732187377051	37.1545735899318	43.8562702955738	3.23767472985125	132.357146057533	3.55337040963115
chr22	43252172	43252672	chr22:43252172-43252672	22.4870916821172	18.8714351608945	22.4321495113036	26.4149510126213	1.92563874074332	136.369406942595	6.06434166188962
chr22	43253062	43253562	chr22:43253062-43253562	141.472349680296	131.877209556873	141.413900059066	151.399648980566	4.98084720811446	806.745764934907	5.70249781500072
chr22	43259239	43259739	chr22:43259239-43259739	20.0795285287315	16.5655925451248	20.0209332418757	23.9264197099757	1.87923817747697	114.167730799973	5.68577746417758
chr22	43263677	43264177	chr22:43263677-43264177	95.3127711863396	86.4206496792354	95.2372490684301	104.634065760576	4.64733390728905	420.624377419655	4.41309566581922
chr22	43315169	43315669	chr22:43315169-43315669	35.0786194212865	29.5319433427531	34.9958585687273	41.0955763988893	2.95179180731689	141.225635993511	4.02597474824829
chr22	43329473	43329973	chr22:43329473-43329973	74.4853502089894	66.9649955299602	74.4159415340276	82.4001347162704	3.9385735019833	357.654602887818	4.80167713361512
chr22	43333384	43333884	chr22:43333384-43333884	75.6927765968159	68.6163709432939	75.6325441120017	83.111468161215	3.69857123685854	418.833004479408	5.53332858576926
chr22	43336161	43336661	chr22:43336161-43336661	31.7206794000323	27.6044627666586	31.6710755386473	36.1187739416344	2.17295186863606	213.100636893186	6.71803507755163
chr22	43341543	43342043	chr22:43341543-43342043	83.2567128249289	76.8938126142837	83.2128389183668	89.8689398473536	3.31050134066822	632.48609715181	7.59681803053878
chr22	43343109	43343609	chr22:43343109-43343609	25.6832481405979	22.2610459086016	25.6408189614535	29.3465567650193	1.80834726738952	201.714086159421	7.85391649277291
chr22	43344312	43344812	chr22:43344312-43344812	30.7845538618442	27.0111310590223	30.7417709052532	34.8010958467531	1.98799921252536	239.791239200498	7.78933618062615
chr22	43345116	43345616	chr22:43345116-43345616	25.6863095659446	22.262975920686	25.643856720728	29.3508840808672	1.80895944617373	201.62564184632	7.84953717577394
chr22	43355048	43355548	chr22:43355048-43355548	45.0301684741523	39.3322974018681	44.9633333164971	51.1078368236494	3.00519262813587	224.523867242812	4.98607655380393
chr22	43355673	43356173	chr22:43355673-43356173	367.628921498395	350.492451611957	367.557962932207	385.1686401202	8.84657841337553	1726.90591751657	4.69741583572367
chr22	43358161	43358661	chr22:43358161-43358661	81.3839156552192	73.2435467689298	81.3095217979388	89.9470440329864	4.26219964819614	364.594056796888	4.47992768425497
chr22	43363969	43364469	chr22:43363969-43364469	48.0968418475869	41.6183030943447	48.0155789159551	55.0371614943763	3.42476301572859	197.229589707521	4.10067651286789
chr22	43366610	43367110	chr22:43366610-43367110	33.4306770109185	28.0359118135561	33.3483750825005	39.2931134823582	2.87364804452992	135.339071071232	4.04834969471395
chr22	43373478	43373978	chr22:43373478-43373978	20.343248347567	16.1528037332615	20.2594794063545	25.0096702113486	2.26189347649421	80.890273865855	3.97627126621247
chr22	43378528	43379028	chr22:43378528-43379028	34.8405294939164	29.04960420029	34.7492801178873	41.1499657950071	3.08901075108499	127.21275369025	3.65128646257982
chr22	43381532	43382032	chr22:43381532-43382032	33.7715711804538	28.034812078887	33.678991046509	40.0344006658025	3.06338362324609	121.534550655546	3.59872361300997
chr22	43386927	43387427	chr22:43386927-43387427	25.9281909577404	20.9333811040467	25.8355526495417	31.4493850196497	2.68522476400979	93.2358953306575	3.59592751698798
chr22	43396452	43396952	chr22:43396452-43396952	81.7006673504824	72.1416236633449	81.5975328763873	91.845787656938	5.02833465480978	263.999351519149	3.23129981774365
chr22	43398221	43398721	chr22:43398221-43398721	39.197871584677	32.7736535548706	39.0981895971496	46.1885193267115	3.4245122727431	131.016959822548	3.34245086597418
chr22	43399718	43400218	chr22:43399718-43400218	72.8088189589858	63.7822137443971	72.7052251690189	82.4241073267225	4.75745308828882	234.217285661782	3.21688071597096
chr22	43403579	43404079	chr22:43403579-43404079	473.699848118464	449.681978057186	473.591442522307	498.333772906823	12.4121477995463	1456.50712752249	3.07474687464591
chr22	43411057	43411557	chr22:43411057-43411557	313.672273253108	294.080700383085	313.562677024003	333.886664211216	10.155703041302	953.964637199919	3.04127817006684
chr22	43429757	43430257	chr22:43429757-43430257	64.209704221061	55.6061370621044	64.1023942211752	73.4230665379362	4.54721745019231	199.392993254345	3.10534047264686
chr22	43434282	43434782	chr22:43434282-43434782	62.2471473621558	53.7814460082899	62.1398528060638	71.3225548956194	4.47688455411444	193.324598291152	3.10575835975878
chr22	43456199	43456699	chr22:43456199-43456699	24.6058624842792	19.5950871951368	24.5069745976412	30.1785233850966	2.70275990726998	82.8823867877679	3.36839998356985
chr22	43463426	43463926	chr22:43463426-43463926	32.988288168215	27.0797960698966	32.8872089660384	39.4711380312617	3.16366289501078	108.727438715388	3.29594061264898
chr22	43485186	43485686	chr22:43485186-43485686	108.772839165897	97.718503538933	108.67010649908	120.410975142026	5.79044109327248	352.872352992128	3.24412193060383
chr22	43486103	43486603	chr22:43486103-43486603	207.74085806483	192.272958688945	207.637056156872	223.798643950175	8.04347207561952	667.04744557915	3.21095932592607
chr22	43496203	43496703	chr22:43496203-43496703	64.8365279312468	56.6064979567139	64.7396638483701	73.616997264045	4.34119884216864	223.059201230292	3.44033229951526
chr22	43497203	43497703	chr22:43497203-43497703	61.1940061400671	53.2334985719267	61.0978201421698	69.701098163924	4.20273305978948	212.008932307649	3.46453755327574
chr22	43500016	43500516	chr22:43500016-43500516	143.585185726236	131.165801120593	143.487748259143	156.558285170789	6.47895044857864	491.145253875068	3.42058445229509
chr22	43514414	43514914	chr22:43514414-43514914	11.4722790842509	8.57220686439042	11.3990503257815	14.7884027125484	1.58845487436686	52.1614485614227	4.54673811353054
chr22	43520820	43521320	chr22:43520820-43521320	39.7406113263797	33.9579391409471	39.6617773113315	45.9712569371723	3.06627786947382	167.975549311441	4.22679832305296
chr22	43539172	43539672	chr22:43539172-43539672	92.0648537012935	84.6479588293273	92.0108260410382	99.7887764790478	3.86312102211374	567.951312164309	6.16903508049924
chr22	43559717	43560217	chr22:43559717-43560217	163.607676012559	153.34841490969	163.550050113024	174.194415980531	5.31844812628722	946.318860872338	5.78407373013292
chr22	43561372	43562251	chr22:43561372-43562251	67.9274002045553	61.5234815141543	67.8724094154045	74.6438174169603	3.34779908527306	411.690848789262	6.06074790952553
chr22	43563126	43563626	chr22:43563126-43563626	61.1497484919969	55.1856472623424	61.0966723546322	67.4154670999679	3.12062200316203	383.978597145377	6.27931604977299
chr22	43579536	43580036	chr22:43579536-43580036	280.54117906379	272.02829249041	280.518421548858	289.183394322385	4.37647534700191	4109.07684347927	14.6469650451741
chr22	43583439	43583939	chr22:43583439-43583939	226.077063276895	218.433967164092	226.054259191647	233.849752632303	3.93277500745262	3304.56884121421	14.6170018015796
chr22	43592387	43593368	chr22:43592387-43593368	37.3763720957331	33.538325551413	37.3403112581513	41.4193419030204	2.01101078078851	345.434326235957	9.2420507092338
chr22	43608995	43609495	chr22:43608995-43609495	19.71689492267	16.1322211754518	19.654548082678	23.6558379623877	1.92092190212771	105.355600599082	5.34341746062392
chr22	43614837	43615337	chr22:43614837-43615337	27.1287324438874	22.6274057051911	27.0579381398199	32.0323374317568	2.40090864558023	127.675548931745	4.70628508706872
chr22	43615880	43616380	chr22:43615880-43616380	33.5754098780877	28.4705753343489	33.5024239665869	39.0949830567499	2.7119081284817	153.282544310796	4.56532161088622
chr22	43618199	43618699	chr22:43618199-43618699	71.5118471055795	63.7109179392008	71.4337138232644	79.7567828571907	4.09458509271094	305.025529412484	4.26538457274285
chr22	43624263	43624763	chr22:43624263-43624763	45.5607961748587	39.2049593635517	45.4780063537878	52.3870882229986	3.36445771155309	183.380208270706	4.02495618309452
chr22	43627001	43627501	chr22:43627001-43627501	47.4149242486022	40.8261801442193	47.3294607401972	54.4893171566807	3.48721135128745	184.8730400128	3.89904746116409
chr22	43659186	43659686	chr22:43659186-43659686	40.2097069977672	33.4979357382979	40.1034545107071	47.525241672092	3.58094797164469	126.085688635712	3.13570274567565
chr22	43659806	43660306	chr22:43659806-43660306	264.831608551013	246.502344370303	264.717587050342	283.808836944382	9.5182157174606	774.156117894528	2.92320135851686
chr22	43669901	43670401	chr22:43669901-43670401	30.9799460287954	25.0663508342191	30.8713794344943	37.5104338641074	3.17749587089569	95.0585803209036	3.06839076583762
chr22	43671513	43672013	chr22:43671513-43672013	165.183713339135	150.462916478309	165.06455106163	180.581681066566	7.68495826547026	462.010050293399	2.79694675070573
chr22	43674221	43674721	chr22:43674221-43674721	21.7210272200858	16.8803074965952	21.615256462776	27.1627217283417	2.6264724426445	68.393530495461	3.14872449642788
chr22	43689686	43690186	chr22:43689686-43690186	120.147785250935	107.262882785145	120.021039847966	133.75294254975	6.75966857005398	315.922628192534	2.62945028518597
chr22	43722488	43722988	chr22:43722488-43722988	59.5060294233407	50.3180388608015	59.3724434183441	69.4531134313842	4.88436963677865	148.424262506062	2.49427266353355
chr22	43741783	43742283	chr22:43741783-43742283	25.4940349989644	19.7586131231794	25.3673630923991	31.9491863497479	3.1139611098926	67.0271551017116	2.62913089687193
chr22	43742303	43742803	chr22:43742303-43742803	18.0645333626455	13.400272341149	17.9438231890358	23.4146049732733	2.55921196454712	49.8242740992146	2.75812682780077
chr22	43755917	43756417	chr22:43755917-43756417	31.0667760606278	24.5129647749655	30.9321975654283	38.3852594898888	3.54294796496364	76.8887544998866	2.47495119383601
chr22	43781652	43782152	chr22:43781652-43782152	43.1309256600132	35.027349873424	42.98475212185	52.0650863855142	4.35031628921694	98.2960103439474	2.27901462442013
chr22	44278864	44279364	chr22:44278864-44279364	90.4143332660918	76.8289358776512	90.2225703076875	105.089415859462	7.2134619182095	157.103941649707	1.73759995760126
chr22	44298926	44299426	chr22:44298926-44299426	43.3832496774297	34.6351845811181	43.2125019504921	53.1015144592309	4.71576209735717	84.6331266426982	1.95082496751572
chr22	44319459	44319959	chr22:44319459-44319959	102.75110368227	89.3475917363211	102.588669712733	117.077659046638	7.07706953126224	210.797796059611	2.05153802251552
chr22	44341708	44342208	chr22:44341708-44342208	44.487442625341	37.7159143525133	44.3905088278231	51.8097920387834	3.59750433326835	152.922796149456	3.43743733343637
chr22	44350218	44350718	chr22:44350218-44350718	34.6014277688215	29.5727162050718	34.5329630434103	40.0191894582165	2.66635310867509	168.404120276943	4.86697027076691
chr22	44351004	44351504	chr22:44351004-44351504	330.805377196604	314.411015562343	330.733092496925	347.610523421124	8.46990493569201	1525.41512694597	4.61121623799781
chr22	44351515	44352015	chr22:44351515-44352015	32.0972083246765	27.2712641969145	32.029040647605	37.3105124603091	2.56251094798002	156.892817774452	4.88805182642107
chr22	44365320	44365820	chr22:44365320-44365820	474.399542576318	448.299005861623	474.271424916574	501.228153940957	13.5035415788048	1234.22162414896	2.60165011426082
chr22	44365988	44366488	chr22:44365988-44366488	72.5670306013658	62.6968020014269	72.4419212716174	83.1481986300026	5.21965578498834	193.283587007291	2.66351792825946
chr22	44381313	44381813	chr22:44381313-44381813	338.16157272353	312.932833795477	337.991918267374	364.35442559924	13.1197261807124	664.353102030203	1.96460259123929
chr22	44399454	44399954	chr22:44399454-44399954	19.3550186986241	13.9777253734003	19.2033744177571	25.5938352391949	2.96945090657392	42.48492846451	2.19503422476829
chr22	44400141	44400641	chr22:44400141-44400641	48.340207368962	38.9379586590672	48.1639451401335	58.744000631609	5.05750094878706	91.357682126283	1.88989015766907
chr22	44401401	44401901	chr22:44401401-44401901	77.8410959441134	65.5006298642648	77.6564420283215	91.2308403254324	6.56804669300416	140.457657306448	1.80441520771098
chr22	44411265	44412218	chr22:44411265-44412218	24.0679603358682	17.771349655737	23.9024877141981	31.3046908623926	3.45868695220289	48.4234873473648	2.01194811158135
chr22	44416741	44417241	chr22:44416741-44417241	24.99558728319	18.5048255868728	24.8264881317836	32.4470767578481	3.56308839153679	49.2122812989354	1.96883876907471
chr22	44417456	44417956	chr22:44417456-44417956	27.8510659413262	20.9006720831036	27.678162418829	35.7838230278167	3.8029897501127	53.6331535137875	1.92571277619235
chr22	44421418	44421918	chr22:44421418-44421918	121.761201865987	105.462097462161	121.55812020742	139.214329455955	8.61420046214726	199.796513003694	1.64088814779929
chr22	44422650	44423150	chr22:44422650-44423150	123.619286977535	107.16040153356	123.415398592805	141.236780693758	8.69688647082672	202.043492439826	1.63440105002825
chr22	44426679	44427179	chr22:44426679-44427179	56.5225552531279	45.8174691847176	56.3277278773881	68.3346838672774	5.74950163226605	96.6458412939592	1.70986327247848
chr22	44442384	44442884	chr22:44442384-44442884	470.049527475542	436.08323377143	469.828566800756	505.271500099102	17.6525759976158	709.040530279182	1.50843791735558
chr22	44452540	44453040	chr22:44452540-44453040	12.6893950934638	8.44807211438919	12.5399220888663	17.7797753468177	2.38794636884561	28.2379198977139	2.22531647014908
chr22	44464653	44465153	chr22:44464653-44465153	22.9964292379894	16.6193920234687	22.8169876838077	30.3929131118881	3.52092514207329	42.6586619732239	1.85501242526614
chr22	44476912	44477412	chr22:44476912-44477412	20.1644878648862	14.2813116609636	19.988654107484	27.0465785205559	3.26396886286573	38.1665037806886	1.89275839963933
chr22	44481554	44482054	chr22:44481554-44482054	18.2859755835763	12.7642896491635	18.1140095466481	24.7845774012885	3.07403470056602	35.3849625106404	1.93508748542909
chr22	44525383	44525883	chr22:44525383-44525883	24.8487316970555	17.973058705918	24.6557567351221	32.820739165197	3.79547567794936	42.8623549254118	1.72493129419924
chr22	44568111	44568611	chr22:44568111-44568611	37.0179453095751	28.1019808980814	36.8050427402687	47.1435515763275	4.8649793962245	57.8978728645206	1.56404879796353
chr22	44588189	44588689	chr22:44588189-44588689	94.811157468686	79.3364945408379	94.5721272898623	111.644078915614	8.24734913367573	132.156989610162	1.39389701738227
chr22	44845259	44845759	chr22:44845259-44845759	43.2204757782608	33.0260577687026	42.982822295851	54.7651752689267	5.55381432590175	60.5614652203275	1.40122162308053
chr22	44894060	44894560	chr22:44894060-44894560	115.703651535698	97.5795599875906	115.435981102763	135.348758254232	9.64104143843909	144.02776831663	1.24479881494659
chr22	45016164	45016664	chr22:45016164-45016664	16.069635715118	10.9380233269195	15.8986225389142	22.1727040486869	2.87405624123086	31.2623440831424	1.9454295441017
chr22	45022052	45022552	chr22:45022052-45022552	23.2164959149549	16.5211501334771	23.0191411598787	31.0330268353903	3.71034886096861	39.1528925717727	1.68642557926032
chr22	45041028	45041528	chr22:45041028-45041528	17.559960200912	12.2231588708358	17.392455920855	23.8483257856055	2.97309243179263	34.8843175934226	1.98658295316699
chr22	45065381	45065881	chr22:45065381-45065881	21.3701819710815	16.5757042247495	21.2646222803331	26.7644336362264	2.60259006535833	67.422508272416	3.15498054081399
chr22	45072497	45072997	chr22:45072497-45072997	88.1746346626085	78.5034896637853	88.0772087478384	98.3994198793589	5.07706152674742	301.621631595213	3.42073015385137
chr22	45078473	45078973	chr22:45078473-45078973	34.4313026276746	28.3403457555139	34.3285183535606	41.1063076791699	3.25924044422742	111.602546760366	3.24131061688801
chr22	45080536	45081036	chr22:45080536-45081036	104.793290019191	92.7330590271295	104.665433642523	117.580084598736	6.34067859688348	273.146393871129	2.6065256069459
chr22	45081234	45081734	chr22:45081234-45081734	78.2391373770834	67.7226370185915	78.107522572349	89.5035460124141	5.55891604485389	198.092428831991	2.53188411162126
chr22	45085044	45085544	chr22:45085044-45085544	72.210839412017	61.2393929313402	72.0540933642144	84.072987238911	5.82833046870558	153.5028524035	2.12575914715035
chr22	45089194	45089694	chr22:45089194-45089694	25.1220582473395	18.8713169072364	24.9670938533304	32.2532417737289	3.41935613197398	53.978618475227	2.14865429988976
chr22	45093202	45093702	chr22:45093202-45093702	27.1777295309651	20.4096281678057	27.0097703325853	34.9001036403734	3.70262477238208	53.8774384792308	1.98241131283043
chr22	45097191	45097691	chr22:45097191-45097691	48.9907010052429	39.1195461719097	48.798199195345	59.9556639079362	5.32092779904901	84.7720285571837	1.73036978074904
chr22	45119650	45120150	chr22:45119650-45120150	55.7371390881707	44.3193650287691	55.5103067789773	68.4437824608689	6.16088923112028	81.8469585087013	1.46844563333664
chr22	45134240	45134740	chr22:45134240-45134740	19.7317741013227	13.6676806720809	19.5388665601335	26.8917333982575	3.38221161309177	34.035388858612	1.72490262070913
chr22	45135493	45135993	chr22:45135493-45135993	26.0396852923219	18.7437434164064	25.831865026753	34.5162913473333	4.03212425585754	41.7064906595139	1.60165110258884
chr22	45143569	45144069	chr22:45143569-45144069	28.825242006178	20.9880411512419	28.6097814529848	37.8865368802131	4.31939084868894	44.5349446267014	1.54499811717648
chr22	45196058	45196558	chr22:45196058-45196558	24.5850083680703	17.4124693526796	24.3706517232613	32.9753110346695	3.97928365178467	38.1707704119935	1.55260351513924
chr22	45197881	45198381	chr22:45197881-45198381	15.3847880866154	10.1842275533379	15.1989387925532	21.6410230966421	2.93197953891522	27.5334838455872	1.78965635994304
chr22	45204057	45204557	chr22:45204057-45204557	17.2352696241493	11.5998860112225	17.0419674478415	23.9686992756093	3.16466453492275	29.6606595049921	1.72092808246137
chr22	45216435	45216935	chr22:45216435-45216935	22.7905392032649	15.9705074534861	22.5804291550208	30.8041864177258	3.79333972971244	36.0965521602857	1.58383932202511
chr22	45223871	45224371	chr22:45223871-45224371	27.4213794190061	19.7212156168455	27.2014677106047	36.3708991749758	4.25640015385839	41.5043575259356	1.51357657438518
chr22	45265905	45266405	chr22:45265905-45266405	19.1650213998068	13.0672488272547	18.9627123857481	26.412032630451	3.4137862115845	31.517080225103	1.64451056785257
chr22	45371327	45371827	chr22:45371327-45371827	47.2317700555296	36.8881406733897	47.0101986395255	58.8343461429173	5.60553235197609	70.996136565737	1.50314367812741
chr22	45403560	45404474	chr22:45403560-45404474	32.2742327339065	24.2976575619596	32.078011455236	41.3656580828822	4.36112263990565	54.7665335904474	1.69691202396614
chr22	45460422	45460922	chr22:45460422-45460922	23.7939038220125	17.6715666740695	23.6360965669444	30.8128190453645	3.35826774534495	50.1996589960285	2.10976977008654
chr22	45468072	45468572	chr22:45468072-45468572	18.1952115568159	13.0934902525419	18.0497679209308	24.1232238226591	2.81967145164379	41.6406216619401	2.28854836515169
chr22	45492070	45492570	chr22:45492070-45492570	19.0946930744918	14.082603233784	18.9624667848556	24.8580148705617	2.7538845761153	48.0766166102413	2.51779991554124
chr22	45497720	45498220	chr22:45497720-45498220	26.5600284712945	20.52689331322	26.4253100267136	33.358609197417	3.27782370701644	65.65773375937	2.47205057894917
chr22	45535854	45536354	chr22:45535854-45536354	17.9125623692234	14.1331124216345	17.8349389456753	22.1330669299937	2.04316839271759	76.8611906914582	4.29090987136032
chr22	45555500	45556000	chr22:45555500-45556000	59.8229066907082	55.5107886570736	59.7949275091241	64.2940252872555	2.24093857630537	712.648074565809	11.9126286900482
chr22	45559522	45560022	chr22:45559522-45560022	174.282797675338	166.838349192563	174.25460645706	181.887453546906	3.8392912285083	2060.66280587189	11.8236729806839
chr22	45565853	45566353	chr22:45565853-45566353	136.38832509493	129.176201823028	136.354337296157	143.793596402282	3.72924029243481	1337.56118200534	9.80700643603006
chr22	45588519	45589019	chr22:45588519-45589019	129.467903572756	117.8786962845	129.37365370802	141.592710280111	6.05076357373245	457.829596068084	3.5362401292827
chr22	45612374	45612874	chr22:45612374-45612874	29.4699580532734	23.6244862802197	29.3579475115959	35.9518842979911	3.14794636598073	87.6404071929935	2.97388978411725
chr22	45619230	45619730	chr22:45619230-45619730	44.7314635995365	37.2072878852724	44.6113413566214	52.9382143632354	4.01590051243846	124.068155628137	2.77362164446196
chr22	45635112	45635612	chr22:45635112-45635612	17.3005727375475	12.939349714067	17.1908045535096	22.285447944547	2.38823010641455	52.4769546210935	3.03324955868094
chr22	45636624	45637392	chr22:45636624-45637392	35.3966179554936	28.7137006599413	35.275416004008	42.76822611611	3.58863361016738	97.2893487493443	2.74854927868172
chr22	45645618	45646118	chr22:45645618-45646118	53.8589156804517	45.4381106631987	53.7348041971385	62.9849742138953	4.47903701226699	144.592547343211	2.68465388722431
chr22	45650982	45651482	chr22:45650982-45651482	18.2904518942437	13.8250562954709	18.1821481107846	23.3711896748755	2.43907468605848	56.2339607294581	3.07449816191561
chr22	45659491	45659991	chr22:45659491-45659991	60.1258957640074	51.4227612772735	60.0079196205659	69.4994289422199	4.61386044572179	169.822101342276	2.82444193445072
chr22	45665075	45665575	chr22:45665075-45665575	26.0178271422954	20.6932528958188	25.9121615751789	31.9427971229445	2.87290016995547	82.0164520021406	3.15231750728377
chr22	45667767	45668267	chr22:45667767-45668267	20.2624247190909	15.7187825288677	20.1624453821051	25.3741342336851	2.4663415914132	67.495741861834	3.33107921670603
chr22	45675599	45676099	chr22:45675599-45676099	53.8741321858118	46.2879628458556	53.7743145982996	62.0275167020066	4.01722365769761	179.84921718027	3.33832230577693
chr22	45676473	45676973	chr22:45676473-45676973	26.1432848206801	21.1106765488128	26.0500205667534	31.7058341251807	2.70543249915088	93.3785021676655	3.57179684221626
chr22	45686435	45686935	chr22:45686435-45686935	33.3453507106848	28.1100293637556	33.2678374878762	39.0211343693039	2.78519874620302	143.336962503742	4.29855915289001
chr22	45697791	45698291	chr22:45697791-45698291	41.2706043491238	36.8058572929	41.2262781319121	45.987243373081	2.34289539963587	310.295771858381	7.51856622290941
chr22	45705355	45705855	chr22:45705355-45705855	370.375582443989	358.599893453766	370.34257460997	382.338851602476	6.05611000569277	3740.22031158238	10.0984527297989
chr22	45709821	45710321	chr22:45709821-45710321	266.334631150213	256.362867592932	266.301620839019	276.493988705505	5.13575198346028	2689.34919716994	10.0976323865789
chr22	45710570	45711070	chr22:45710570-45711070	131.028364997953	124.057072074829	130.995304585476	138.187535724187	3.60501574490825	1321.0410466345	10.0820997549281
chr22	45714077	45714577	chr22:45714077-45714577	54.3568708081412	48.9992292230597	54.3086606852178	59.9884773261165	2.80408549235353	375.77371127882	6.91308579195363
chr22	45737277	45737777	chr22:45737277-45737777	22.3023724087254	17.502077930081	22.2015415107254	27.6755817428645	2.59841543397265	73.6690301755247	3.30319254048072
chr22	45748654	45749154	chr22:45748654-45749154	20.3292330550209	15.479583712486	20.2146992789136	25.829628305525	2.64427783019557	59.1054899315927	2.90741366246449
chr22	45831521	45832021	chr22:45831521-45832021	64.3085364590029	52.761800081547	64.1104610177838	76.9807872417294	6.18343300466589	108.162802794208	1.68193538136515
chr22	45944920	45945420	chr22:45944920-45945420	47.0938232731822	36.9475522344406	46.8804630063973	58.4523935622791	5.49256689604094	73.5152078247971	1.56103715339376
chr22	45949633	45950133	chr22:45949633-45950133	36.2133096848466	27.5453919917225	36.0078095357927	46.048814579633	4.72739155455165	58.6804299458478	1.62041057435859
chr22	45973786	45974286	chr22:45973786-45974286	28.4647634449144	21.1025810520561	28.273851660137	36.9116033636739	4.04009966926292	49.6399115949872	1.74390739944322
chr22	45993479	45993979	chr22:45993479-45993979	17.7597722205613	12.4260350125118	17.5947404513183	24.0310367494277	2.96774377318013	35.811455940317	2.01643666909514
chr22	45998609	45999109	chr22:45998609-45999109	158.815415311734	139.682912051034	158.602464289354	179.158040051486	10.0739241592238	248.535227946991	1.56493138565389
chr22	46014426	46014926	chr22:46014426-46014926	57.7046678034441	47.1021806462651	57.518094435116	69.3673054884991	5.68481443978696	103.036074357894	1.78557607694511
chr22	46022253	46022753	chr22:46022253-46022753	24.0464432398376	17.9092296543017	23.8897410626754	31.0739604011236	3.36416571273767	51.0912979259677	2.12469251341608
chr22	46025391	46025891	chr22:46025391-46025891	23.0934905896773	17.1775148813284	22.9417824277794	29.8713946190433	3.24388742634711	50.6812846424869	2.19461343211325
chr22	46032622	46033122	chr22:46032622-46033122	29.6172501028877	22.951384366933	29.4699571128313	37.1200108602215	3.6192395133297	66.9660705556111	2.26104956817317
chr22	46034935	46035435	chr22:46034935-46035435	30.8285956929693	24.0914481961631	30.6846236105291	38.3837788767506	3.65054811218392	71.316715119808	2.31332999498489
chr22	46038839	46039339	chr22:46038839-46039339	73.2117198641646	62.4949222943023	73.0646736133939	84.7641053504641	5.68402080211143	165.901342797633	2.26604897556624
chr22	46053456	46053956	chr22:46053456-46053956	18.1829048700907	14.1234725358503	18.0940259220421	22.747334710054	2.20283350305294	68.1338903111992	3.7471400085953
chr22	46067514	46068014	chr22:46067514-46068014	251.889789155015	240.017244297616	251.840065275696	264.044908607609	6.1299373127489	1688.53108125529	6.70345188234746
chr22	46069579	46070079	chr22:46069579-46070079	96.4179806081808	89.1663969689337	96.3688055917551	103.949016407445	3.77165189172797	653.510933752418	6.77789484523771
chr22	46080017	46080517	chr22:46080017-46080517	24.3299647906549	19.6392551543875	24.2428883777405	29.5154550296177	2.52185708288983	93.0769233187973	3.82560863197583
chr22	46084296	46084796	chr22:46084296-46084796	18.9630908848237	14.5857209571049	18.8635336321354	23.9061230493225	2.38098012935539	63.431752608156	3.34501126390324
chr22	46085130	46085630	chr22:46085130-46085630	37.6022693741097	30.9942084260574	37.4915692298756	44.8393596180601	3.53472681696055	113.166114017072	3.00955543111421
chr22	46156535	46157035	chr22:46156535-46157035	63.0762183337075	50.640852351613	62.8395506319953	76.8563550499147	6.69435186894811	88.7798125037672	1.40750055804033
chr22	46259704	46260204	chr22:46259704-46260204	29.0720160919633	20.6745568924143	28.8240162139869	38.878377016536	4.65432925386748	39.0154028387003	1.34202604715418
chr22	46375044	46375544	chr22:46375044-46375544	36.4338584389358	26.5493400840251	36.1628018311946	47.8583302434675	5.4466985564713	44.7449114233137	1.2281134455827
chr22	46402144	46402644	chr22:46402144-46402644	47.7301425237343	36.080545930321	47.4476810116769	60.9845815394057	6.36307346207453	56.266718536523	1.17885083851455
chr22	46409276	46409776	chr22:46409276-46409776	212.102758091402	184.877560965003	211.778479538254	241.170696471284	14.3665352340949	217.965896071694	1.02764291248756
chr22	46410919	46411419	chr22:46410919-46411419	51.4760051089923	39.3044938546788	51.1914610859853	65.2642151425099	6.63212623690067	60.2426548315836	1.17030555700718
chr22	46431557	46432057	chr22:46431557-46432057	376.907035066079	340.295069923698	376.582603221708	415.362659411316	19.1545853606037	387.188970082961	1.02727976413356
chr22	46480749	46481249	chr22:46480749-46481249	34.1926535845162	25.0604263902796	33.946790370137	44.7217165085812	5.0252089682887	46.2974808085108	1.3540183622799
chr22	46481548	46482048	chr22:46481548-46482048	113.732854119267	95.1427670469221	113.445242662191	133.957256149712	9.90842547806147	131.753627431985	1.15844826415611
chr22	46504982	46505482	chr22:46504982-46505482	19.1851263078223	13.060870040547	18.9811239504917	26.468236963975	3.42986511206252	31.2878156611132	1.63083709531567
chr22	46512266	46512766	chr22:46512266-46512766	27.528741917922	19.772851743243	27.3063707382836	36.5479578789187	4.28852897144416	41.2055800368486	1.49682031092102
chr22	46515926	46516426	chr22:46515926-46516426	17.3007036010683	11.6472961599955	17.106924835162	24.0548649707895	3.17456812508772	29.7001217023061	1.71670022139863
chr22	46518277	46518777	chr22:46518277-46518777	19.1495250676689	13.095458831165	18.9502201498771	26.3357714158775	3.38692958815772	31.9671323155239	1.66934334938132
chr22	46520499	46520999	chr22:46520499-46520999	16.3627022658942	10.9458323025027	16.1740430923174	22.8512306804223	3.04634622923917	28.8503797473484	1.76317941123227
chr22	46527126	46527626	chr22:46527126-46527626	15.4210571316472	10.2547441689146	15.2384645141808	21.624555500776	2.90953672226281	28.0918671800804	1.82165638453087
chr22	46546041	46546541	chr22:46546041-46546541	25.5074096016095	18.3668406144148	25.3042249756319	33.8023075482488	3.94593651996709	41.7861658642274	1.63819715591938
chr22	46554108	46554608	chr22:46554108-46554608	16.2635360601448	11.036157770364	16.0879458313979	22.4883646399262	2.92982218801479	30.8139537646899	1.89466507472519
chr22	46565623	46566123	chr22:46565623-46566123	18.0462080715199	12.5207670508226	17.8712247009791	24.5656947374388	3.08057155262041	34.3170003885304	1.9016183484379
chr22	46566957	46567457	chr22:46566957-46567457	50.6133878243344	40.0836021857117	50.4005278513191	62.3526451566398	5.68726701927993	79.1997075309944	1.56479759477622
chr22	46575716	46576216	chr22:46575716-46576216	49.4625528720117	39.2620416993094	49.2583729261164	60.8232192245144	5.50637377778478	80.6903646801558	1.6313425004356
chr22	46576222	46576722	chr22:46576222-46576722	140.233753563656	121.978769329998	140.013018628815	159.743081221637	9.63792046483922	211.708571300015	1.50968341016355
chr22	46579663	46580163	chr22:46579663-46580163	22.5028381262299	16.2646926268215	22.3273717498538	29.7378466439501	3.44413734982032	42.6887725216539	1.89703948818326
chr22	46587037	46587537	chr22:46587037-46587537	29.6282141290493	22.2383727841936	29.444495089563	38.0618680993635	4.04326173883226	53.6966555919946	1.81234870782667
chr22	46589751	46590251	chr22:46589751-46590251	249.612001491235	225.381946605524	249.397446167533	275.06131682333	12.6764085387551	387.738093611456	1.55336318484299
chr22	46630837	46631337	chr22:46630837-46631337	132.072463376095	118.248018851884	131.939918468501	146.650120990542	7.24748098987889	332.085862086079	2.51442165609055
chr22	46635518	46636018	chr22:46635518-46636018	61.5642320059536	52.8994041730693	61.4502812968083	70.8765867705553	4.58833385042402	180.030841888985	2.92427658110922
chr22	46637161	46637661	chr22:46637161-46637661	42.4532357203579	35.5742230506764	42.3478170881798	49.9312771962572	3.6649740119654	134.177530738447	3.16059608794681
chr22	46645977	46646477	chr22:46645977-46646477	80.206188665595	71.6539261098786	80.122571575868	89.2336214440984	4.48592898274176	319.676690986118	3.98568609610601
chr22	46650086	46650586	chr22:46650086-46650586	45.1355159822109	39.0943382025224	45.0602544403184	51.6043718020648	3.19279405235663	199.845793665741	4.42768381654272
chr22	46652194	46652694	chr22:46652194-46652694	93.0292720758586	84.180750227763	92.952578142357	102.313625591522	4.62682215121844	404.271972301755	4.34564264860743
chr22	46663501	46664001	chr22:46663501-46664001	81.0988438034204	73.8537295023097	81.0400447879981	88.6780988708993	3.78251799067419	459.69239682839	5.66829778662025
chr22	46692388	46692888	chr22:46692388-46692888	87.4759315961976	80.7675446657393	87.4295096480385	94.4481253222418	3.49049562417922	628.062634855913	7.17983362275176
chr22	46703086	46703586	chr22:46703086-46703586	28.9809969856681	24.5025271470892	28.9158254095474	33.8297998467366	2.38085791365869	148.169797474935	5.11265356220178
chr22	46710032	46710532	chr22:46710032-46710532	25.481568632466	21.0355597250737	25.4076742685573	30.3474667667518	2.37734250891505	114.886449201046	4.50860976645959
chr22	46730444	46730944	chr22:46730444-46730944	47.8824123237573	42.9256858169357	47.8354421577155	53.106056473776	2.59775150587417	339.74794123825	7.09546417463352
chr22	46731383	46731883	chr22:46731383-46731883	388.102950265573	373.521562014794	388.054509284006	402.959623321928	7.51009422630221	2670.56477535905	6.88107311096611
chr22	46763496	46763996	chr22:46763496-46763996	17.5011806495635	12.9406945356215	17.3818864807001	22.7394288589549	2.50420284324632	48.8422527558018	2.79079758867696
chr22	46786404	46786904	chr22:46786404-46786904	53.8900972260327	43.9350157468316	53.7138676511462	64.8465521307787	5.33926298951802	101.872111643821	1.89036793191402
chr22	46840308	46840808	chr22:46840308-46840808	14.6225498434665	9.72194008266909	14.4492689787175	20.5074508521492	2.76002115593693	28.0686418339688	1.91954495860448
chr22	46851292	46851792	chr22:46851292-46851792	23.1305632095359	16.3423515847064	22.9262559961093	31.0794423699379	3.76825856388312	37.678276216137	1.6289389875558
chr22	46851957	46852457	chr22:46851957-46852457	237.465214459433	211.215566233221	237.198582141575	265.230047576379	13.7835292873525	296.810413250336	1.24991112456617
chr22	46858533	46859033	chr22:46858533-46859033	39.3461429027633	29.7464956993647	39.11348736906	50.2676535245724	5.24322527733241	56.312822355027	1.43121582448866
chr22	46872428	46872928	chr22:46872428-46872928	14.6602134858275	9.6218044697494	14.4764228035277	20.7425848070807	2.84632730169533	26.5283911414049	1.8095501246998
chr22	46887926	46888426	chr22:46887926-46888426	19.4005010779055	13.2145362555026	19.1947286479017	26.7553765751616	3.46398591750456	31.3670487291538	1.61681642155504
chr22	46891186	46891686	chr22:46891186-46891686	50.0802612613382	38.6827767861432	49.8252045944398	62.9269299240421	6.1931305980147	65.3902044268359	1.30570813290299
chr22	46895542	46896042	chr22:46895542-46896042	17.5181497498279	11.7411949577788	17.3179055543712	24.4325748963448	3.24737855952982	29.1011821333262	1.66120181348558
chr22	46924010	46924510	chr22:46924010-46924510	61.150689265329	48.2618032719457	60.8862873932627	75.5419015337174	6.96725121486836	77.0335253398792	1.25973273998001
chr22	46934507	46935007	chr22:46934507-46935007	11.8973651233557	7.54135194333994	11.7253410311592	17.2304304633199	2.48113253305843	22.9933184098778	1.93263955266361
chr22	46943723	46944223	chr22:46943723-46944223	20.4604480821635	14.0761942020198	20.2535909980151	28.0197968803374	3.56655649274041	32.9103170412141	1.60848466803148
chr22	46957395	46957895	chr22:46957395-46957895	27.2745848114047	19.6648327910995	27.0589051108868	36.1096553446699	4.20390522639317	42.0930565868122	1.5433069605962
chr22	46959505	46960005	chr22:46959505-46960005	78.3522126277507	64.0043335960238	78.1006697209742	94.1294145082694	7.69160150223672	103.769322030218	1.32439555374427
chr22	46971155	46971655	chr22:46971155-46971655	36.2902752631105	27.4484680541955	36.0763289278934	46.3476479117529	4.82878209142897	56.4813813837964	1.55637787187606
chr22	46971777	46972277	chr22:46971777-46972277	20.5752027873442	14.4377498449724	20.3868447946039	27.7827024950591	3.41257780295348	36.3515660557351	1.76676587013251
chr22	46974834	46975334	chr22:46974834-46975334	38.3749718560626	29.3348111068778	38.1645293920169	48.6108092722561	4.92452830732082	60.7249077219271	1.58240917933947
chr22	46977221	46977721	chr22:46977221-46977721	17.7025572468117	12.2435390922378	17.5281823638259	24.1521584141361	3.04583238180644	33.780028825851	1.90820051334306
chr22	46988133	46988633	chr22:46988133-46988633	57.8177019049128	47.0699741263112	57.6261145195842	69.6540675997648	5.766376488521	100.534625140245	1.73882084254377
chr22	46994824	46995324	chr22:46994824-46995324	46.9162464400186	37.931806730631	46.750711228978	56.8412826625716	4.8284119217075	94.4143245762358	2.01240149714327
chr22	46999664	47000164	chr22:46999664-47000164	325.085494736675	301.276577890534	324.928434064858	349.786958082748	12.3768980009381	689.876831036027	2.12213969003705
chr22	47000197	47000697	chr22:47000197-47000697	1308.00850473906	1259.97147995858	1307.85257941122	1356.93163630967	24.735964379082	2796.16916341265	2.13773010900297
chr22	47015605	47016105	chr22:47015605-47016105	28.279715559144	23.8196501999704	28.2133553420366	33.1168669047486	2.37324689725397	141.992115742493	5.0209881158646
chr22	47030015	47030515	chr22:47030015-47030515	44.013702076887	36.1560136663908	43.8797582326218	52.6324941239734	4.20662623138924	109.473233903418	2.4872534855664
chr22	47030964	47031464	chr22:47030964-47031464	108.670104940713	95.5161196117216	108.522951315763	122.660309182455	6.92713297237994	246.100855916789	2.26466014780287
chr22	47042650	47043150	chr22:47042650-47043150	31.8363719550255	24.2200069583319	31.6559083751179	40.4780744898226	4.15372480098781	58.7451072377973	1.84521990510681
chr22	47045301	47045801	chr22:47045301-47045801	292.254175599023	265.521209943006	292.031781224547	320.250953662974	13.964722021071	437.98260213418	1.49863590908996
chr22	47047941	47048441	chr22:47047941-47048441	111.642935554093	95.2983688821214	111.418637833397	129.262070330598	8.66894907172554	165.855390656359	1.48558786844151
chr22	47106660	47107160	chr22:47106660-47107160	52.4122078063962	39.5545972887906	52.0986213586138	67.0514967066981	7.02567991288755	55.6529499118882	1.06183181821806
chr22	47130855	47131355	chr22:47130855-47131355	28.1206588425031	19.2514982791178	27.8295207122514	38.6436747509875	4.96053224290672	32.1361931892624	1.14279659552962
chr22	47134068	47134568	chr22:47134068-47134568	30.0338099968373	20.7246302527544	29.7346057181208	41.0426920008696	5.19684288090279	33.3996322053261	1.11206777324766
chr22	47149937	47150437	chr22:47149937-47150437	229.337300207898	197.241993412984	228.917792673004	263.816468004291	16.9917711098037	182.16800106388	0.79432347419605
chr22	47154718	47155218	chr22:47154718-47155218	52.1306050631078	38.4777628431489	51.7713668298411	67.8244301468553	7.50009599678286	48.311651864057	0.926742588265996
chr22	47158259	47158759	chr22:47158259-47158759	230.686589744411	198.141331241658	230.25748770783	265.670227349567	17.2355076457663	179.141637179736	0.776558522011255
chr22	47169681	47170181	chr22:47169681-47170181	164.724392940499	137.331041089282	164.292503455829	194.571892286458	14.6125993857597	127.075221527557	0.771441431709866
chr22	47194531	47195031	chr22:47194531-47195031	55.8746881428968	41.0859801905086	55.4807323866275	72.9016099439331	8.13142617237039	47.216824715066	0.845048559274482
chr22	47198964	47199464	chr22:47198964-47199464	55.8646583910191	41.0267827796568	55.4677713547907	72.9573968931949	8.16092876829089	46.8592270409829	0.83879913330887
chr22	47212227	47212727	chr22:47212227-47212727	135.230547349435	109.700001351552	134.767545752745	163.391950112461	13.709514169946	97.2983514914156	0.719499797926553
chr22	47250096	47250596	chr22:47250096-47250596	28.1018500809127	18.4709092333123	27.7517564230098	39.7213885325599	5.43887881289816	26.6962991874983	0.949983688285023
chr22	47261417	47261917	chr22:47261417-47261917	38.5812777875789	26.4869809708582	38.1872049115419	52.9141788955584	6.75984971214692	32.5746031094558	0.844311152388611
chr22	47274421	47274921	chr22:47274421-47274921	33.8164991231327	22.707868384007	33.4332689292234	47.1020451794988	6.24164569258443	29.3534441071229	0.868021376199855
chr22	47291598	47292098	chr22:47291598-47292098	260.446102425866	221.331131436956	259.894269521496	302.696841685599	20.7685121785664	157.262419903996	0.6038194407181
chr22	47295278	47295778	chr22:47295278-47295778	23.3635234719818	14.7933810799103	23.0242767644246	33.8604943779879	4.88269262092332	22.8959099941287	0.979985318635096
chr22	47330720	47331220	chr22:47330720-47331220	355.42715648348	308.378629763277	354.847950587235	405.767058765177	24.8550972687099	204.489154881289	0.575333513917342
chr22	47331505	47332005	chr22:47331505-47332005	127.017165156619	100.586542759326	126.48274343873	156.484374868813	14.2756944483396	79.1644763781123	0.623258094923614
chr22	47485468	47485968	chr22:47485468-47485968	71.4447099904008	51.8775422990019	70.9021288622148	94.094424471483	10.7913116535731	43.8320401281788	0.613509945439879
chr22	47486769	47487488	chr22:47486769-47487488	444.696896490774	388.152878230788	444.030180169161	505.029592859852	29.8277995493151	222.272515942089	0.499829249306893
chr22	47503293	47504282	chr22:47503293-47504282	34.6848134915581	22.6684407767514	34.2420887927649	49.2159152604413	6.79514290322454	26.0544277034668	0.75117681430832
chr22	47525447	47525947	chr22:47525447-47525947	74.2546331444222	53.9604404557057	73.6932781899182	97.738035958186	11.1901536773116	44.0326691287435	0.592995578378278
chr22	47551423	47551923	chr22:47551423-47551923	21.4691928485533	13.0227678887339	21.1034585169965	31.9926818929798	4.86098703363477	19.5066417927499	0.908587571519458
chr22	47702946	47703446	chr22:47702946-47703446	36.6121244695568	24.3736272785918	36.1807621441354	51.3009054699712	6.89058986096258	28.2317018429624	0.771102530978153
chr22	47724555	47725055	chr22:47724555-47725055	43.2300344724799	29.4879908423432	42.7746134782293	59.5591494226034	7.6925887585954	31.5810184846454	0.730534196190608
chr22	47732914	47733414	chr22:47732914-47733414	28.080343814266	17.9734168262056	27.6897303741713	40.4059016539097	5.74358070001434	23.9022831583943	0.851210487894772
chr22	47847964	47848464	chr22:47847964-47848464	26.1738446181986	16.6990072582204	25.8050066895013	37.7436159404636	5.38848580541697	23.5939988248638	0.901434205369237
chr22	47935301	47936142	chr22:47935301-47936142	21.4286915582516	13.354439498731	21.0979712121694	31.3812769514706	4.61739891201244	21.5375607212605	1.00508053245869
chr22	48022615	48023115	chr22:48022615-48023115	25.1452471014549	16.2099994901073	24.8054358026158	36.0106065018274	5.06919378762691	24.6056038518244	0.978538956191076
chr22	48027250	48027750	chr22:48027250-48027750	162.997362636534	133.466812412058	162.485734215655	195.435107511518	15.8215831936201	106.135648147481	0.651149481382413
chr22	48041024	48041524	chr22:48041024-48041524	69.4490711207888	51.6603548291585	68.9929722457213	89.829108550268	9.75391925703919	50.6961023035446	0.729975239198978
chr22	48059499	48059999	chr22:48059499-48059999	59.0899305874521	43.0234459757544	58.6482071645353	77.6659742664443	8.85490936667183	44.5306176431409	0.753607547012368
chr22	48073782	48074282	chr22:48073782-48074282	263.736719546366	224.785157674534	263.197078095746	305.754780740769	20.6670165548407	162.849198429512	0.617468810219592
chr22	48093500	48094000	chr22:48093500-48094000	57.3256666941408	41.469006362232	56.8808076734852	75.7096724706703	8.75284317424452	42.894334485056	0.748257054103136
chr22	48097502	48098002	chr22:48097502-48098002	18.5708469959146	11.4236519821614	18.2700399881765	27.4264301774073	4.09977237178366	20.5184209261921	1.10487264962691
chr22	48109674	48110174	chr22:48109674-48110174	49.7588342774632	35.2956770800408	49.3284985739631	66.6667424366905	8.02116114000155	38.4827334400213	0.773384947594139
chr22	48112537	48113037	chr22:48112537-48113037	67.7188538173561	50.078553617982	67.2575977232125	87.9797511539931	9.68616546193894	48.8782254876233	0.721781641778113
chr22	48170910	48171410	chr22:48170910-48171410	28.9525900630521	18.9867425533964	28.588355107663	40.9873504620172	5.63104779323061	26.4360409349957	0.913080345399981
chr22	48175177	48175677	chr22:48175177-48175677	218.720935163861	183.514202468064	218.185298538025	256.971363087639	18.7514904194655	136.05331358641	0.622040654153578
chr22	48233471	48233971	chr22:48233471-48233971	26.1533820256106	16.9146602729704	25.8046228324248	37.3730531102943	5.23735044486074	24.9363247944657	0.953464632988837
chr22	48246606	48247106	chr22:48246606-48247106	18.5876968247911	11.4418810558027	18.2873731778492	27.4391583380832	4.09831963756365	20.5702469973104	1.10665926990347
chr22	48485836	48486336	chr22:48485836-48486336	20.4646343409203	12.7942308135726	20.1525657440654	29.9074511156315	4.38317409543102	21.7986971007287	1.0651886927264
chr22	48888155	48888655	chr22:48888155-48888655	22.3517812834924	14.0534329582816	22.0182340408664	32.5445566288528	4.7356904315779	22.2770494031411	0.996656558177468
chr22	49599408	49599908	chr22:49599408-49599908	21.1616277374535	13.8701205389762	20.8947984316981	29.9687664244758	4.12047361106954	26.3756922181129	1.2463924110824
chr22	49677919	49678419	chr22:49677919-49678419	22.0624845390862	14.6570912559617	21.800140316537	30.9580753157431	4.1714797267527	27.9723247897081	1.26786830105884
chr22	49701019	49701519	chr22:49701019-49701519	21.1405811096914	13.9588275999766	20.8823500196097	29.789149603908	4.05137855243707	27.2287806044573	1.28798638330594
chr22	49764934	49765434	chr22:49764934-49765434	60.5547547106622	46.4733678139797	60.2317898582008	76.471150407888	7.66336968952188	62.4391446008942	1.03111877670442
chr22	49768523	49769023	chr22:49768523-49769023	54.168824714322	41.0361504634009	53.8528564721767	69.0967201739301	7.16942005916257	57.0861524025304	1.05385621164192
chr22	49816218	49816718	chr22:49816218-49816718	19.1454184785803	12.6795350932597	18.9146112919689	26.9223506468741	3.64494376653475	27.5897688613931	1.44106376636584
chr22	49822634	49823134	chr22:49822634-49823134	19.136203221858	12.6899995527282	18.9068274936433	26.885328116788	3.6327256661083	27.7489365719757	1.45007534933993
chr22	49839183	49839683	chr22:49839183-49839683	45.6176509386493	34.2474885380048	45.3351997959671	58.5925799066193	6.22070784199956	53.7757189543633	1.17883577623683
chr22	49844232	49844732	chr22:49844232-49844732	50.0993123742464	38.0904223171055	49.8141330606209	63.7285004848931	6.55023642978679	58.4991530041026	1.1676637908143
chr22	49856534	49857034	chr22:49856534-49857034	39.1798261743313	28.9504688536659	38.9116385573053	50.9328723854809	5.61795122329956	48.6372578182413	1.241385237439
chr22	49874932	49875432	chr22:49874932-49875432	84.0041672097537	68.0421385972544	83.7126086869468	101.622879813547	8.57449465000843	95.9808505143955	1.1425724901806
chr22	49883872	49884372	chr22:49883872-49884372	16.2779142057255	10.7009972528596	16.0752682711028	23.0058984561858	3.14932712903164	26.7154172611856	1.6412064176987
chr22	49893150	49893650	chr22:49893150-49893650	15.3452005314568	10.0274756738104	15.1492101451324	21.7761737977684	3.00722567339071	26.038328128009	1.69683857012048
chr22	49895839	49896339	chr22:49895839-49896339	32.6298291196096	23.7610357921337	32.3860992595491	42.8833228914316	4.887803103545	44.5658499010244	1.36580089762841
chr22	49897072	49897572	chr22:49897072-49897572	21.730169779776	14.9567287563169	21.5109771775472	29.7487813311423	3.78355392595656	32.9857514775688	1.51797026032757
chr22	49919412	49919912	chr22:49919412-49919912	23.4642916840138	16.4434383473331	23.2480242537066	31.7137401050701	3.9049926555349	36.105590702163	1.53874624422444
chr22	50050993	50051493	chr22:50050993-50051493	62.0876923092822	55.540403021684	62.0244247546427	68.9945119874101	3.43315414362774	327.057739132801	5.26767426793064
chr22	50098150	50098650	chr22:50098150-50098650	131.450813939788	115.255581399991	131.266187252342	148.695208752912	8.53382691736087	237.267852025625	1.80499340334483
chr22	50117698	50118198	chr22:50117698-50118198	27.1370991895093	20.3774500331813	26.9693018991461	34.8501010787493	3.69807343932513	53.8487691870282	1.9843229672774
chr22	50118404	50118904	chr22:50118404-50118904	39.8191612952588	31.2893657584408	39.6409544278861	49.3615188811928	4.61575474636795	74.4215595565278	1.86898862597061
chr22	50145577	50146077	chr22:50145577-50146077	39.4688907350763	30.9156819040262	39.2878400840282	49.0508154305167	4.6319762819134	72.6067818233186	1.83959519690257
chr22	50153852	50154352	chr22:50153852-50154352	9.66909505959818	6.2680965186778	9.54139596080075	13.7954270825698	1.9269328177566	25.179002052964	2.60407017386489
chr22	50154380	50154880	chr22:50154380-50154880	12.3557165620575	8.30330016916184	12.2161852501759	17.2007331403507	2.27652882576858	29.4570713471935	2.38408441948658
chr22	50160862	50161362	chr22:50160862-50161362	30.0926663073781	22.8497889337295	29.9198549682687	38.3174007790247	3.95185053759175	57.9856215858429	1.92690208948437
chr22	50179587	50180087	chr22:50179587-50180087	94.2899401187913	80.4270723109741	94.098821457961	109.238835830153	7.35399479005382	164.393288889482	1.74348704307555
chr22	50199923	50200423	chr22:50199923-50200423	38.7829166911558	30.5387733403855	38.6121677412423	47.9972493040444	4.45893216946992	75.6517890847101	1.95064723179941
chr22	50201732	50202232	chr22:50201732-50202232	310.033456237276	284.420348926535	309.841918352784	336.735032049853	13.3479976329295	539.491841849449	1.74010846570237
chr22	50219666	50220166	chr22:50219666-50220166	22.1259021206007	16.3814274849341	21.9762787791525	28.7204538546017	3.15336517917103	49.2326755797115	2.22511494949951
chr22	50232411	50232911	chr22:50232411-50232911	64.7402075366593	54.1041943794828	64.5747368468858	76.3164855445609	5.67031547947693	130.356811665834	2.01353712979711
chr22	50241698	50242477	chr22:50241698-50242477	16.7125053045408	12.0426726932607	16.5799169487172	22.1355975151673	2.58014251214445	41.9561594418832	2.510464988782
chr22	50246978	50247478	chr22:50246978-50247478	157.931584238379	141.146220276389	157.768033770124	175.646355492898	8.803615230202	321.822109763341	2.03773115628087
chr22	50248811	50249311	chr22:50248811-50249311	23.6858701549467	17.9321926666215	23.5471250783138	30.2278479660063	3.14153595150981	56.8453074990098	2.39996703212265
chr22	50265066	50265566	chr22:50265066-50265566	21.7392485740986	16.4652575143807	21.6122599244807	27.7347445596456	2.87933800784187	57.0037933201966	2.62216024283904
chr22	50265904	50266404	chr22:50265904-50266404	79.7598920706384	68.6633204889342	79.6157721999325	91.6754287545731	5.87333488823591	184.416419830779	2.31214480164357
chr22	50266758	50267258	chr22:50266758-50267258	17.3883393321389	12.8189513300638	17.2676319754108	22.6435150394006	2.51088650503278	47.9581087940851	2.75806147315311
chr22	50287977	50288477	chr22:50287977-50288477	19.4464643699477	14.9104142196839	19.3420594921708	24.5757171771736	2.46916509451487	62.0270385722439	3.18963063887848
chr22	50311879	50312379	chr22:50311879-50312379	76.2913615322828	69.0559279529145	76.2288401547141	83.8820878978345	3.78306889947337	406.688815806891	5.33073217778136
chr22	50324456	50324956	chr22:50324456-50324956	21.2530602671089	17.2014129749308	21.1787836303677	25.726759366534	2.17687273207857	95.3184274508658	4.48492717062398
chr22	50327750	50328250	chr22:50327750-50328250	51.4291648748615	44.7506805881667	51.3486213893355	58.5653439169443	3.52566594159282	212.782851056449	4.1373965837127
chr22	50329669	50330169	chr22:50329669-50330169	133.739417147076	122.685826884797	133.656719270893	145.262961600091	5.76051629526649	539.009020533039	4.0302928787276
chr22	50338908	50339408	chr22:50338908-50339408	70.4695959378529	63.0646952199226	70.398308611506	78.279601098941	3.88245818634643	329.450361484283	4.67507095932302
chr22	50353758	50354258	chr22:50353758-50354258	95.7854753613207	89.3019482186456	95.7460620591192	102.492981557652	3.36548579555196	810.035018048967	8.45676252055297
chr22	50355866	50356366	chr22:50355866-50356366	66.6302487530871	61.2490920915309	66.5909488367208	72.2347386035708	2.80294738447787	565.083957873605	8.48089221410004
chr22	50360604	50361104	chr22:50360604-50361104	52.1885198114201	46.9855498889057	52.1411351154184	57.6607637762653	2.72396962451616	367.067080901805	7.0334832685077
chr22	50364362	50364862	chr22:50364362-50364862	109.873533905348	101.141738118879	109.810825037746	118.96169130327	4.54667281539989	583.981084662191	5.31502959725744
chr22	50414760	50415260	chr22:50414760-50415260	56.6183661805993	48.0617890124948	56.4968275013489	65.8655812691842	4.54443254339679	155.222739280614	2.74156161245434
chr22	50417995	50418495	chr22:50417995-50418495	50.9540445199309	42.8475145608903	50.8322760106384	59.7525119790523	4.31529021623334	139.423925794917	2.73626808447719
chr22	50430336	50430836	chr22:50430336-50430836	23.2314486897919	18.0165406276392	23.116561032162	29.0991305983355	2.83092043018176	67.3437444414124	2.89881812110167
chr22	50431670	50432170	chr22:50431670-50432170	19.6259073860452	14.9142090276252	19.5138164557642	24.9744702500654	2.57029482501648	58.3033630648926	2.97073464773143
chr22	50437381	50437881	chr22:50437381-50437881	69.1788555038983	59.4468517610976	69.0509348198514	79.6377708589993	5.15334554593105	180.205572846835	2.60492272579849
chr22	50438127	50438627	chr22:50438127-50438627	21.4955375979182	16.5026027406142	21.3811692698107	27.1382861762123	2.71703078420368	62.5903678975094	2.91178425347088
chr22	50440326	50440826	chr22:50440326-50440826	44.9304725418185	37.2570871134868	44.8059067917597	53.311680171478	4.09862207926475	120.172811496435	2.67463938610006
chr22	50468665	50469165	chr22:50468665-50469165	37.4219138770328	30.5263028735659	37.3001833179708	45.0092239180685	3.69785235209239	102.412473759862	2.73669791706501
chr22	50500073	50500573	chr22:50500073-50500573	16.2762558459379	12.166806810571	16.1726362877389	20.9744229202475	2.25064322992962	52.299279140048	3.21322542697069
chr22	50517071	50517571	chr22:50517071-50517571	30.5612163886265	24.689956773552	30.4526534197079	37.0493469132673	3.155909929991	93.7760794561801	3.06846685235603
chr22	50524022	50524522	chr22:50524022-50524522	85.8571911954782	75.5812749286173	85.7436101561053	96.7785467177692	5.40944919666413	251.911074377545	2.93407076180722
chr22	50530105	50530605	chr22:50530105-50530605	17.3267360922034	13.2114819096222	17.2300358319782	21.9914127167539	2.24310664871168	59.6669276553441	3.44363343089139
chr22	50541347	50541847	chr22:50541347-50541847	28.9230740851466	23.4650130743154	28.8241395081189	34.9432988873287	2.930822852034	97.3889675445763	3.36717208059811
chr22	50542429	50542929	chr22:50542429-50542929	108.78548177259	97.5530003415087	108.679330233995	120.621191304618	5.8863619491312	341.545016269735	3.13961946671999
chr22	50544072	50544572	chr22:50544072-50544572	82.6150369312626	72.9445329129339	82.5106484432585	92.8787436577143	5.08704224005361	263.74699189607	3.19248168000593
chr22	50555567	50556067	chr22:50555567-50556067	174.140423442206	160.254562024142	174.040349124734	188.594986561776	7.23092648145141	579.97770666678	3.330517379035
chr22	50557009	50557509	chr22:50557009-50557509	673.86823142629	646.216020682658	673.767720144469	702.091636275232	14.2548050963019	2234.74203475863	3.31628934343534
chr22	50578469	50578969	chr22:50578469-50578969	105.35510332014	95.5094511793416	105.271334060296	115.676794896977	5.14590166563487	419.168066029623	3.97862137495047
chr22	50585058	50585558	chr22:50585058-50585558	43.3853991603795	37.4357361810241	43.3093161276557	49.767406929055	3.14734385927696	190.019778393648	4.37980938451704
chr22	50587444	50587944	chr22:50587444-50587944	81.4093600165972	73.1894804421048	81.3334907596731	90.0603830738888	4.30493635858741	357.61457466798	4.39279432481808
chr22	50606054	50606554	chr22:50606054-50606554	26.9481348361307	23.0356850867846	26.894926461719	31.1629406956633	2.07439475859096	168.761979396582	6.2624734670065
chr22	50608439	50608939	chr22:50608439-50608939	35.3482577060371	30.9570453984003	35.297753245256	40.0264671251563	2.31454040414719	233.241857852853	6.59839757287439
chr22	50623978	50624478	chr22:50623978-50624478	109.619060890628	103.831879009005	109.591833696133	115.560971218366	2.99236595141032	1341.96980873833	12.2421210128526
chr22	50628731	50629231	chr22:50628731-50629231	233.733426648732	225.394497588917	233.707145579463	242.221708223832	4.29286169809556	2964.47544810162	12.6831471672933
chr22	50639090	50639590	chr22:50639090-50639590	141.754760000979	134.213040950506	141.718995715416	149.49972259569	3.89999430480374	1321.13548133293	9.31986679899716
chr22	50643102	50643602	chr22:50643102-50643602	23.9250105015118	20.8764100189804	23.888982011401	27.178346210844	1.60830339859811	221.293325279297	9.24945572188208
chr22	50644999	50645499	chr22:50644999-50645499	15.8611779953597	13.3684846461165	15.8242322171172	18.5638125564982	1.32617538636365	143.043771181737	9.01848344578101
chr22	50657761	50658261	chr22:50657761-50658261	44.5564706808565	39.8309685757995	44.5105306706451	49.5430358590699	2.47828598659599	323.235255681244	7.2545076111722
chr22	50679539	50680039	chr22:50679539-50680039	92.2367801640493	86.9079243679183	92.2092734590468	97.7219525308831	2.75894788130181	1117.68976834156	12.1176147557804
chr22	50682755	50683255	chr22:50682755-50683255	74.4095483907083	69.7786915991501	74.3837390769223	79.1870754568677	2.40036113792622	960.957462342333	12.9144375033236
chr22	50683261	50683761	chr22:50683261-50683761	203.844097714737	196.15413447274	203.818444218463	211.679846967444	3.96084491691635	2648.62580105772	12.9933897068938
chr22	50688808	50689308	chr22:50688808-50689308	46.1705011633357	42.6896327964696	46.1468371135848	49.7858477605358	1.81053638232068	650.301363761238	14.0847802682646
chr22	50689462	50689962	chr22:50689462-50689962	163.490751991142	156.787353056598	163.466406439689	170.332503908134	3.45559455408568	2238.41610088301	13.6913927767871
chr22	50691902	50692402	chr22:50691902-50692402	33.3877904440838	30.4165772237474	33.3637748167903	36.4954787703325	1.55106225400222	463.358249744406	13.8780746968092
chr22	50699344	50699844	chr22:50699344-50699844	66.8207144490807	62.6361278757009	66.7972416666836	71.1386931339338	2.16926214896327	948.851291013215	14.1999572862434
chr22	50700051	50700551	chr22:50700051-50700551	60.6263875810343	56.635244850411	60.6028137180297	64.7514966572563	2.07072234278252	857.195029727087	14.1389758474616
chr22	50700848	50701348	chr22:50700848-50701348	117.847604653528	112.226466881642	117.823773685654	123.604170814396	2.90268331354694	1648.32257430054	13.9868992598246
chr22	50707983	50708483	chr22:50707983-50708483	38.7046752212527	35.1984110073788	38.6758009404761	42.3750249482008	1.83116195722266	446.759031419368	11.5427665744642
chr22	50708817	50709317	chr22:50708817-50709317	86.4042358856237	80.9912811181143	86.3738613608322	91.9898042738127	2.80605686429045	948.150181180987	10.9734224423452
chr22	50710045	50710545	chr22:50710045-50710545	126.180313279902	119.452812701851	126.148339941814	133.089513958523	3.4790462591983	1315.41501809212	10.4248831208255
chr22	50742926	50743426	chr22:50742926-50743426	38.8933716415575	35.2289851691075	38.8619262973682	42.7364539306583	1.91561331121045	412.226108544381	10.5988781930111
chr22	50744326	50744826	chr22:50744326-50744826	31.6589381801175	28.3667212534687	31.6275909140996	35.1292923402965	1.72562693102934	336.588186936598	10.6316953847802
chr22	50745870	50746370	chr22:50745870-50746370	75.7570327611672	70.5671038267385	75.7250875192205	81.128500970112	2.6945824947694	790.429142091631	10.4337394599859
chr22	50746898	50747398	chr22:50746898-50747398	164.130566138626	156.41972772183	164.098380117558	172.024313701863	3.98104034612019	1699.7528461611	10.3561017679393
chr22	50752699	50753199	chr22:50752699-50753199	126.525238467624	119.304339442682	126.488432201132	133.95530216553	3.73784533485933	1145.80753737903	9.05596030686183
chr22	50757416	50757916	chr22:50757416-50757916	149.407614746638	140.893162844356	149.364279785912	158.16833295209	4.40734856007063	1149.1869028697	7.69162204227987
chr22	50765360	50765860	chr22:50765360-50765860	47.6018019946789	42.7555191467059	47.5566787433139	52.7045073346569	2.5386869932069	351.583488604442	7.38592813447993
chr22	50768726	50769226	chr22:50768726-50769226	61.0951589829988	55.6538396430559	61.0511407793478	66.7866233081132	2.84058654496515	462.591392321269	7.57165379420644
chr22	50769328	50769828	chr22:50769328-50769828	157.123641844725	148.306214263987	157.079470151468	166.192090843328	4.5631450738005	1185.64458143879	7.54593368329945
chr22	50778945	50779445	chr22:50778945-50779445	81.795099725589	76.3923887610344	81.7630780485177	87.3797845408073	2.80324740123184	851.396216828062	10.408890259739
chr22	50780635	50781135	chr22:50780635-50781135	162.39776133954	154.699987009666	162.365335007651	170.279810447327	3.97472666565836	1669.34284300489	10.2793463976061
chr22	50781324	50781824	chr22:50781324-50781824	50.5720302592683	46.3415880810008	50.5399794252623	54.9846103065288	2.20526089510345	525.897159956023	10.3989726586
chr22	50786232	50786732	chr22:50786232-50786732	13.4439783391493	11.3438036181671	13.4130531367607	15.7198830613899	1.11704298136436	144.849112920605	10.7742744942396
chr22	50804975	50805475	chr22:50804975-50805475	20.1069385757709	16.5840908586507	20.0481189860552	23.9640159519132	1.88411748120051	113.887469755082	5.66408801249922
chr22	50837988	50838488	chr22:50837988-50838488	22.4689038666617	18.3625134869272	22.3970691377299	26.9834753917263	2.20111512262901	104.202528422489	4.63763292775042
chr22	50888095	50888595	chr22:50888095-50888595	24.9146739662506	20.9558362890753	24.8552892920297	29.2109592566278	2.10725810726802	139.789628258327	5.61073480020994
chr22	50891504	50892004	chr22:50891504-50892004	60.3464838897835	54.1293548508587	60.2878674269914	66.8967131738178	3.25787159691588	343.112084993197	5.68570135121468
chr22	50908191	50908691	chr22:50908191-50908691	69.591846141833	64.9012202168122	69.5634566253792	74.4438048536633	2.43463892304279	817.04804199038	11.7405714503561
chr22	50913319	50913819	chr22:50913319-50913819	98.3880978628081	92.8488704092376	98.3602559811188	104.085546738536	2.86676523889882	1177.87951630547	11.9717683529963
chr22	50919672	50920172	chr22:50919672-50920172	19.7551393988932	17.2307146905511	19.7252147389664	22.4496136970266	1.33190695179297	219.99480514888	11.1360796148675
chr22	50924981	50925481	chr22:50924981-50925481	17.9220443476086	15.2623602807638	17.8850041210291	20.7922084291802	1.41146862185617	161.225094277512	8.99590979413155
chr22	50936795	50937295	chr22:50936795-50937295	275.673932306023	265.227129023457	275.63892125752	286.319699535416	5.38103652757738	2624.57822984211	9.52058908104734
chr22	50946342	50946842	chr22:50946342-50946842	168.527555129377	161.557046485544	168.502012798025	175.643217904249	3.59362045770163	2199.2643124136	13.0498796515813
chr22	50946885	50947385	chr22:50946885-50947385	52.7793072294263	48.9253857196852	52.7539630838171	56.7772548070908	2.00331778687386	694.109002030972	13.1511578773429
chr22	50948234	50948734	chr22:50948234-50948734	41.8619743981147	38.4370688841665	41.836621255915	45.4309564195744	1.78447215932347	550.325785609889	13.1461975581035
chr22	50963838	50964338	chr22:50963838-50964338	216.175144183025	204.698419544216	216.120837736497	227.96048494395	5.9347017784952	1326.82520790323	6.13773249888465
chr22	50964565	50965065	chr22:50964565-50965065	50.9114149818889	45.4326410264706	50.8573239711322	56.6975712946603	2.87456301734888	313.67988305717	6.16128785987891
chr22	50965210	50965710	chr22:50965210-50965710	99.3739462930505	91.5341812205604	99.3180715969137	107.531235886734	4.08156018882422	592.778799533525	5.96513293117534
chr22	50971735	50972235	chr22:50971735-50972235	84.3696060963479	76.6664548530892	84.3056470876647	92.4362206592707	4.02377599326023	439.647342693674	5.21096829812869
chr22	50972610	50973110	chr22:50972610-50973110	118.519424885776	109.258543862745	118.454078200434	128.151657969851	4.82045993154753	604.508088514979	5.10049799092072
chr22	50977940	50978440	chr22:50977940-50978440	263.986250811192	249.461859974228	263.91495413986	278.915810608451	7.51443510792843	1234.15566046323	4.6750755263611
chr22	50979178	50979678	chr22:50979178-50979678	31.3251616143097	26.5547037245278	31.2568357861101	36.4838773493003	2.53445271243046	152.763027019245	4.87668759383066
chr22	51001152	51001652	chr22:51001152-51001652	178.493957223782	165.800670385341	178.412744348805	191.648762174533	6.59481176652156	732.558357959131	4.10410732863469
chr22	51001719	51002219	chr22:51001719-51002219	16.4051648305192	12.9292180634149	16.3334363326425	20.2886707631348	1.87960500133931	76.177727480815	4.64352100498853
chr22	51007018	51007518	chr22:51007018-51007518	17.7866118360138	14.1957465913071	17.7164307222942	21.7762505798959	1.93584468737924	84.4200165293152	4.74626743460967
chr22	51014431	51014931	chr22:51014431-51014931	43.6110362760826	38.189351816853	43.548630753222	49.3873469016363	2.85775959828446	232.884952758062	5.34004629662473
chr22	51021094	51021594	chr22:51021094-51021594	97.1133471560125	89.2352374445797	97.0555428576439	105.319946514048	4.10396031533974	559.952954980063	5.76597317854258
chr22	51038409	51038909	chr22:51038409-51038909	10.2675615858854	7.49324056982148	10.1918447742076	13.4720534839998	1.52819228179147	45.1417747210451	4.39654287373357
chr22	51050923	51051877	chr22:51050923-51051877	41.7079007658269	34.8850119688453	41.6022480069027	49.1311476205555	3.63670725030976	131.528533642748	3.1535639825468
chr22	51052030	51052530	chr22:51052030-51052530	67.3532194582396	58.4445802288012	67.2436396163225	76.8845534023333	4.70617516585667	204.823858791026	3.04104036063222
chr22	51058846	51059346	chr22:51058846-51059346	61.0285221120041	52.3548951545638	60.9132481956768	70.3571942025903	4.59479016769405	176.41452512849	2.89068977952179
chr22	51060492	51060992	chr22:51060492-51060992	17.9206328518838	13.6073691769284	17.8177199926469	22.8186134880871	2.35339894386851	57.9849886158015	3.23565518556484
chr22	51066484	51066984	chr22:51066484-51066984	47.5132698051954	39.770261393791	47.3938677390491	55.9347654454869	4.12640027119629	132.582783167594	2.79043693922107
chr22	51129886	51130386	chr22:51129886-51130386	39.5953286073329	31.7737932576479	39.4461426177675	48.2645539069842	4.21107350671454	88.4101766828901	2.23284361545914
chr22	51170401	51170901	chr22:51170401-51170901	23.9560734906488	18.0970267214014	23.8136750341561	30.6241750967292	3.20075491799716	56.0178492496426	2.33835687937379
chr22	51195445	51195945	chr22:51195445-51195945	82.3829079691934	72.1907997227879	82.2662008780562	93.2382173069223	5.37133948722768	235.238841053838	2.85543259946353
chr22	51198327	51198827	chr22:51198327-51198827	27.797963158635	22.2189338275506	27.6896424533051	33.9924787017523	3.00658913746784	85.4826115910931	3.07513939432427
chr22	51213507	51214007	chr22:51213507-51214007	21.3799316499773	15.8332651391221	21.2355859139784	27.7466911683594	3.04458993084816	49.312271876345	2.30647472048384
chr22	51221911	51222411	chr22:51221911-51222411	112.844564674371	97.8686447420715	112.659688723499	128.87105399569	7.91233283201928	203.400584150469	1.80248454799228
chr22	51225232	51225732	chr22:51225232-51225732	18.4243523596222	13.1969375925796	18.2732233118878	24.5103509540203	2.89235059135975	40.5772483819221	2.20237040574892
